date,1074
1999-02-19,9254.12
1999-02-22,9229.34
1999-02-23,9433.99
1999-02-24,9677.57
1999-02-25,9658.07
1999-02-26,9858.49
1999-03-01,10020.46
1999-03-02,9913.58
1999-03-03,9922.4
1999-03-04,9912.76
1999-03-05,10241.12
1999-03-08,10263.99
1999-03-09,10532.95
1999-03-10,10749.01
1999-03-11,10662.81
1999-03-12,10801.76
1999-03-15,10836.86
1999-03-16,10911.25
1999-03-17,10940.07
1999-03-18,10659.32
1999-03-19,11082.92
1999-03-22,11107.24
1999-03-23,11041.01
1999-03-24,10711.34
1999-03-25,10826.13
1999-03-26,10803.31
1999-03-29,10688.47
1999-03-30,10940.21
1999-03-31,10942.2
1999-04-01,11072.98
1999-04-07,11614.87
1999-04-08,11727.84
1999-04-09,11914.1
1999-04-12,11744.74
1999-04-13,11899.69
1999-04-14,11834.13
1999-04-15,11962.23
1999-04-16,12490.3
1999-04-19,12766.44
1999-04-20,12409.78
1999-04-21,12543.76
1999-04-22,12933.54
1999-04-23,12905.3
1999-04-26,13127.02
1999-04-27,13364.79
1999-04-28,13133.39
1999-04-29,13179.7
1999-04-30,13333.2
1999-05-03,13337.07
1999-05-04,13559.69
1999-05-05,13586.21
1999-05-06,13570.24
1999-05-07,12997.43
1999-05-10,13163.2
1999-05-11,12874.37
1999-05-12,13012.97
1999-05-13,13053.67
1999-05-14,12855.52
1999-05-17,12588.6
1999-05-18,12627.1
1999-05-19,12403.14
1999-05-20,12375.42
1999-05-21,12272.14
1999-05-24,12436.86
1999-05-25,12346.91
1999-05-26,12409.16
1999-05-27,12308.53
1999-05-28,12059.25
1999-05-31,12147.12
1999-06-01,12363.56
1999-06-02,12458.64
1999-06-03,12471.61
1999-06-04,12415.54
1999-06-07,12837.39
1999-06-08,12864.86
1999-06-09,12874.42
1999-06-10,12839.21
1999-06-11,12992.76
1999-06-14,13007.57
1999-06-15,12935.41
1999-06-16,13155.12
1999-06-17,13408.27
1999-06-21,13999.99
1999-06-22,14004.88
1999-06-23,13976.04
1999-06-24,13780.12
1999-06-25,13784.51
1999-06-28,13840.29
1999-06-29,13765.49
1999-06-30,13532.14
1999-07-02,14184.58
1999-07-05,14506.74
1999-07-06,14372.61
1999-07-07,14257.44
1999-07-08,14226.3
1999-07-09,14222.57
1999-07-12,14061.84
1999-07-13,13980.93
1999-07-14,13575.57
1999-07-15,13758.89
1999-07-16,13545.24
1999-07-19,13447.13
1999-07-20,13600.4
1999-07-21,13419.66
1999-07-22,13369.06
1999-07-23,13093.7
1999-07-26,12866.52
1999-07-27,13075.09
1999-07-28,13140.42
1999-07-29,13117.84
1999-07-30,13186.86
1999-08-02,13435.43
1999-08-03,13473.84
1999-08-04,13591.02
1999-08-05,13254.34
1999-08-06,13167.06
1999-08-09,12945.47
1999-08-10,12596.71
1999-08-11,12437.8
1999-08-12,12779.75
1999-08-13,12608.18
1999-08-16,12894.78
1999-08-17,12783.16
1999-08-18,12993.1
1999-08-19,13403.59
1999-08-20,13566.74
1999-08-23,13573.66
1999-08-24,13633.87
1999-08-25,13479.13
1999-08-26,13608.38
1999-08-27,13383.13
1999-08-30,13688.66
1999-08-31,13482.77
1999-09-01,13544.19
1999-09-02,13367.56
1999-09-03,13178.31
1999-09-06,13385.16
1999-09-07,13396.09
1999-09-08,13356.63
1999-09-09,13854.88
1999-09-10,13855.93
1999-09-13,13860.85
1999-09-14,13804.03
1999-09-15,13430.6
1999-09-17,13484.84
1999-09-20,13472.37
1999-09-21,13420.46
1999-09-22,13187.62
1999-09-23,13214.44
1999-09-24,13032.07
1999-09-27,12760.46
1999-09-28,12844.93
1999-09-29,12834.89
1999-09-30,12733.24
1999-10-04,12875.86
1999-10-05,12998.89
1999-10-06,13017.98
1999-10-07,13113.2
1999-10-08,13112.42
1999-10-11,12992.72
1999-10-12,12759.35
1999-10-13,12475.87
1999-10-14,12486.82
1999-10-15,12299.08
1999-10-19,12134.13
1999-10-20,12498.56
1999-10-21,12523.0
1999-10-22,12863.08
1999-10-25,13034.18
1999-10-26,12797.38
1999-10-27,12709.07
1999-10-28,12758.88
1999-10-29,13256.95
1999-11-01,13322.11
1999-11-02,13335.84
1999-11-03,13257.33
1999-11-04,13651.51
1999-11-05,13610.27
1999-11-08,13521.11
1999-11-09,13669.7
1999-11-10,13975.54
1999-11-11,14105.71
1999-11-12,14189.67
1999-11-15,14562.22
1999-11-16,14689.46
1999-11-17,14704.48
1999-11-18,14721.74
1999-11-19,15073.1
1999-11-22,15285.03
1999-11-23,15393.2
1999-11-24,15307.28
1999-11-25,14998.77
1999-11-26,15274.53
1999-11-29,15461.11
1999-11-30,15377.19
1999-12-01,15422.52
1999-12-02,15603.04
1999-12-03,15840.41
1999-12-06,16168.62
1999-12-07,16073.09
1999-12-08,15989.38
1999-12-09,16370.95
1999-12-10,16380.21
1999-12-13,16442.11
1999-12-14,16282.7
1999-12-15,15825.31
1999-12-16,15571.36
1999-12-17,15986.35
1999-12-20,16212.39
1999-12-21,16248.74
1999-12-22,16192.4
1999-12-23,16296.08
1999-12-24,16833.28
1999-12-28,16928.29
1999-12-29,16660.82
1999-12-30,16962.1
2000-01-03,17369.63
2000-01-04,17072.82
2000-01-05,15846.72
2000-01-06,15153.23
2000-01-07,15405.63
2000-01-10,15848.15
2000-01-11,15862.1
2000-01-12,15714.2
2000-01-13,15633.96
2000-01-14,15542.23
2000-01-17,15574.56
2000-01-18,15789.2
2000-01-19,15275.34
2000-01-20,15215.31
2000-01-21,15108.41
2000-01-24,15167.55
2000-01-25,15103.04
2000-01-26,15427.72
2000-01-27,15917.81
2000-01-28,16185.94
2000-01-31,15532.34
2000-02-01,15653.86
2000-02-02,15789.82
2000-02-03,15968.12
2000-02-08,16228.73
2000-02-09,16819.46
2000-02-10,16845.17
2000-02-11,17380.3
2000-02-14,17188.96
2000-02-15,16688.16
2000-02-16,17043.39
2000-02-17,16981.23
2000-02-18,16599.16
2000-02-21,16322.37
2000-02-22,16255.17
2000-02-23,16376.79
2000-02-24,17058.66
2000-02-25,17200.98
2000-02-28,16984.44
2000-02-29,17169.44
2000-03-01,16843.59
2000-03-02,16936.81
2000-03-03,17285.24
2000-03-06,17758.76
2000-03-07,17865.36
2000-03-08,17951.43
2000-03-09,17637.03
2000-03-10,17831.86
2000-03-13,17096.68
2000-03-14,16929.16
2000-03-15,16747.2
2000-03-16,16359.0
2000-03-17,17082.99
2000-03-20,17234.46
2000-03-21,17199.98
2000-03-22,17547.04
2000-03-23,17710.58
2000-03-24,17784.57
2000-03-27,18292.86
2000-03-28,18301.69
2000-03-29,18096.37
2000-03-30,17467.15
2000-03-31,17406.54
2000-04-03,16892.93
2000-04-05,16318.44
2000-04-06,16491.39
2000-04-07,16941.68
2000-04-10,16850.74
2000-04-11,16487.66
2000-04-12,16577.09
2000-04-13,16352.56
2000-04-14,16142.76
2000-04-17,14762.37
2000-04-18,15278.32
2000-04-19,15427.2
2000-04-20,15367.14
2000-04-25,15380.01
2000-04-26,15227.39
2000-04-27,15192.87
2000-04-28,15519.3
2000-05-02,15817.76
2000-05-03,15577.47
2000-05-04,15314.07
2000-05-05,15268.64
2000-05-08,14901.0
2000-05-09,14776.9
2000-05-10,14492.92
2000-05-12,15111.94
2000-05-15,14881.3
2000-05-16,15160.29
2000-05-17,14827.81
2000-05-18,14322.6
2000-05-19,14478.26
2000-05-22,14140.73
2000-05-23,14257.18
2000-05-24,13933.98
2000-05-25,13921.06
2000-05-26,13722.7
2000-05-29,13975.07
2000-05-30,13990.9
2000-05-31,14713.86
2000-06-01,14941.19
2000-06-02,15284.1
2000-06-05,15861.68
2000-06-07,15900.06
2000-06-08,15876.93
2000-06-09,16120.26
2000-06-12,16055.05
2000-06-13,15692.94
2000-06-14,15857.07
2000-06-15,16080.34
2000-06-16,16434.38
2000-06-19,16267.47
2000-06-20,16086.74
2000-06-21,16238.14
2000-06-22,15952.36
2000-06-23,15738.08
2000-06-26,15978.91
2000-06-27,16155.77
2000-06-28,16438.42
2000-06-29,16286.8
2000-06-30,16155.78
2000-07-03,16124.97
2000-07-04,16235.76
2000-07-05,16474.27
2000-07-06,16489.59
2000-07-07,16829.96
2000-07-10,17238.67
2000-07-11,17359.66
2000-07-12,17552.26
2000-07-13,17449.5
2000-07-14,17586.16
2000-07-17,17834.78
2000-07-18,17440.83
2000-07-19,17710.07
2000-07-20,17758.51
2000-07-21,17920.86
2000-07-24,17659.69
2000-07-25,17375.34
2000-07-26,17620.23
2000-07-27,17450.09
2000-07-28,17183.93
2000-07-31,16840.98
2000-08-01,16897.45
2000-08-02,17277.39
2000-08-03,17274.28
2000-08-04,17425.7
2000-08-07,17727.25
2000-08-08,17211.84
2000-08-09,17181.99
2000-08-10,17333.21
2000-08-11,17214.42
2000-08-14,16998.06
2000-08-15,17463.53
2000-08-16,17734.15
2000-08-17,17622.01
2000-08-18,17440.0
2000-08-21,17501.48
2000-08-22,17668.28
2000-08-23,17427.4
2000-08-24,17439.7
2000-08-25,17236.74
2000-08-28,17019.76
2000-08-29,17240.11
2000-08-30,17095.88
2000-08-31,17097.51
2000-09-01,17333.61
2000-09-04,17726.17
2000-09-05,17595.22
2000-09-06,17605.23
2000-09-07,17431.95
2000-09-08,17275.45
2000-09-11,17007.98
2000-09-12,16629.78
2000-09-14,16395.43
2000-09-15,16249.53
2000-09-18,15560.16
2000-09-19,15677.2
2000-09-20,15665.62
2000-09-21,15164.45
2000-09-22,14612.88
2000-09-25,15428.95
2000-09-26,15290.85
2000-09-27,15444.13
2000-09-28,15415.75
2000-09-29,15648.98
2000-10-03,15725.96
2000-10-04,15878.89
2000-10-05,16184.68
2000-10-09,15693.5
2000-10-10,15554.11
2000-10-11,15127.0
2000-10-12,15074.8
2000-10-13,14680.5
2000-10-16,14973.4
2000-10-17,14873.43
2000-10-18,14458.52
2000-10-19,14422.52
2000-10-20,15044.53
2000-10-23,15102.36
2000-10-24,14925.93
2000-10-25,15061.14
2000-10-26,14996.24
2000-10-27,14902.46
2000-10-30,14799.9
2000-10-31,14895.34
2000-11-01,15349.01
2000-11-02,15291.54
2000-11-03,15594.12
2000-11-06,15671.15
2000-11-07,15820.79
2000-11-08,15654.13
2000-11-09,15504.8
2000-11-10,15389.39
2000-11-13,14815.69
2000-11-14,15177.52
2000-11-15,15127.4
2000-11-16,15298.35
2000-11-17,15180.85
2000-11-20,15346.66
2000-11-21,15188.3
2000-11-22,14772.51
2000-11-23,14563.51
2000-11-24,14376.9
2000-11-27,14602.76
2000-11-28,14566.22
2000-11-29,14169.06
2000-11-30,13984.39
2000-12-01,14441.43
2000-12-04,14559.24
2000-12-05,14573.21
2000-12-06,15098.95
2000-12-07,15011.52
2000-12-08,15189.33
2000-12-11,15408.54
2000-12-12,15329.6
2000-12-13,15621.73
2000-12-14,15496.99
2000-12-15,14975.53
2000-12-18,15024.53
2000-12-19,15188.04
2000-12-20,14930.72
2000-12-21,14659.32
2000-12-22,14738.21
2000-12-27,14748.36
2000-12-28,14796.55
2000-12-29,15095.53
2001-01-02,14869.94
2001-01-03,14589.58
2001-01-04,15235.03
2001-01-05,15447.61
2001-01-08,15436.53
2001-01-09,15500.59
2001-01-10,15435.79
2001-01-11,15090.77
2001-01-12,15295.42
2001-01-15,15293.76
2001-01-16,15363.15
2001-01-17,15261.48
2001-01-18,15528.75
2001-01-19,15933.55
2001-01-22,16099.27
2001-01-23,16044.21
2001-01-29,16099.82
2001-01-30,15893.07
2001-01-31,16102.35
2001-02-01,16163.99
2001-02-02,16071.29
2001-02-05,15830.84
2001-02-06,15913.24
2001-02-07,16049.47
2001-02-08,15909.4
2001-02-09,15873.28
2001-02-12,15693.11
2001-02-13,15842.72
2001-02-14,15860.42
2001-02-15,15756.37
2001-02-16,15630.31
2001-02-19,15490.96
2001-02-20,15527.36
2001-02-21,15351.51
2001-02-22,15098.64
2001-02-23,15280.56
2001-02-26,15230.22
2001-02-27,14834.73
2001-02-28,14787.87
2001-03-01,14360.56
2001-03-02,13966.43
2001-03-05,14135.26
2001-03-06,14321.05
2001-03-07,14177.36
2001-03-08,14208.95
2001-03-09,14194.35
2001-03-12,13776.72
2001-03-13,13493.03
2001-03-14,13330.84
2001-03-15,13504.17
2001-03-16,13522.04
2001-03-19,13457.69
2001-03-20,13223.86
2001-03-21,13154.44
2001-03-22,12621.85
2001-03-23,12583.36
2001-03-26,12950.49
2001-03-27,12707.9
2001-03-28,12851.41
2001-03-29,12677.89
2001-03-30,12760.64
2001-04-02,12727.3
2001-04-03,12584.22
2001-04-04,12063.71
2001-04-06,12386.61
2001-04-09,12202.1
2001-04-10,12213.67
2001-04-11,12706.43
2001-04-12,12989.47
2001-04-17,12606.45
2001-04-18,12972.8
2001-04-19,13548.95
2001-04-20,13448.13
2001-04-23,13311.5
2001-04-24,13274.61
2001-04-25,13249.55
2001-04-26,13293.11
2001-04-27,13386.04
2001-05-02,13814.24
2001-05-03,13718.14
2001-05-04,13390.99
2001-05-07,13600.78
2001-05-08,13540.81
2001-05-09,13585.14
2001-05-10,13604.8
2001-05-11,13636.61
2001-05-14,13259.17
2001-05-15,13250.09
2001-05-16,13335.95
2001-05-17,13637.87
2001-05-18,13459.18
2001-05-21,13721.27
2001-05-22,13877.95
2001-05-23,13839.1
2001-05-24,13810.6
2001-05-25,13753.99
2001-05-28,13739.07
2001-05-29,13629.61
2001-05-30,13420.13
2001-05-31,13174.41
2001-06-01,13141.38
2001-06-04,13207.49
2001-06-05,13451.87
2001-06-06,13576.01
2001-06-07,13703.43
2001-06-08,13808.89
2001-06-11,13675.49
2001-06-12,13526.68
2001-06-13,13523.31
2001-06-14,13248.89
2001-06-15,13102.5
2001-06-18,12948.78
2001-06-19,13133.66
2001-06-20,12918.71
2001-06-21,13187.45
2001-06-22,13174.02
2001-06-26,12961.97
2001-06-27,13004.21
2001-06-28,12827.82
2001-06-29,13042.53
2001-07-03,13184.75
2001-07-04,13207.53
2001-07-05,12999.48
2001-07-09,12690.68
2001-07-10,12713.9
2001-07-11,12527.9
2001-07-12,12660.2
2001-07-13,12612.79
2001-07-16,12624.53
2001-07-17,12495.25
2001-07-18,12427.19
2001-07-19,12279.82
2001-07-20,12301.68
2001-07-23,12236.45
2001-07-24,12214.1
2001-07-26,12039.82
2001-07-27,12182.17
2001-07-30,12086.66
2001-07-31,12316.69
2001-08-01,12478.74
2001-08-02,12466.37
2001-08-03,12269.08
2001-08-06,12148.81
2001-08-07,12007.19
2001-08-08,11958.01
2001-08-09,11716.77
2001-08-10,11765.81
2001-08-13,11694.29
2001-08-14,11991.01
2001-08-15,12141.63
2001-08-16,11832.44
2001-08-17,11754.81
2001-08-20,11458.7
2001-08-21,11440.35
2001-08-22,11188.57
2001-08-23,11345.38
2001-08-24,11110.3
2001-08-27,11234.72
2001-08-28,11300.53
2001-08-29,11242.41
2001-08-30,11315.63
2001-08-31,11090.48
2001-09-03,10902.64
2001-09-04,11136.86
2001-09-05,10943.14
2001-09-06,10664.32
2001-09-07,10384.2
2001-09-10,10366.32
2001-09-11,10417.36
2001-09-12,9493.62
2001-09-13,9569.21
2001-09-14,9655.45
2001-09-17,9319.35
2001-09-18,9307.9
2001-09-19,9558.15
2001-09-20,9317.98
2001-09-21,8934.2
2001-09-24,9284.5
2001-09-25,9210.06
2001-09-26,9371.75
2001-09-27,9600.79
2001-09-28,9950.7
2001-10-03,9897.14
2001-10-04,10286.39
2001-10-05,10277.38
2001-10-08,9967.83
2001-10-09,10358.93
2001-10-10,10298.24
2001-10-11,10522.61
2001-10-12,10274.13
2001-10-15,10130.59
2001-10-16,10148.49
2001-10-17,10260.81
2001-10-18,9880.61
2001-10-19,9825.84
2001-10-22,9797.54
2001-10-23,10219.84
2001-10-24,10243.46
2001-10-26,10404.74
2001-10-29,10178.09
2001-10-30,10076.43
2001-10-31,10073.97
2001-11-01,10158.85
2001-11-02,10186.06
2001-11-05,10430.72
2001-11-06,10356.05
2001-11-07,10269.79
2001-11-08,10538.62
2001-11-09,10609.25
2001-11-12,10592.45
2001-11-13,10662.84
2001-11-14,10950.04
2001-11-15,11239.39
2001-11-16,11287.37
2001-11-19,11360.26
2001-11-20,11225.79
2001-11-21,11173.92
2001-11-22,11253.3
2001-11-23,11322.36
2001-11-26,11391.96
2001-11-27,11261.54
2001-11-28,11066.19
2001-11-29,11090.74
2001-11-30,11279.25
2001-12-03,11155.15
2001-12-04,11427.28
2001-12-05,11678.44
2001-12-06,11745.84
2001-12-07,11832.18
2001-12-10,11784.92
2001-12-11,11693.05
2001-12-12,11847.06
2001-12-13,11529.54
2001-12-14,11466.11
2001-12-17,11465.78
2001-12-18,11486.93
2001-12-19,11565.23
2001-12-20,11601.14
2001-12-21,11158.1
2001-12-24,11209.78
2001-12-27,11359.5
2001-12-28,11431.59
2001-12-31,11397.21
2002-01-02,11350.85
2002-01-03,11423.52
2002-01-04,11702.15
2002-01-07,11892.64
2002-01-08,11713.71
2002-01-09,11440.72
2002-01-10,11256.07
2002-01-11,11166.46
2002-01-14,11209.43
2002-01-15,11013.59
2002-01-16,10964.09
2002-01-17,11013.84
2002-01-18,10972.96
2002-01-21,11000.25
2002-01-22,10797.69
2002-01-23,10762.14
2002-01-24,10741.46
2002-01-25,10772.96
2002-01-28,10767.46
2002-01-29,11014.24
2002-01-30,10756.96
2002-01-31,10725.3
2002-02-01,10691.25
2002-02-04,10721.32
2002-02-05,10609.19
2002-02-06,10592.39
2002-02-07,10409.68
2002-02-08,10518.99
2002-02-11,10832.74
2002-02-15,10961.88
2002-02-18,11002.81
2002-02-19,10840.49
2002-02-20,10749.06
2002-02-21,10788.9
2002-02-22,10664.94
2002-02-25,10496.02
2002-02-26,10547.13
2002-02-27,10648.71
2002-02-28,10482.55
2002-03-01,10425.31
2002-03-04,10704.12
2002-03-05,10985.84
2002-03-06,11003.0
2002-03-07,11188.07
2002-03-08,11233.23
2002-03-11,11318.87
2002-03-12,11273.86
2002-03-13,11217.5
2002-03-14,11303.7
2002-03-15,11210.25
2002-03-18,11230.64
2002-03-19,11222.83
2002-03-20,11036.6
2002-03-21,10829.73
2002-03-22,10863.07
2002-03-25,10836.64
2002-03-26,10786.92
2002-03-27,10987.88
2002-03-28,11032.92
2002-04-02,10878.04
2002-04-03,10833.96
2002-04-04,10831.37
2002-04-08,10723.68
2002-04-09,10733.69
2002-04-10,10643.14
2002-04-11,10744.91
2002-04-12,10710.48
2002-04-15,10727.98
2002-04-16,10788.53
2002-04-17,11090.58
2002-04-18,11217.15
2002-04-19,11252.18
2002-04-22,11139.42
2002-04-23,11345.18
2002-04-24,11396.57
2002-04-25,11409.29
2002-04-26,11385.08
2002-04-29,11361.49
2002-04-30,11497.58
2002-05-02,11780.11
2002-05-03,11797.22
2002-05-06,11736.2
2002-05-07,11795.98
2002-05-08,11768.31
2002-05-09,11700.76
2002-05-10,11645.9
2002-05-13,11733.43
2002-05-14,11690.31
2002-05-15,11838.36
2002-05-16,11832.77
2002-05-17,11974.61
2002-05-21,11753.29
2002-05-22,11795.2
2002-05-23,11624.75
2002-05-24,11626.78
2002-05-27,11564.73
2002-05-28,11581.58
2002-05-29,11430.66
2002-05-30,11380.61
2002-05-31,11301.94
2002-06-03,11359.8
2002-06-04,11312.55
2002-06-05,11402.38
2002-06-06,11380.77
2002-06-07,11284.71
2002-06-10,11288.84
2002-06-11,11215.02
2002-06-12,11147.97
2002-06-13,11119.33
2002-06-14,10955.52
2002-06-17,10832.26
2002-06-18,10852.04
2002-06-19,10673.11
2002-06-20,10754.41
2002-06-21,10591.86
2002-06-24,10657.34
2002-06-25,10608.98
2002-06-26,10355.92
2002-06-27,10518.09
2002-06-28,10598.55
2002-07-02,10491.76
2002-07-03,10579.19
2002-07-04,10765.58
2002-07-05,10806.16
2002-07-08,10803.45
2002-07-09,10843.15
2002-07-10,10787.54
2002-07-11,10558.81
2002-07-12,10648.3
2002-07-15,10581.66
2002-07-16,10421.49
2002-07-17,10335.12
2002-07-18,10452.55
2002-07-19,10325.46
2002-07-22,10110.25
2002-07-23,10313.89
2002-07-24,9971.99
2002-07-25,9884.78
2002-07-26,9773.12
2002-07-29,9975.99
2002-07-30,10155.25
2002-07-31,10267.36
2002-08-01,10180.02
2002-08-02,9991.72
2002-08-05,9862.33
2002-08-06,9700.69
2002-08-07,9977.74
2002-08-08,9962.24
2002-08-09,10014.06
2002-08-12,9959.92
2002-08-13,10100.06
2002-08-14,9961.35
2002-08-15,10219.71
2002-08-16,10265.04
2002-08-19,10246.96
2002-08-20,10408.01
2002-08-21,10402.26
2002-08-22,10424.0
2002-08-23,10245.69
2002-08-26,10226.33
2002-08-27,10185.52
2002-08-28,10130.25
2002-08-29,10061.15
2002-08-30,10043.87
2002-09-02,9896.98
2002-09-03,9790.68
2002-09-04,9820.33
2002-09-05,9726.03
2002-09-06,9720.86
2002-09-09,9723.67
2002-09-10,9885.77
2002-09-11,9882.35
2002-09-12,9896.33
2002-09-13,9650.97
2002-09-16,9505.13
2002-09-17,9707.25
2002-09-18,9474.07
2002-09-19,9427.79
2002-09-20,9328.22
2002-09-23,9314.87
2002-09-24,9197.68
2002-09-25,9124.91
2002-09-26,9270.71
2002-09-27,9294.46
2002-09-30,9072.21
2002-10-02,9109.35
2002-10-03,8984.32
2002-10-04,9051.37
2002-10-07,8931.4
2002-10-08,8977.41
2002-10-09,8977.35
2002-10-10,8858.69
2002-10-11,8965.73
2002-10-15,9336.39
2002-10-16,9459.14
2002-10-17,9576.15
2002-10-18,9613.07
2002-10-21,9570.36
2002-10-22,9548.94
2002-10-23,9804.65
2002-10-24,9787.49
2002-10-25,9722.54
2002-10-28,9853.74
2002-10-29,9634.67
2002-10-30,9560.46
2002-10-31,9441.25
2002-11-01,9407.68
2002-11-04,9720.83
2002-11-05,9655.36
2002-11-06,9773.98
2002-11-07,9844.38
2002-11-08,9770.68
2002-11-11,9580.88
2002-11-12,9613.84
2002-11-13,9616.62
2002-11-14,9740.84
2002-11-15,9865.65
2002-11-18,9920.09
2002-11-19,9965.03
2002-11-20,9971.15
2002-11-21,10003.54
2002-11-22,10065.32
2002-11-25,10100.77
2002-11-26,9995.52
2002-11-27,9944.59
2002-11-28,10147.84
2002-11-29,10069.87
2002-12-02,10205.16
2002-12-03,10227.01
2002-12-04,9995.73
2002-12-05,10009.88
2002-12-06,9973.75
2002-12-09,9868.48
2002-12-10,9857.99
2002-12-11,9784.57
2002-12-12,9813.78
2002-12-13,9728.43
2002-12-16,9656.46
2002-12-17,9715.74
2002-12-18,9548.65
2002-12-19,9557.86
2002-12-20,9628.69
2002-12-23,9570.93
2002-12-24,9561.63
2002-12-27,9445.26
2002-12-30,9272.33
2002-12-31,9321.29
2003-01-02,9365.52
2003-01-03,9583.85
2003-01-06,9665.96
2003-01-07,9652.4
2003-01-08,9688.21
2003-01-09,9675.41
2003-01-10,9721.5
2003-01-13,9834.08
2003-01-14,9796.31
2003-01-15,9873.49
2003-01-16,9743.23
2003-01-17,9614.59
2003-01-20,9552.02
2003-01-21,9568.47
2003-01-22,9560.29
2003-01-23,9584.7
2003-01-24,9460.6
2003-01-27,9298.67
2003-01-28,9325.6
2003-01-29,9240.79
2003-01-30,9258.95
2003-02-04,9252.71
2003-02-05,9180.47
2003-02-06,9126.15
2003-02-07,9150.95
2003-02-10,9232.14
2003-02-11,9194.91
2003-02-12,9314.9
2003-02-13,9173.43
2003-02-14,9201.76
2003-02-17,9383.68
2003-02-18,9397.05
2003-02-19,9427.63
2003-02-20,9390.48
2003-02-21,9250.86
2003-02-24,9239.47
2003-02-25,9148.48
2003-02-26,9116.28
2003-02-27,9134.24
2003-02-28,9122.66
2003-03-03,9268.77
2003-03-04,9181.89
2003-03-05,9109.18
2003-03-06,8962.26
2003-03-07,8907.1
2003-03-10,8861.87
2003-03-11,8859.93
2003-03-12,8874.99
2003-03-13,8787.45
2003-03-14,8956.17
2003-03-17,8804.16
2003-03-18,9041.51
2003-03-19,9158.59
2003-03-20,9194.56
2003-03-21,9179.19
2003-03-24,9108.45
2003-03-25,9062.15
2003-03-26,9047.09
2003-03-27,8872.32
2003-03-28,8863.36
2003-03-31,8634.45
2003-04-01,8596.89
2003-04-02,8706.19
2003-04-03,8648.16
2003-04-04,8822.45
2003-04-07,8962.21
2003-04-08,8806.66
2003-04-09,8636.85
2003-04-10,8625.72
2003-04-11,8645.65
2003-04-14,8533.55
2003-04-15,8632.1
2003-04-16,8675.14
2003-04-17,8579.14
2003-04-22,8571.91
2003-04-23,8519.6
2003-04-24,8442.11
2003-04-25,8409.01
2003-04-28,8435.04
2003-04-29,8744.22
2003-04-30,8717.22
2003-05-02,8808.18
2003-05-05,8916.49
2003-05-06,8889.22
2003-05-07,8901.05
2003-05-09,9084.16
2003-05-12,9155.57
2003-05-13,9119.04
2003-05-14,9103.69
2003-05-15,9126.07
2003-05-16,9093.18
2003-05-19,9087.37
2003-05-20,9050.4
2003-05-21,9059.8
2003-05-22,9131.49
2003-05-23,9303.73
2003-05-26,9492.71
2003-05-27,9420.81
2003-05-28,9510.62
2003-05-29,9508.55
2003-05-30,9487.38
2003-06-02,9637.53
2003-06-03,9662.82
2003-06-05,9639.01
2003-06-06,9694.63
2003-06-09,9733.51
2003-06-10,9703.72
2003-06-11,9662.06
2003-06-12,9736.84
2003-06-13,9855.64
2003-06-16,9862.28
2003-06-17,10030.37
2003-06-18,9970.3
2003-06-19,9980.11
2003-06-20,9930.31
2003-06-23,9734.29
2003-06-24,9629.35
2003-06-25,9628.99
2003-06-26,9606.11
2003-06-27,9657.21
2003-06-30,9577.12
2003-07-02,9602.62
2003-07-03,9646.1
2003-07-04,9636.81
2003-07-07,9892.4
2003-07-08,9992.87
2003-07-09,10027.41
2003-07-10,9983.31
2003-07-11,9911.5
2003-07-14,10122.4
2003-07-15,10135.55
2003-07-16,10207.17
2003-07-17,10096.72
2003-07-18,10140.84
2003-07-21,10102.86
2003-07-22,10008.71
2003-07-23,9900.56
2003-07-24,9923.14
2003-07-25,9939.2
2003-07-28,10134.88
2003-07-29,10198.6
2003-07-30,10121.22
2003-07-31,10134.83
2003-08-01,10248.6
2003-08-04,10183.14
2003-08-05,10177.38
2003-08-06,9987.54
2003-08-07,9958.05
2003-08-08,9945.22
2003-08-12,10093.54
2003-08-13,10301.47
2003-08-14,10374.02
2003-08-15,10424.56
2003-08-18,10525.04
2003-08-19,10509.29
2003-08-20,10475.33
2003-08-21,10643.63
2003-08-22,10760.73
2003-08-25,10764.22
2003-08-26,10753.93
2003-08-27,10678.55
2003-08-28,10760.12
2003-08-29,10908.99
2003-09-01,10903.4
2003-09-02,10939.94
2003-09-03,11102.36
2003-09-04,11138.62
2003-09-05,11170.61
2003-09-08,11165.28
2003-09-09,11046.82
2003-09-10,10810.31
2003-09-11,10883.52
2003-09-15,10992.73
2003-09-16,11071.38
2003-09-17,11140.05
2003-09-18,11069.22
2003-09-19,10968.42
2003-09-22,10873.27
2003-09-23,10944.36
2003-09-24,11295.89
2003-09-25,11286.52
2003-09-26,11290.15
2003-09-29,11141.28
2003-09-30,11229.87
2003-10-02,11546.12
2003-10-03,11608.72
2003-10-06,11734.48
2003-10-07,11723.92
2003-10-08,11720.8
2003-10-09,11800.37
2003-10-10,11935.83
2003-10-13,11961.97
2003-10-14,11856.02
2003-10-15,12056.18
2003-10-16,12027.57
2003-10-17,12044.49
2003-10-20,12147.89
2003-10-21,12250.69
2003-10-22,12238.63
2003-10-23,11737.18
2003-10-24,11736.37
2003-10-27,11749.72
2003-10-28,12091.88
2003-10-29,12130.51
2003-10-30,12143.35
2003-10-31,12190.1
2003-11-03,12386.81
2003-11-04,12440.72
2003-11-05,12438.92
2003-11-06,12150.09
2003-11-07,12215.17
2003-11-10,12156.68
2003-11-11,12003.62
2003-11-12,11971.48
2003-11-13,12227.57
2003-11-14,12203.53
2003-11-17,11997.02
2003-11-18,12027.26
2003-11-19,11872.99
2003-11-20,11845.41
2003-11-21,11839.8
2003-11-24,11848.56
2003-11-25,12008.07
2003-11-26,12086.67
2003-11-27,12075.99
2003-11-28,12317.47
2003-12-01,12456.99
2003-12-02,12412.23
2003-12-03,12361.18
2003-12-04,12342.65
2003-12-05,12314.73
2003-12-08,12177.44
2003-12-09,12393.64
2003-12-10,12398.38
2003-12-11,12554.58
2003-12-12,12594.42
2003-12-15,12520.17
2003-12-16,12260.33
2003-12-17,12193.12
2003-12-18,12240.25
2003-12-19,12371.75
2003-12-22,12487.99
2003-12-23,12420.51
2003-12-24,12456.7
2003-12-29,12464.29
2003-12-30,12526.74
2003-12-31,12575.94
2004-01-02,12801.48
2004-01-05,13005.33
2004-01-06,13036.32
2004-01-07,13157.68
2004-01-08,13203.59
2004-01-09,13385.8
2004-01-12,13352.22
2004-01-13,13396.65
2004-01-14,13320.88
2004-01-15,13249.81
2004-01-16,13167.76
2004-01-19,13253.31
2004-01-20,13570.43
2004-01-21,13750.58
2004-01-26,13727.27
2004-01-27,13761.88
2004-01-28,13431.78
2004-01-29,13334.01
2004-01-30,13289.37
2004-02-02,12999.98
2004-02-03,13090.01
2004-02-04,13086.73
2004-02-05,13030.94
2004-02-06,13309.6
2004-02-09,13576.68
2004-02-10,13515.66
2004-02-11,13524.76
2004-02-12,13625.13
2004-02-13,13739.8
2004-02-16,13831.53
2004-02-17,13815.44
2004-02-18,13928.38
2004-02-19,13867.22
2004-02-20,13868.37
2004-02-23,13765.07
2004-02-24,13756.41
2004-02-25,13599.47
2004-02-26,13674.64
2004-02-27,13907.03
2004-03-01,13918.65
2004-03-02,13731.35
2004-03-03,13454.09
2004-03-04,13451.56
2004-03-05,13454.76
2004-03-08,13573.54
2004-03-09,13397.25
2004-03-10,13214.2
2004-03-11,13024.06
2004-03-12,12932.23
2004-03-15,12919.41
2004-03-16,12932.62
2004-03-17,12975.72
2004-03-18,12816.19
2004-03-19,12790.58
2004-03-22,12550.91
2004-03-23,12588.36
2004-03-24,12678.13
2004-03-25,12520.21
2004-03-26,12483.24
2004-03-29,12427.34
2004-03-30,12641.39
2004-03-31,12681.67
2004-04-01,12676.25
2004-04-02,12731.76
2004-04-06,12886.97
2004-04-07,12920.05
2004-04-08,12909.37
2004-04-13,13031.81
2004-04-14,12669.86
2004-04-15,12479.26
2004-04-16,12458.38
2004-04-19,12450.0
2004-04-20,12394.37
2004-04-21,12227.3
2004-04-22,12167.7
2004-04-23,12383.94
2004-04-26,12132.68
2004-04-27,12154.91
2004-04-28,12165.31
2004-04-29,12005.58
2004-04-30,11942.96
2004-05-03,11950.62
2004-05-04,12098.3
2004-05-05,11950.46
2004-05-06,12010.31
2004-05-07,11910.76
2004-05-10,11485.5
2004-05-11,11508.09
2004-05-12,11528.18
2004-05-13,11396.94
2004-05-14,11276.86
2004-05-17,10967.65
2004-05-18,11072.39
2004-05-19,11469.41
2004-05-20,11339.62
2004-05-21,11576.01
2004-05-24,11662.97
2004-05-25,11692.56
2004-05-27,11983.9
2004-05-28,12116.87
2004-05-31,12198.24
2004-06-01,12105.55
2004-06-02,12201.75
2004-06-03,11929.93
2004-06-04,12022.64
2004-06-07,12326.85
2004-06-08,12344.16
2004-06-09,12339.94
2004-06-10,12422.87
2004-06-11,12396.39
2004-06-14,12076.57
2004-06-15,12050.69
2004-06-16,12161.78
2004-06-17,12082.86
2004-06-18,11855.55
2004-06-21,11845.59
2004-06-23,11849.77
2004-06-24,12163.68
2004-06-25,12185.52
2004-06-28,12194.6
2004-06-29,12116.3
2004-06-30,12285.75
2004-07-02,12220.13
2004-07-05,12252.11
2004-07-06,12284.08
2004-07-07,12320.26
2004-07-08,12119.75
2004-07-09,12202.26
2004-07-12,12191.01
2004-07-13,12078.33
2004-07-14,11932.83
2004-07-15,11939.41
2004-07-16,12059.2
2004-07-19,12166.95
2004-07-20,12123.63
2004-07-21,12395.11
2004-07-22,12320.21
2004-07-23,12352.99
2004-07-26,12319.83
2004-07-27,12301.32
2004-07-28,12320.27
2004-07-29,12183.1
2004-07-30,12238.03
2004-08-02,12201.39
2004-08-03,12357.12
2004-08-04,12280.26
2004-08-05,12491.92
2004-08-06,12478.68
2004-08-09,12467.41
2004-08-10,12408.04
2004-08-11,12343.13
2004-08-12,12413.43
2004-08-13,12359.83
2004-08-16,12219.75
2004-08-17,12256.12
2004-08-18,12228.54
2004-08-19,12396.67
2004-08-20,12376.9
2004-08-23,12431.77
2004-08-24,12646.49
2004-08-25,12793.03
2004-08-26,12784.39
2004-08-27,12818.42
2004-08-30,12877.78
2004-08-31,12850.28
2004-09-01,13023.87
2004-09-02,12999.07
2004-09-03,12948.1
2004-09-06,13104.34
2004-09-07,13136.04
2004-09-08,13049.96
2004-09-09,12942.2
2004-09-10,13003.99
2004-09-13,13139.57
2004-09-14,13148.06
2004-09-15,13084.4
2004-09-16,13209.84
2004-09-17,13224.93
2004-09-20,13221.33
2004-09-21,13304.48
2004-09-22,13272.23
2004-09-23,13280.43
2004-09-24,13066.84
2004-09-27,13021.9
2004-09-28,12950.8
2004-09-30,13120.03
2004-10-04,13359.25
2004-10-05,13331.1
2004-10-06,13271.57
2004-10-07,13321.73
2004-10-08,13241.46
2004-10-11,13305.13
2004-10-12,13251.59
2004-10-13,13171.58
2004-10-14,13035.38
2004-10-15,13059.43
2004-10-18,13034.74
2004-10-19,13154.55
2004-10-20,12999.13
2004-10-21,13015.2
2004-10-25,12818.1
2004-10-26,12852.35
2004-10-27,12838.71
2004-10-28,13113.15
2004-10-29,13054.66
2004-11-01,13094.25
2004-11-02,13308.74
2004-11-03,13397.67
2004-11-04,13369.09
2004-11-05,13494.95
2004-11-08,13561.49
2004-11-09,13516.67
2004-11-10,13672.37
2004-11-11,13624.51
2004-11-12,13784.46
2004-11-15,13932.22
2004-11-16,13746.08
2004-11-17,13824.98
2004-11-18,13799.82
2004-11-19,13787.68
2004-11-22,13800.6
2004-11-23,14023.29
2004-11-24,13997.02
2004-11-25,13926.61
2004-11-26,13895.03
2004-11-29,14066.91
2004-11-30,14060.05
2004-12-01,14162.8
2004-12-02,14261.79
2004-12-03,14211.84
2004-12-06,14256.86
2004-12-07,14235.78
2004-12-08,14022.32
2004-12-09,14008.82
2004-12-10,13901.81
2004-12-13,13886.16
2004-12-14,14043.52
2004-12-15,14078.54
2004-12-16,14024.63
2004-12-17,13992.44
2004-12-20,14214.04
2004-12-21,14180.79
2004-12-22,14151.08
2004-12-23,14235.3
2004-12-24,14194.9
2004-12-28,14196.95
2004-12-29,14266.38
2004-12-30,14163.55
2004-12-31,14230.14
2005-01-03,14237.42
2005-01-04,14045.9
2005-01-05,13764.36
2005-01-06,13712.04
2005-01-07,13574.86
2005-01-10,13531.39
2005-01-11,13509.25
2005-01-12,13565.31
2005-01-13,13573.28
2005-01-14,13494.78
2005-01-17,13621.65
2005-01-18,13604.22
2005-01-19,13678.63
2005-01-20,13543.59
2005-01-21,13481.02
2005-01-24,13386.99
2005-01-25,13584.06
2005-01-26,13623.68
2005-01-27,13628.91
2005-01-28,13650.06
2005-01-31,13721.69
2005-02-01,13578.26
2005-02-02,13555.8
2005-02-03,13515.33
2005-02-04,13585.17
2005-02-07,13795.0
2005-02-08,13845.63
2005-02-14,14017.23
2005-02-15,13995.83
2005-02-16,14015.49
2005-02-17,13967.82
2005-02-18,14087.87
2005-02-21,14111.65
2005-02-22,14090.52
2005-02-23,13957.94
2005-02-24,14060.91
2005-02-25,14157.09
2005-02-28,14195.35
2005-03-01,14061.15
2005-03-02,13850.78
2005-03-03,13892.37
2005-03-04,13730.78
2005-03-07,13771.95
2005-03-08,13881.71
2005-03-09,13941.47
2005-03-10,13856.02
2005-03-11,13890.93
2005-03-14,13906.85
2005-03-15,13816.75
2005-03-16,13832.52
2005-03-17,13817.99
2005-03-18,13828.37
2005-03-21,13834.35
2005-03-22,13776.47
2005-03-23,13603.61
2005-03-24,13597.1
2005-03-29,13411.88
2005-03-30,13425.75
2005-03-31,13516.88
2005-04-01,13491.35
2005-04-04,13513.41
2005-04-06,13562.26
2005-04-07,13602.35
2005-04-08,13666.72
2005-04-11,13659.93
2005-04-12,13658.05
2005-04-13,13799.62
2005-04-14,13772.4
2005-04-15,13638.75
2005-04-18,13355.23
2005-04-19,13444.09
2005-04-20,13501.63
2005-04-21,13597.31
2005-04-22,13693.55
2005-04-25,13750.23
2005-04-26,13859.58
2005-04-27,13839.64
2005-04-28,13909.42
2005-04-29,13908.97
2005-05-03,13893.98
2005-05-04,13945.05
2005-05-05,14061.7
2005-05-06,14033.96
2005-05-09,14085.09
2005-05-10,14018.38
2005-05-11,13939.8
2005-05-12,13968.28
2005-05-13,13866.81
2005-05-17,13667.03
2005-05-18,13627.01
2005-05-19,13698.93
2005-05-20,13717.42
2005-05-23,13699.13
2005-05-24,13719.32
2005-05-25,13562.06
2005-05-26,13569.99
2005-05-27,13714.78
2005-05-30,13845.1
2005-05-31,13867.07
2005-06-01,13873.07
2005-06-02,13814.58
2005-06-03,13818.45
2005-06-06,13860.55
2005-06-07,13837.29
2005-06-08,13898.55
2005-06-09,13898.31
2005-06-10,13934.76
2005-06-13,13952.02
2005-06-14,13904.81
2005-06-15,13914.3
2005-06-16,13833.53
2005-06-17,13912.03
2005-06-20,13945.77
2005-06-21,13979.35
2005-06-22,14161.02
2005-06-23,14190.44
2005-06-24,14230.29
2005-06-27,14176.04
2005-06-28,14287.44
2005-06-29,14277.28
2005-06-30,14201.06
2005-07-04,14177.87
2005-07-05,14124.8
2005-07-06,14149.93
2005-07-07,14030.81
2005-07-08,13964.47
2005-07-11,14157.24
2005-07-12,14146.95
2005-07-13,14307.3
2005-07-14,14491.54
2005-07-15,14504.29
2005-07-18,14567.0
2005-07-19,14567.74
2005-07-20,14602.7
2005-07-21,14620.14
2005-07-22,14786.46
2005-07-25,14794.03
2005-07-26,14769.93
2005-07-27,14801.86
2005-07-28,14813.32
2005-07-29,14880.98
2005-08-01,14978.88
2005-08-02,15137.08
2005-08-03,15118.5
2005-08-04,15111.54
2005-08-05,15051.32
2005-08-08,15108.94
2005-08-09,15047.84
2005-08-10,15346.41
2005-08-11,15445.2
2005-08-12,15450.95
2005-08-15,15466.06
2005-08-16,15443.62
2005-08-17,15449.58
2005-08-18,15148.09
2005-08-19,15038.61
2005-08-22,15218.63
2005-08-23,14973.89
2005-08-24,14873.85
2005-08-25,14889.1
2005-08-26,14982.89
2005-08-29,14836.97
2005-08-30,14922.22
2005-08-31,14903.55
2005-09-01,15143.75
2005-09-02,15221.89
2005-09-05,15227.83
2005-09-06,15160.78
2005-09-07,15224.57
2005-09-08,15166.17
2005-09-09,15165.77
2005-09-12,15199.79
2005-09-13,15070.56
2005-09-14,15086.62
2005-09-15,15041.02
2005-09-16,14983.2
2005-09-20,15241.86
2005-09-21,15223.62
2005-09-22,15179.95
2005-09-23,15143.97
2005-09-26,15274.31
2005-09-27,15189.88
2005-09-28,15221.46
2005-09-29,15431.25
2005-09-30,15428.52
2005-10-03,15394.39
2005-10-04,15382.21
2005-10-05,15161.03
2005-10-06,14839.3
2005-10-07,14847.79
2005-10-10,14898.77
2005-10-12,14575.02
2005-10-13,14621.83
2005-10-14,14485.88
2005-10-17,14541.35
2005-10-18,14597.4
2005-10-19,14372.76
2005-10-20,14408.94
2005-10-21,14487.85
2005-10-24,14402.35
2005-10-25,14424.88
2005-10-26,14458.14
2005-10-27,14381.06
2005-10-28,14215.83
2005-10-31,14386.37
2005-11-01,14572.26
2005-11-02,14597.48
2005-11-03,14601.59
2005-11-04,14585.79
2005-11-07,14365.79
2005-11-08,14403.2
2005-11-09,14597.55
2005-11-10,14633.33
2005-11-11,14740.6
2005-11-14,14629.49
2005-11-15,14627.41
2005-11-16,14650.54
2005-11-17,14787.98
2005-11-18,14883.32
2005-11-21,14885.57
2005-11-22,14885.65
2005-11-23,15062.35
2005-11-24,15084.39
2005-11-25,15081.47
2005-11-28,15100.0
2005-11-29,15028.76
2005-11-30,14937.14
2005-12-01,15068.03
2005-12-02,15200.38
2005-12-05,15158.82
2005-12-06,14990.61
2005-12-07,15134.95
2005-12-08,14879.16
2005-12-09,14910.51
2005-12-12,14984.4
2005-12-13,14942.62
2005-12-14,14976.26
2005-12-15,15059.02
2005-12-16,15029.81
2005-12-19,15182.89
2005-12-20,15169.17
2005-12-21,15221.42
2005-12-22,15182.53
2005-12-23,15183.58
2005-12-28,15101.54
2005-12-29,15045.59
2005-12-30,14876.43
2006-01-03,14944.77
2006-01-04,15200.06
2006-01-05,15271.13
2006-01-06,15344.44
2006-01-09,15547.43
2006-01-10,15569.91
2006-01-11,15650.88
2006-01-12,15719.37
2006-01-13,15787.97
2006-01-16,15777.72
2006-01-17,15576.2
2006-01-18,15481.21
2006-01-19,15670.42
2006-01-20,15662.08
2006-01-23,15464.77
2006-01-24,15530.57
2006-01-25,15520.39
2006-01-26,15520.07
2006-01-27,15753.14
2006-02-01,15742.3
2006-02-02,15691.69
2006-02-03,15429.73
2006-02-06,15548.06
2006-02-07,15517.01
2006-02-08,15373.44
2006-02-09,15413.43
2006-02-10,15425.95
2006-02-13,15312.09
2006-02-14,15420.32
2006-02-15,15423.26
2006-02-16,15450.88
2006-02-17,15475.69
2006-02-20,15598.67
2006-02-21,15627.24
2006-02-22,15635.72
2006-02-23,15812.53
2006-02-24,15856.05
2006-02-27,15949.89
2006-02-28,15918.48
2006-03-01,15818.09
2006-03-02,15882.45
2006-03-03,15802.0
2006-03-06,15811.83
2006-03-07,15602.36
2006-03-08,15493.09
2006-03-09,15510.13
2006-03-10,15445.05
2006-03-13,15542.07
2006-03-14,15519.76
2006-03-15,15720.36
2006-03-16,15729.04
2006-03-17,15801.66
2006-03-20,15929.95
2006-03-21,15922.75
2006-03-22,15642.81
2006-03-23,15771.17
2006-03-24,15716.46
2006-03-27,15815.87
2006-03-28,15856.58
2006-03-29,15745.11
2006-03-30,15880.69
2006-03-31,15805.04
2006-04-03,16063.75
2006-04-04,16100.09
2006-04-06,16411.13
2006-04-07,16471.78
2006-04-10,16521.59
2006-04-11,16475.81
2006-04-12,16310.76
2006-04-13,16429.45
2006-04-18,16637.53
2006-04-19,16830.44
2006-04-20,16944.34
2006-04-21,16912.15
2006-04-24,16705.67
2006-04-25,16577.77
2006-04-26,16672.66
2006-04-27,16742.85
2006-04-28,16661.3
2006-05-02,16868.04
2006-05-03,17026.98
2006-05-04,17013.93
2006-05-08,17301.79
2006-05-09,17133.99
2006-05-10,17080.59
2006-05-11,17140.78
2006-05-12,16901.85
2006-05-15,16494.84
2006-05-16,16393.11
2006-05-17,16615.55
2006-05-18,16266.52
2006-05-19,16313.36
2006-05-22,15805.52
2006-05-23,15864.56
2006-05-24,15822.64
2006-05-25,15696.89
2006-05-26,15895.1
2006-05-29,15963.77
2006-05-30,15857.89
2006-06-01,15645.27
2006-06-02,15912.71
2006-06-05,16016.23
2006-06-06,15973.11
2006-06-07,15816.55
2006-06-08,15450.11
2006-06-09,15628.69
2006-06-12,15621.44
2006-06-13,15234.42
2006-06-14,15247.92
2006-06-15,15435.08
2006-06-16,15842.65
2006-06-19,15768.86
2006-06-20,15608.97
2006-06-21,15659.36
2006-06-22,15826.7
2006-06-23,15808.81
2006-06-26,15804.81
2006-06-27,15774.7
2006-06-28,15742.66
2006-06-29,15865.22
2006-06-30,16267.62
2006-07-03,16326.66
2006-07-04,16368.98
2006-07-05,16267.18
2006-07-06,16440.99
2006-07-07,16459.78
2006-07-10,16603.81
2006-07-11,16490.13
2006-07-12,16522.21
2006-07-13,16305.48
2006-07-14,16135.71
2006-07-17,16064.82
2006-07-18,16043.94
2006-07-19,16097.54
2006-07-20,16472.62
2006-07-21,16464.18
2006-07-24,16480.59
2006-07-25,16583.86
2006-07-26,16617.24
2006-07-27,16916.77
2006-07-28,16955.04
2006-07-31,16971.34
2006-08-01,16911.37
2006-08-02,17032.75
2006-08-03,17048.42
2006-08-04,16887.8
2006-08-07,16953.55
2006-08-08,17048.2
2006-08-09,17346.58
2006-08-10,17222.14
2006-08-11,17249.95
2006-08-14,17290.01
2006-08-15,17274.07
2006-08-16,17451.03
2006-08-17,17373.05
2006-08-18,17330.7
2006-08-21,17007.88
2006-08-22,17149.75
2006-08-23,17088.39
2006-08-24,16883.04
2006-08-25,16955.45
2006-08-28,16922.29
2006-08-29,17083.28
2006-08-30,17284.71
2006-08-31,17392.27
2006-09-01,17423.72
2006-09-04,17513.88
2006-09-05,17438.8
2006-09-06,17258.51
2006-09-07,17096.44
2006-09-08,17145.76
2006-09-11,16948.59
2006-09-12,17075.4
2006-09-13,17210.04
2006-09-14,17183.45
2006-09-15,17237.65
2006-09-18,17387.21
2006-09-19,17346.7
2006-09-20,17512.96
2006-09-21,17619.97
2006-09-22,17600.65
2006-09-25,17546.04
2006-09-26,17308.08
2006-09-27,17521.51
2006-09-28,17530.57
2006-09-29,17543.05
2006-10-03,17606.53
2006-10-04,17629.21
2006-10-05,17907.67
2006-10-06,17903.39
2006-10-09,17675.24
2006-10-10,17823.7
2006-10-11,17862.79
2006-10-12,17873.09
2006-10-13,17988.86
2006-10-16,18010.2
2006-10-17,18014.84
2006-10-18,18048.09
2006-10-19,17986.97
2006-10-20,18113.55
2006-10-23,18089.85
2006-10-24,18153.41
2006-10-25,18157.94
2006-10-26,18353.74
2006-10-27,18297.55
2006-10-31,18324.35
2006-11-01,18453.65
2006-11-02,18714.78
2006-11-03,18749.69
2006-11-06,18936.55
2006-11-07,18939.31
2006-11-08,18811.24
2006-11-09,18952.86
2006-11-10,18891.14
2006-11-13,18868.54
2006-11-14,18878.42
2006-11-15,19093.0
2006-11-16,19154.07
2006-11-17,19182.71
2006-11-20,18954.63
2006-11-21,19008.3
2006-11-22,19250.79
2006-11-23,19265.32
2006-11-24,19260.3
2006-11-27,19204.01
2006-11-28,18639.53
2006-11-29,18780.93
2006-11-30,18960.48
2006-12-01,18690.82
2006-12-04,18702.73
2006-12-05,18944.19
2006-12-06,19026.36
2006-12-07,18842.99
2006-12-08,18739.99
2006-12-11,18924.66
2006-12-12,18907.17
2006-12-13,18718.19
2006-12-14,18919.4
2006-12-15,19110.65
2006-12-18,19192.91
2006-12-19,18964.55
2006-12-20,19240.12
2006-12-21,19222.84
2006-12-22,19320.52
2006-12-27,19725.73
2006-12-28,20001.91
2006-12-29,19964.72
2007-01-02,20310.18
2007-01-03,20413.39
2007-01-04,20025.58
2007-01-05,20211.28
2007-01-08,20029.66
2007-01-09,19898.08
2007-01-10,19568.34
2007-01-11,19385.37
2007-01-12,19613.41
2007-01-15,20068.56
2007-01-16,20027.95
2007-01-17,20064.57
2007-01-18,20277.51
2007-01-19,20327.72
2007-01-22,20772.22
2007-01-23,20769.7
2007-01-24,20821.05
2007-01-25,20669.83
2007-01-26,20281.13
2007-01-29,20236.68
2007-01-30,20460.46
2007-01-31,20106.42
2007-02-01,20430.16
2007-02-02,20563.68
2007-02-05,20455.62
2007-02-06,20655.2
2007-02-07,20679.69
2007-02-08,20735.05
2007-02-09,20677.66
2007-02-12,20593.41
2007-02-13,20132.25
2007-02-14,20209.91
2007-02-15,20538.42
2007-02-16,20567.91
2007-02-21,20651.42
2007-02-22,20809.23
2007-02-23,20711.65
2007-02-26,20507.95
2007-02-27,20147.87
2007-02-28,19651.51
2007-03-01,19346.6
2007-03-02,19442.01
2007-03-05,18664.88
2007-03-06,19058.56
2007-03-07,18918.64
2007-03-08,19175.17
2007-03-09,19134.88
2007-03-12,19442.42
2007-03-13,19333.14
2007-03-14,18836.93
2007-03-15,18969.44
2007-03-16,18953.5
2007-03-19,19266.74
2007-03-20,19356.9
2007-03-21,19516.41
2007-03-22,19690.25
2007-03-23,19692.64
2007-03-26,19765.85
2007-03-27,19706.79
2007-03-28,19553.87
2007-03-29,19821.78
2007-03-30,19800.93
2007-04-02,19809.7
2007-04-03,20002.7
2007-04-04,20209.71
2007-04-10,20347.87
2007-04-11,20449.43
2007-04-12,20380.21
2007-04-13,20340.97
2007-04-16,20757.53
2007-04-17,20788.61
2007-04-18,20777.09
2007-04-19,20299.71
2007-04-20,20566.59
2007-04-23,20556.57
2007-04-24,20572.8
2007-04-25,20536.78
2007-04-26,20667.29
2007-04-27,20526.5
2007-04-30,20318.98
2007-05-02,20388.49
2007-05-03,20681.58
2007-05-04,20841.08
2007-05-07,20896.64
2007-05-08,20706.35
2007-05-09,20844.78
2007-05-10,20746.27
2007-05-11,20468.21
2007-05-14,20979.24
2007-05-15,20868.15
2007-05-16,20937.26
2007-05-17,20994.61
2007-05-18,20904.84
2007-05-21,20927.75
2007-05-22,20843.92
2007-05-23,20798.97
2007-05-25,20520.66
2007-05-28,20529.76
2007-05-29,20469.59
2007-05-30,20293.76
2007-05-31,20634.47
2007-06-01,20602.87
2007-06-04,20729.59
2007-06-05,20842.15
2007-06-07,20800.16
2007-06-08,20509.15
2007-06-11,20615.49
2007-06-12,20636.39
2007-06-13,20578.75
2007-06-14,20867.26
2007-06-15,21017.05
2007-06-18,21582.89
2007-06-20,21684.67
2007-06-21,21954.67
2007-06-22,21999.91
2007-06-25,21822.35
2007-06-26,21803.57
2007-06-27,21705.56
2007-06-28,21938.22
2007-06-29,21772.73
2007-07-03,22151.14
2007-07-04,22218.55
2007-07-05,22252.99
2007-07-06,22531.74
2007-07-09,22817.43
2007-07-10,22885.84
2007-07-11,22607.02
2007-07-12,22809.02
2007-07-13,23099.29
2007-07-16,22953.94
2007-07-17,23057.3
2007-07-18,22841.92
2007-07-19,23016.2
2007-07-20,23291.9
2007-07-23,23365.56
2007-07-24,23472.88
2007-07-25,23362.18
2007-07-26,23211.69
2007-07-27,22570.41
2007-07-30,22739.9
2007-07-31,23184.94
2007-08-01,22455.36
2007-08-02,22443.25
2007-08-03,22538.44
2007-08-06,21936.73
2007-08-07,21907.99
2007-08-08,22536.67
2007-08-09,22439.36
2007-08-10,21792.71
2007-08-13,21891.1
2007-08-14,22007.32
2007-08-15,21375.72
2007-08-16,20672.39
2007-08-17,20387.13
2007-08-20,21595.63
2007-08-21,21729.35
2007-08-22,22346.88
2007-08-23,22966.97
2007-08-24,22921.89
2007-08-27,23577.73
2007-08-28,23363.76
2007-08-29,23020.6
2007-08-30,23484.54
2007-08-31,23984.14
2007-09-03,23904.09
2007-09-04,23886.07
2007-09-05,24069.17
2007-09-06,24050.4
2007-09-07,23982.61
2007-09-10,23999.7
2007-09-11,23952.24
2007-09-12,24310.14
2007-09-13,24537.02
2007-09-14,24898.11
2007-09-17,24599.34
2007-09-18,24576.85
2007-09-19,25554.64
2007-09-20,25701.13
2007-09-21,25843.78
2007-09-24,26551.94
2007-09-25,26430.29
2007-09-27,27065.15
2007-09-28,27142.47
2007-10-02,28199.75
2007-10-03,27479.94
2007-10-04,26973.98
2007-10-05,27831.52
2007-10-08,27770.29
2007-10-09,28228.04
2007-10-10,28569.33
2007-10-11,29133.02
2007-10-12,28838.37
2007-10-15,29540.78
2007-10-16,28954.55
2007-10-17,29298.71
2007-10-18,29465.05
2007-10-22,28373.63
2007-10-23,29376.86
2007-10-24,29333.53
2007-10-25,29854.49
2007-10-26,30405.22
2007-10-29,31586.9
2007-10-30,31638.22
2007-10-31,31352.58
2007-11-01,31492.88
2007-11-02,30468.34
2007-11-05,28942.32
2007-11-06,29438.13
2007-11-07,29708.93
2007-11-08,28760.22
2007-11-09,28783.41
2007-11-12,27665.73
2007-11-13,27803.35
2007-11-14,29166.01
2007-11-15,28751.21
2007-11-16,27614.43
2007-11-19,27460.17
2007-11-20,27771.21
2007-11-21,26618.19
2007-11-22,26004.92
2007-11-23,26541.09
2007-11-26,27626.62
2007-11-27,27210.21
2007-11-28,27371.24
2007-11-29,28482.54
2007-11-30,28643.61
2007-12-03,28658.42
2007-12-04,28879.59
2007-12-05,29345.45
2007-12-06,29558.92
2007-12-07,28842.47
2007-12-10,28501.1
2007-12-11,29226.84
2007-12-12,28521.06
2007-12-13,27744.45
2007-12-14,27563.64
2007-12-17,26596.58
2007-12-18,26732.87
2007-12-19,27029.26
2007-12-20,27017.09
2007-12-21,27626.92
2007-12-24,28128.8
2007-12-27,27842.93
2007-12-28,27370.6
2007-12-31,27812.65
2008-01-02,27560.52
2008-01-03,26887.28
2008-01-04,27519.69
2008-01-07,27179.49
2008-01-08,27112.9
2008-01-09,27615.85
2008-01-10,27230.86
2008-01-11,26867.01
2008-01-14,26468.13
2008-01-15,25837.78
2008-01-16,24450.85
2008-01-17,25114.98
2008-01-18,25201.87
2008-01-21,23818.86
2008-01-22,21757.63
2008-01-23,24090.17
2008-01-24,23539.27
2008-01-25,25122.37
2008-01-28,24053.61
2008-01-29,24291.8
2008-01-30,23653.69
2008-01-31,23455.74
2008-02-01,24123.58
2008-02-04,25032.08
2008-02-05,24808.7
2008-02-06,23469.46
2008-02-11,22616.11
2008-02-12,22921.67
2008-02-13,23169.55
2008-02-14,24021.68
2008-02-15,24148.43
2008-02-18,23759.25
2008-02-19,24123.17
2008-02-20,23590.58
2008-02-21,23623.0
2008-02-22,23305.04
2008-02-25,23269.14
2008-02-26,23714.75
2008-02-27,24483.84
2008-02-28,24591.69
2008-02-29,24331.67
2008-03-03,23584.97
2008-03-04,23119.87
2008-03-05,23114.34
2008-03-06,23342.73
2008-03-07,22501.33
2008-03-10,22705.05
2008-03-11,22995.35
2008-03-12,23422.76
2008-03-13,22301.64
2008-03-14,22237.11
2008-03-17,21084.61
2008-03-18,21384.61
2008-03-19,21866.94
2008-03-20,21108.22
2008-03-25,22464.52
2008-03-26,22617.01
2008-03-27,22664.22
2008-03-28,23285.95
2008-03-31,22849.2
2008-04-01,23137.46
2008-04-02,23872.43
2008-04-03,24264.63
2008-04-07,24578.76
2008-04-08,24311.69
2008-04-09,23984.57
2008-04-10,24187.1
2008-04-11,24667.79
2008-04-14,23811.2
2008-04-15,23901.33
2008-04-16,23878.35
2008-04-17,24258.96
2008-04-18,24197.78
2008-04-21,24721.67
2008-04-22,24939.15
2008-04-23,25289.24
2008-04-24,25680.78
2008-04-25,25516.78
2008-04-28,25666.29
2008-04-29,25914.15
2008-04-30,25755.35
2008-05-02,26241.02
2008-05-05,26183.95
2008-05-06,26262.13
2008-05-07,25610.21
2008-05-08,25449.79
2008-05-09,25063.17
2008-05-13,25552.77
2008-05-14,25533.48
2008-05-15,25513.71
2008-05-16,25618.86
2008-05-19,25742.23
2008-05-20,25169.46
2008-05-21,25460.29
2008-05-22,25043.12
2008-05-23,24714.07
2008-05-26,24127.31
2008-05-27,24282.04
2008-05-28,24249.51
2008-05-29,24383.99
2008-05-30,24533.12
2008-06-02,24831.36
2008-06-03,24375.76
2008-06-04,24123.25
2008-06-05,24255.29
2008-06-06,24402.18
2008-06-10,23375.52
2008-06-11,23327.6
2008-06-12,23023.86
2008-06-13,22592.3
2008-06-16,23029.69
2008-06-17,23057.99
2008-06-18,23325.8
2008-06-19,22797.61
2008-06-20,22745.6
2008-06-23,22714.96
2008-06-24,22456.02
2008-06-25,22635.16
2008-06-26,22455.67
2008-06-27,22042.35
2008-06-30,22102.01
2008-07-02,21704.45
2008-07-03,21242.78
2008-07-04,21423.82
2008-07-07,21913.06
2008-07-08,21220.81
2008-07-09,21805.81
2008-07-10,21821.78
2008-07-11,22184.55
2008-07-14,22014.46
2008-07-15,21174.77
2008-07-16,21223.5
2008-07-17,21734.72
2008-07-18,21874.19
2008-07-21,22532.9
2008-07-22,22527.48
2008-07-23,23134.55
2008-07-24,23087.72
2008-07-25,22740.71
2008-07-28,22687.21
2008-07-29,22258.0
2008-07-30,22690.6
2008-07-31,22731.1
2008-08-01,22862.6
2008-08-04,22514.92
2008-08-05,21949.75
2008-08-07,22104.2
2008-08-08,21885.21
2008-08-11,21859.34
2008-08-12,21640.89
2008-08-13,21293.32
2008-08-14,21392.71
2008-08-15,21160.58
2008-08-18,20930.67
2008-08-19,20484.37
2008-08-20,20931.26
2008-08-21,20392.06
2008-08-25,21104.79
2008-08-26,21056.66
2008-08-27,21464.72
2008-08-28,20972.29
2008-08-29,21261.89
2008-09-01,20906.31
2008-09-02,21042.46
2008-09-03,20585.06
2008-09-04,20389.48
2008-09-05,19933.28
2008-09-08,20794.27
2008-09-09,20491.11
2008-09-10,19999.78
2008-09-11,19388.72
2008-09-12,19352.9
2008-09-16,18300.61
2008-09-17,17637.19
2008-09-18,17632.46
2008-09-19,19327.73
2008-09-22,19632.2
2008-09-23,18872.85
2008-09-24,18961.99
2008-09-25,18934.43
2008-09-26,18682.09
2008-09-29,17880.68
2008-09-30,18016.21
2008-10-02,18211.11
2008-10-03,17682.4
2008-10-06,16803.76
2008-10-08,15431.73
2008-10-09,15943.24
2008-10-10,14796.87
2008-10-13,16312.16
2008-10-14,16832.88
2008-10-15,15998.3
2008-10-16,15230.52
2008-10-17,14554.21
2008-10-20,15323.01
2008-10-21,15041.17
2008-10-22,14266.6
2008-10-23,13760.49
2008-10-24,12618.38
2008-10-27,11015.84
2008-10-28,12596.29
2008-10-29,12702.07
2008-10-30,14329.85
2008-10-31,13968.67
2008-11-03,14344.37
2008-11-04,14384.34
2008-11-05,14840.16
2008-11-06,13790.04
2008-11-07,14243.43
2008-11-10,14744.63
2008-11-11,14040.9
2008-11-12,13939.09
2008-11-13,13221.35
2008-11-14,13542.66
2008-11-17,13529.53
2008-11-18,12915.89
2008-11-19,12815.8
2008-11-20,12298.56
2008-11-21,12659.2
2008-11-24,12457.94
2008-11-25,12878.6
2008-11-26,13369.45
2008-11-27,13552.06
2008-11-28,13888.24
2008-12-01,14108.84
2008-12-02,13405.85
2008-12-03,13588.66
2008-12-04,13509.78
2008-12-05,13846.09
2008-12-08,15044.87
2008-12-09,14753.22
2008-12-10,15577.74
2008-12-11,15613.9
2008-12-12,14758.39
2008-12-15,15046.95
2008-12-16,15130.21
2008-12-17,15460.52
2008-12-18,15497.81
2008-12-19,15127.51
2008-12-22,14622.39
2008-12-23,14220.79
2008-12-24,14184.14
2008-12-29,14328.48
2008-12-30,14235.5
2008-12-31,14387.48
2009-01-02,15042.81
2009-01-05,15563.31
2009-01-06,15509.51
2009-01-07,14987.46
2009-01-08,14415.91
2009-01-09,14377.44
2009-01-12,13971.0
2009-01-13,13668.05
2009-01-14,13704.61
2009-01-15,13242.96
2009-01-16,13255.51
2009-01-19,13339.99
2009-01-20,12959.77
2009-01-21,12583.63
2009-01-22,12657.99
2009-01-23,12578.6
2009-01-29,13154.43
2009-01-30,13278.21
2009-02-02,12861.49
2009-02-03,12776.89
2009-02-04,13063.89
2009-02-05,13178.9
2009-02-06,13655.04
2009-02-09,13769.06
2009-02-10,13880.64
2009-02-11,13539.21
2009-02-12,13228.3
2009-02-13,13554.67
2009-02-16,13455.88
2009-02-17,12945.4
2009-02-18,13016.0
2009-02-19,13023.36
2009-02-20,12699.17
2009-02-23,13175.1
2009-02-24,12798.52
2009-02-25,13005.08
2009-02-26,12894.94
2009-02-27,12811.57
2009-03-02,12317.46
2009-03-03,12033.88
2009-03-04,12331.15
2009-03-05,12211.24
2009-03-06,11921.52
2009-03-09,11344.58
2009-03-10,11694.05
2009-03-11,11930.66
2009-03-12,12001.53
2009-03-13,12525.8
2009-03-16,12976.71
2009-03-17,12878.09
2009-03-18,13117.17
2009-03-19,13130.92
2009-03-20,12833.51
2009-03-23,13447.42
2009-03-24,13910.34
2009-03-25,13622.11
2009-03-26,14108.98
2009-03-27,14119.5
2009-03-30,13456.33
2009-03-31,13576.02
2009-04-01,13519.54
2009-04-02,14521.97
2009-04-03,14545.69
2009-04-06,14998.04
2009-04-07,14928.97
2009-04-08,14474.86
2009-04-09,14901.41
2009-04-14,15580.16
2009-04-15,15669.62
2009-04-16,15582.99
2009-04-17,15601.27
2009-04-20,15750.91
2009-04-21,15285.89
2009-04-22,14878.45
2009-04-23,15214.46
2009-04-24,15258.85
2009-04-27,14840.42
2009-04-28,14555.11
2009-04-29,14956.95
2009-04-30,15520.99
2009-05-04,16381.05
2009-05-05,16430.08
2009-05-06,16834.57
2009-05-07,17217.89
2009-05-08,17389.87
2009-05-11,17087.95
2009-05-12,17153.64
2009-05-13,17059.62
2009-05-14,16541.69
2009-05-15,16790.7
2009-05-18,17022.91
2009-05-19,17544.03
2009-05-20,17475.84
2009-05-21,17199.49
2009-05-22,17062.52
2009-05-25,17121.82
2009-05-26,16991.56
2009-05-27,17885.27
2009-05-29,18171.0
2009-06-01,18888.59
2009-06-02,18389.08
2009-06-03,18576.47
2009-06-04,18502.77
2009-06-05,18679.53
2009-06-08,18253.39
2009-06-09,18058.49
2009-06-10,18785.66
2009-06-11,18791.03
2009-06-12,18889.68
2009-06-15,18498.96
2009-06-16,18165.5
2009-06-17,18084.6
2009-06-18,17776.66
2009-06-19,17920.93
2009-06-22,18059.55
2009-06-23,17538.37
2009-06-24,17892.15
2009-06-26,18600.26
2009-06-29,18528.51
2009-06-30,18378.73
2009-07-02,18178.05
2009-07-03,18203.4
2009-07-06,17979.41
2009-07-07,17862.27
2009-07-08,17721.07
2009-07-09,17790.59
2009-07-10,17708.42
2009-07-13,17254.63
2009-07-14,17885.73
2009-07-15,18258.66
2009-07-16,18361.87
2009-07-17,18805.66
2009-07-20,19502.37
2009-07-21,19501.73
2009-07-22,19248.17
2009-07-23,19817.7
2009-07-24,19982.79
2009-07-27,20251.62
2009-07-28,20624.54
2009-07-29,20135.5
2009-07-30,20234.08
2009-07-31,20573.33
2009-08-03,20807.26
2009-08-04,20796.43
2009-08-05,20494.77
2009-08-06,20899.24
2009-08-07,20375.37
2009-08-10,20929.52
2009-08-11,21074.21
2009-08-12,20435.24
2009-08-13,20861.3
2009-08-14,20893.33
2009-08-17,20137.65
2009-08-18,20306.27
2009-08-19,19954.23
2009-08-20,20328.86
2009-08-21,20199.02
2009-08-24,20535.94
2009-08-25,20435.24
2009-08-26,20456.32
2009-08-27,20242.75
2009-08-28,20098.62
2009-08-31,19724.19
2009-09-01,19872.3
2009-09-02,19522.0
2009-09-03,19761.68
2009-09-04,20318.62
2009-09-07,20629.31
2009-09-08,21069.81
2009-09-09,20851.04
2009-09-10,21069.56
2009-09-11,21161.42
2009-09-14,20932.2
2009-09-15,20866.37
2009-09-16,21402.92
2009-09-17,21768.51
2009-09-18,21623.45
2009-09-21,21465.61
2009-09-22,21701.14
2009-09-23,21595.52
2009-09-24,21050.73
2009-09-25,21024.4
2009-09-28,20588.41
2009-09-29,21013.17
2009-09-30,20955.25
2009-10-02,20375.49
2009-10-05,20429.07
2009-10-06,20811.53
2009-10-07,21241.59
2009-10-08,21492.9
2009-10-09,21499.44
2009-10-12,21299.35
2009-10-13,21467.36
2009-10-14,21886.48
2009-10-15,21999.08
2009-10-16,21929.9
2009-10-19,22200.46
2009-10-20,22384.96
2009-10-21,22318.11
2009-10-22,22210.52
2009-10-23,22589.73
2009-10-27,22169.59
2009-10-28,21761.58
2009-10-29,21264.99
2009-10-30,21752.87
2009-11-02,21620.19
2009-11-03,21240.06
2009-11-04,21614.77
2009-11-05,21479.08
2009-11-06,21829.72
2009-11-09,22207.55
2009-11-10,22268.16
2009-11-11,22627.21
2009-11-12,22397.57
2009-11-13,22553.63
2009-11-16,22943.98
2009-11-17,22914.15
2009-11-18,22840.33
2009-11-19,22643.16
2009-11-20,22455.84
2009-11-23,22771.39
2009-11-24,22423.14
2009-11-25,22611.8
2009-11-26,22210.41
2009-11-27,21134.5
2009-11-30,21821.5
2009-12-01,22113.15
2009-12-02,22289.57
2009-12-03,22553.87
2009-12-04,22498.15
2009-12-07,22324.96
2009-12-08,22060.52
2009-12-09,21741.76
2009-12-10,21700.04
2009-12-11,21902.11
2009-12-14,22085.75
2009-12-15,21813.92
2009-12-16,21611.74
2009-12-17,21347.63
2009-12-18,21175.88
2009-12-21,20948.1
2009-12-22,21092.04
2009-12-23,21328.74
2009-12-24,21517.0
2009-12-28,21480.22
2009-12-29,21499.44
2009-12-30,21496.62
2009-12-31,21872.5
2010-01-04,21823.28
2010-01-05,22279.58
2010-01-06,22416.67
2010-01-07,22269.45
2010-01-08,22296.75
2010-01-11,22411.52
2010-01-12,22326.64
2010-01-13,21748.6
2010-01-14,21716.95
2010-01-15,21654.16
2010-01-18,21460.01
2010-01-19,21677.98
2010-01-20,21286.17
2010-01-21,20862.67
2010-01-22,20726.18
2010-01-25,20598.55
2010-01-26,20109.33
2010-01-27,20033.07
2010-01-28,20356.37
2010-01-29,20121.99
2010-02-01,20243.75
2010-02-02,20272.18
2010-02-03,20722.08
2010-02-04,20341.64
2010-02-05,19665.08
2010-02-08,19550.89
2010-02-09,19790.28
2010-02-10,19922.22
2010-02-11,20290.69
2010-02-12,20268.69
2010-02-17,20534.01
2010-02-18,20422.15
2010-02-19,19894.02
2010-02-22,20377.27
2010-02-23,20623.0
2010-02-24,20467.74
2010-02-25,20399.57
2010-02-26,20608.7
2010-03-01,21056.93
2010-03-02,20906.11
2010-03-03,20876.79
2010-03-04,20575.78
2010-03-05,20787.97
2010-03-08,21196.87
2010-03-09,21207.55
2010-03-10,21208.29
2010-03-11,21228.2
2010-03-12,21209.74
2010-03-15,21079.1
2010-03-16,21022.93
2010-03-17,21384.49
2010-03-18,21330.67
2010-03-19,21370.82
2010-03-22,20933.25
2010-03-23,20987.78
2010-03-24,21008.62
2010-03-25,20778.55
2010-03-26,21053.11
2010-03-29,21237.43
2010-03-30,21374.79
2010-03-31,21239.35
2010-04-01,21537.0
2010-04-07,21928.77
2010-04-08,21867.04
2010-04-09,22208.5
2010-04-12,22138.17
2010-04-13,22103.53
2010-04-14,22121.43
2010-04-15,22157.82
2010-04-16,21865.26
2010-04-19,21405.17
2010-04-20,21623.38
2010-04-21,21510.93
2010-04-22,21454.94
2010-04-23,21244.49
2010-04-26,21587.06
2010-04-27,21261.79
2010-04-28,20949.4
2010-04-29,20778.92
2010-04-30,21108.59
2010-05-03,20811.36
2010-05-04,20763.05
2010-05-05,20327.54
2010-05-06,20133.41
2010-05-07,19920.29
2010-05-10,20426.64
2010-05-11,20146.51
2010-05-12,20212.49
2010-05-13,20422.46
2010-05-14,20145.43
2010-05-17,19715.2
2010-05-18,19944.94
2010-05-19,19578.98
2010-05-20,19545.83
2010-05-24,19667.76
2010-05-25,18985.5
2010-05-26,19196.45
2010-05-27,19431.37
2010-05-28,19766.71
2010-05-31,19765.19
2010-06-01,19496.95
2010-06-02,19471.8
2010-06-03,19786.71
2010-06-04,19780.07
2010-06-07,19378.15
2010-06-08,19487.48
2010-06-09,19621.24
2010-06-10,19632.7
2010-06-11,19872.38
2010-06-14,20051.91
2010-06-15,20062.15
2010-06-17,20138.4
2010-06-18,20286.71
2010-06-21,20912.18
2010-06-22,20819.08
2010-06-23,20856.61
2010-06-24,20733.49
2010-06-25,20690.79
2010-06-28,20726.68
2010-06-29,20248.9
2010-06-30,20128.99
2010-07-02,19905.32
2010-07-05,19842.2
2010-07-06,20084.12
2010-07-07,19857.07
2010-07-08,20050.56
2010-07-09,20378.66
2010-07-12,20467.43
2010-07-13,20431.06
2010-07-14,20560.81
2010-07-15,20255.62
2010-07-16,20250.16
2010-07-19,20090.95
2010-07-20,20264.59
2010-07-21,20487.23
2010-07-22,20589.7
2010-07-23,20815.33
2010-07-26,20839.91
2010-07-27,20973.39
2010-07-28,21091.18
2010-07-29,21093.82
2010-07-30,21029.81
2010-08-02,21412.79
2010-08-03,21457.66
2010-08-04,21549.88
2010-08-05,21551.72
2010-08-06,21678.8
2010-08-09,21801.59
2010-08-10,21473.6
2010-08-11,21294.54
2010-08-12,21105.71
2010-08-13,21071.57
2010-08-16,21112.12
2010-08-17,21137.43
2010-08-18,21022.73
2010-08-19,21072.46
2010-08-20,20981.82
2010-08-23,20889.01
2010-08-24,20658.71
2010-08-25,20634.98
2010-08-26,20612.06
2010-08-27,20597.35
2010-08-30,20737.22
2010-08-31,20536.49
2010-09-01,20623.83
2010-09-02,20868.92
2010-09-03,20971.5
2010-09-06,21355.77
2010-09-07,21401.79
2010-09-08,21088.86
2010-09-09,21167.27
2010-09-10,21257.39
2010-09-13,21658.35
2010-09-14,21696.04
2010-09-15,21725.64
2010-09-16,21691.45
2010-09-17,21970.86
2010-09-20,21977.34
2010-09-21,22002.59
2010-09-22,22047.71
2010-09-24,22119.43
2010-09-27,22340.84
2010-09-28,22109.95
2010-09-29,22378.67
2010-09-30,22358.17
2010-10-04,22618.66
2010-10-05,22639.14
2010-10-06,22880.41
2010-10-07,22884.32
2010-10-08,22944.18
2010-10-11,23207.31
2010-10-12,23121.7
2010-10-13,23457.69
2010-10-14,23852.17
2010-10-15,23757.63
2010-10-18,23469.38
2010-10-19,23763.73
2010-10-20,23556.5
2010-10-21,23649.48
2010-10-22,23517.54
2010-10-25,23627.91
2010-10-26,23601.24
2010-10-27,23164.58
2010-10-28,23210.86
2010-10-29,23096.32
2010-11-01,23652.94
2010-11-02,23671.42
2010-11-03,24144.67
2010-11-04,24535.63
2010-11-05,24876.82
2010-11-08,24964.37
2010-11-09,24710.6
2010-11-10,24500.61
2010-11-11,24700.3
2010-11-12,24222.58
2010-11-15,24027.18
2010-11-16,23693.02
2010-11-17,23214.46
2010-11-18,23637.39
2010-11-19,23605.71
2010-11-22,23524.02
2010-11-23,22896.14
2010-11-24,23023.86
2010-11-25,23054.68
2010-11-26,22877.25
2010-11-29,23166.22
2010-11-30,23007.99
2010-12-01,23249.8
2010-12-02,23448.78
2010-12-03,23320.52
2010-12-06,23237.69
2010-12-07,23428.15
2010-12-08,23092.52
2010-12-09,23171.8
2010-12-10,23162.91
2010-12-13,23317.61
2010-12-14,23431.19
2010-12-15,22975.35
2010-12-16,22668.78
2010-12-17,22714.85
2010-12-20,22639.08
2010-12-21,22993.86
2010-12-22,23045.19
2010-12-23,22902.97
2010-12-24,22833.8
2010-12-28,22621.73
2010-12-29,22969.3
2010-12-30,22999.34
2010-12-31,23035.45
2011-01-03,23436.05
2011-01-04,23668.48
2011-01-05,23757.82
2011-01-06,23786.3
2011-01-07,23686.63
2011-01-10,23527.26
2011-01-11,23760.34
2011-01-12,24125.61
2011-01-13,24238.98
2011-01-14,24283.23
2011-01-17,24156.97
2011-01-18,24153.98
2011-01-19,24419.62
2011-01-20,24003.7
2011-01-21,23876.86
2011-01-24,23801.78
2011-01-25,23788.83
2011-01-26,23843.24
2011-01-27,23779.62
2011-01-28,23617.02
2011-01-31,23447.34
2011-02-01,23482.95
2011-02-02,23908.96
2011-02-07,23553.59
2011-02-08,23484.3
2011-02-09,23164.03
2011-02-10,22708.62
2011-02-11,22828.92
2011-02-14,23121.06
2011-02-15,22899.78
2011-02-16,23156.97
2011-02-17,23301.84
2011-02-18,23595.24
2011-02-21,23485.42
2011-02-22,22990.81
2011-02-23,22906.9
2011-02-24,22601.04
2011-02-25,23012.37
2011-02-28,23338.02
2011-03-01,23396.42
2011-03-02,23048.66
2011-03-03,23122.42
2011-03-04,23408.86
2011-03-07,23313.19
2011-03-08,23711.7
2011-03-09,23810.11
2011-03-10,23614.89
2011-03-11,23249.78
2011-03-14,23345.88
2011-03-15,22678.25
2011-03-16,22700.88
2011-03-17,22284.43
2011-03-18,22300.23
2011-03-21,22685.22
2011-03-22,22857.9
2011-03-23,22825.4
2011-03-24,22915.28
2011-03-25,23158.67
2011-03-28,23068.19
2011-03-29,23060.36
2011-03-30,23451.43
2011-03-31,23527.52
2011-04-01,23801.9
2011-04-04,24150.58
2011-04-06,24285.05
2011-04-07,24281.8
2011-04-08,24396.07
2011-04-11,24303.07
2011-04-12,23976.37
2011-04-13,24135.03
2011-04-14,24014.0
2011-04-15,24008.07
2011-04-18,23830.31
2011-04-19,23520.62
2011-04-20,23896.1
2011-04-21,24138.31
2011-04-26,24007.38
2011-04-27,23892.84
2011-04-28,23805.63
2011-04-29,23720.81
2011-05-03,23633.25
2011-05-04,23315.24
2011-05-05,23261.61
2011-05-06,23159.14
2011-05-09,23336.0
2011-05-11,23291.8
2011-05-12,23073.76
2011-05-13,23276.27
2011-05-16,22960.63
2011-05-17,22901.08
2011-05-18,23011.14
2011-05-19,23163.38
2011-05-20,23199.39
2011-05-23,22711.02
2011-05-24,22730.78
2011-05-25,22747.28
2011-05-26,22900.79
2011-05-27,23118.07
2011-05-30,23184.32
2011-05-31,23684.13
2011-06-01,23626.43
2011-06-02,23253.84
2011-06-03,22949.56
2011-06-07,22868.67
2011-06-08,22661.63
2011-06-09,22609.83
2011-06-10,22420.37
2011-06-13,22508.08
2011-06-14,22496.0
2011-06-15,22343.77
2011-06-16,21953.11
2011-06-17,21695.26
2011-06-20,21599.51
2011-06-21,21850.59
2011-06-22,21859.97
2011-06-23,21759.14
2011-06-24,22171.95
2011-06-27,22041.77
2011-06-28,22061.78
2011-06-29,22061.18
2011-06-30,22398.1
2011-07-04,22770.47
2011-07-05,22747.95
2011-07-06,22517.55
2011-07-07,22530.18
2011-07-08,22726.43
2011-07-11,22347.23
2011-07-12,21663.16
2011-07-13,21926.88
2011-07-14,21940.2
2011-07-15,21875.38
2011-07-18,21804.75
2011-07-19,21902.4
2011-07-20,22003.69
2011-07-21,21987.29
2011-07-22,22444.8
2011-07-25,22293.29
2011-07-26,22572.08
2011-07-27,22541.69
2011-07-28,22570.74
2011-07-29,22440.25
2011-08-01,22663.37
2011-08-02,22421.46
2011-08-03,21992.72
2011-08-04,21884.74
2011-08-05,20946.14
2011-08-08,20490.57
2011-08-09,19330.7
2011-08-10,19783.67
2011-08-11,19595.14
2011-08-12,19620.01
2011-08-15,20260.1
2011-08-16,20212.08
2011-08-17,20289.03
2011-08-18,20016.27
2011-08-19,19399.92
2011-08-22,19486.87
2011-08-23,19875.53
2011-08-24,19466.79
2011-08-25,19752.48
2011-08-26,19582.88
2011-08-29,19865.11
2011-08-30,20204.17
2011-08-31,20534.85
2011-09-01,20585.33
2011-09-02,20212.91
2011-09-05,19616.4
2011-09-06,19710.5
2011-09-07,20048.0
2011-09-08,19912.82
2011-09-09,19866.63
2011-09-12,19030.54
2011-09-14,19045.44
2011-09-15,19181.5
2011-09-16,19455.31
2011-09-19,18917.95
2011-09-20,19014.8
2011-09-21,18824.17
2011-09-22,17911.95
2011-09-23,17668.83
2011-09-26,17407.8
2011-09-27,18130.55
2011-09-28,18011.06
2011-09-30,17592.41
2011-10-03,16822.15
2011-10-04,16250.27
2011-10-06,17172.28
2011-10-07,17707.01
2011-10-10,17711.06
2011-10-11,18141.59
2011-10-12,18329.46
2011-10-13,18757.81
2011-10-14,18501.79
2011-10-17,18873.99
2011-10-18,18076.46
2011-10-19,18309.22
2011-10-20,17983.1
2011-10-21,18025.72
2011-10-24,18771.82
2011-10-25,18968.2
2011-10-26,19066.54
2011-10-27,19688.7
2011-10-28,20019.24
2011-10-31,19864.87
2011-11-01,19369.96
2011-11-02,19733.71
2011-11-03,19242.5
2011-11-04,19842.79
2011-11-07,19677.89
2011-11-08,19678.47
2011-11-09,20014.43
2011-11-10,18963.89
2011-11-11,19137.17
2011-11-14,19508.18
2011-11-15,19348.44
2011-11-16,18960.9
2011-11-17,18817.47
2011-11-18,18491.23
2011-11-21,18225.85
2011-11-22,18251.59
2011-11-23,17864.43
2011-11-24,17935.1
2011-11-25,17689.48
2011-11-28,18037.81
2011-11-29,18256.2
2011-11-30,17989.35
2011-12-01,19002.26
2011-12-02,19040.39
2011-12-05,19179.69
2011-12-06,18942.23
2011-12-07,19240.58
2011-12-08,19107.81
2011-12-09,18586.23
2011-12-12,18575.66
2011-12-13,18447.17
2011-12-14,18354.43
2011-12-15,18026.84
2011-12-16,18285.39
2011-12-19,18070.21
2011-12-20,18080.2
2011-12-21,18416.45
2011-12-22,18378.23
2011-12-23,18629.17
2011-12-28,18518.67
2011-12-29,18397.92
2011-12-30,18434.39
2012-01-03,18877.41
2012-01-04,18727.31
2012-01-05,18813.41
2012-01-06,18593.06
2012-01-09,18865.72
2012-01-10,19004.28
2012-01-11,19151.94
2012-01-12,19095.38
2012-01-13,19204.42
2012-01-16,19012.2
2012-01-17,19627.75
2012-01-18,19686.92
2012-01-19,19942.95
2012-01-20,20110.37
2012-01-26,20439.14
2012-01-27,20501.67
2012-01-30,20160.41
2012-01-31,20390.49
2012-02-01,20333.37
2012-02-02,20739.45
2012-02-03,20756.98
2012-02-06,20709.94
2012-02-07,20699.19
2012-02-08,21018.46
2012-02-09,21010.01
2012-02-10,20783.86
2012-02-13,20887.4
2012-02-14,20917.83
2012-02-15,21365.23
2012-02-16,21277.28
2012-02-17,21491.62
2012-02-20,21424.79
2012-02-21,21478.72
2012-02-22,21549.28
2012-02-23,21380.99
2012-02-24,21406.86
2012-02-27,21217.86
2012-02-28,21568.73
2012-02-29,21680.08
2012-03-01,21387.96
2012-03-02,21562.26
2012-03-05,21265.31
2012-03-06,20806.25
2012-03-07,20627.78
2012-03-08,20900.73
2012-03-09,21086.0
2012-03-12,21134.18
2012-03-13,21339.7
2012-03-14,21307.89
2012-03-15,21353.53
2012-03-16,21317.85
2012-03-19,21115.29
2012-03-20,20888.24
2012-03-21,20856.63
2012-03-22,20901.56
2012-03-23,20668.8
2012-03-26,20668.86
2012-03-27,21046.91
2012-03-28,20885.42
2012-03-29,20609.39
2012-03-30,20555.58
2012-04-02,20522.26
2012-04-03,20790.98
2012-04-05,20593.0
2012-04-10,20356.24
2012-04-11,20140.67
2012-04-12,20327.32
2012-04-13,20701.04
2012-04-16,20610.64
2012-04-17,20562.31
2012-04-18,20780.73
2012-04-19,20995.01
2012-04-20,21010.64
2012-04-23,20624.39
2012-04-24,20677.16
2012-04-25,20646.29
2012-04-26,20809.71
2012-04-27,20741.45
2012-04-30,21094.21
2012-05-02,21309.08
2012-05-03,21249.53
2012-05-04,21086.0
2012-05-07,20536.65
2012-05-08,20484.75
2012-05-09,20330.64
2012-05-10,20227.28
2012-05-11,19964.63
2012-05-14,19735.04
2012-05-15,19894.31
2012-05-16,19259.83
2012-05-17,19200.93
2012-05-18,18951.85
2012-05-21,18922.32
2012-05-22,19039.15
2012-05-23,18786.19
2012-05-24,18666.4
2012-05-25,18713.41
2012-05-28,18800.99
2012-05-29,19055.46
2012-05-30,18690.22
2012-05-31,18629.52
2012-06-01,18558.34
2012-06-04,18185.59
2012-06-05,18259.03
2012-06-06,18520.53
2012-06-07,18678.29
2012-06-08,18502.34
2012-06-11,18953.63
2012-06-12,18872.56
2012-06-13,19026.52
2012-06-14,18808.4
2012-06-15,19233.94
2012-06-18,19427.81
2012-06-19,19416.67
2012-06-20,19518.85
2012-06-21,19265.07
2012-06-22,18995.13
2012-06-25,18897.45
2012-06-26,18981.84
2012-06-27,19176.95
2012-06-28,19025.27
2012-06-29,19441.46
2012-07-03,19735.53
2012-07-04,19709.75
2012-07-05,19809.13
2012-07-06,19800.64
2012-07-09,19428.09
2012-07-10,19396.36
2012-07-11,19419.87
2012-07-12,19025.11
2012-07-13,19092.63
2012-07-16,19121.34
2012-07-17,19455.33
2012-07-18,19239.88
2012-07-19,19559.05
2012-07-20,19640.8
2012-07-23,19053.47
2012-07-24,18903.2
2012-07-25,18877.33
2012-07-26,18892.79
2012-07-27,19274.96
2012-07-30,19585.4
2012-07-31,19796.81
2012-08-01,19820.38
2012-08-02,19690.2
2012-08-03,19666.18
2012-08-06,19998.72
2012-08-07,20072.55
2012-08-08,20065.52
2012-08-09,20269.47
2012-08-10,20136.12
2012-08-13,20081.36
2012-08-14,20291.68
2012-08-15,20052.29
2012-08-16,19962.95
2012-08-17,20116.07
2012-08-20,20104.27
2012-08-21,20100.09
2012-08-22,19887.78
2012-08-23,20132.24
2012-08-24,19880.03
2012-08-27,19798.67
2012-08-28,19811.8
2012-08-29,19788.51
2012-08-30,19552.91
2012-08-31,19482.57
2012-09-03,19559.21
2012-09-04,19429.91
2012-09-05,19145.07
2012-09-06,19209.3
2012-09-07,19802.16
2012-09-10,19827.17
2012-09-11,19857.88
2012-09-12,20075.39
2012-09-13,20047.63
2012-09-14,20629.78
2012-09-17,20658.11
2012-09-18,20601.93
2012-09-19,20841.91
2012-09-20,20590.92
2012-09-21,20734.94
2012-09-24,20694.7
2012-09-25,20698.68
2012-09-26,20527.73
2012-09-27,20762.29
2012-09-28,20840.38
2012-10-03,20888.28
2012-10-04,20907.95
2012-10-05,21012.38
2012-10-08,20824.56
2012-10-09,20937.28
2012-10-10,20919.6
2012-10-11,20999.05
2012-10-12,21136.43
2012-10-15,21148.25
2012-10-16,21207.07
2012-10-17,21416.64
2012-10-18,21518.71
2012-10-19,21551.76
2012-10-22,21697.55
2012-10-24,21763.78
2012-10-25,21810.23
2012-10-26,21545.57
2012-10-29,21511.05
2012-10-30,21428.58
2012-10-31,21641.82
2012-11-01,21821.87
2012-11-02,22111.33
2012-11-05,22006.4
2012-11-06,21944.43
2012-11-07,22099.85
2012-11-08,21566.91
2012-11-09,21384.38
2012-11-12,21430.3
2012-11-13,21188.65
2012-11-14,21441.99
2012-11-15,21108.93
2012-11-16,21159.01
2012-11-19,21262.06
2012-11-20,21228.28
2012-11-21,21524.36
2012-11-22,21743.2
2012-11-23,21913.98
2012-11-26,21861.81
2012-11-27,21844.03
2012-11-28,21708.98
2012-11-29,21922.89
2012-11-30,22030.39
2012-12-03,21767.85
2012-12-04,21799.97
2012-12-05,22270.91
2012-12-06,22249.81
2012-12-07,22191.17
2012-12-10,22276.72
2012-12-11,22323.94
2012-12-12,22503.35
2012-12-13,22445.58
2012-12-14,22605.98
2012-12-17,22513.61
2012-12-18,22494.73
2012-12-19,22623.37
2012-12-20,22659.78
2012-12-21,22506.29
2012-12-24,22541.18
2012-12-27,22619.78
2012-12-28,22666.59
2012-12-31,22656.92
2013-01-02,23311.98
2013-01-03,23398.6
2013-01-04,23331.09
2013-01-07,23329.75
2013-01-08,23111.19
2013-01-09,23218.47
2013-01-10,23354.31
2013-01-11,23264.07
2013-01-14,23413.26
2013-01-15,23381.51
2013-01-16,23356.99
2013-01-17,23339.76
2013-01-18,23601.78
2013-01-21,23590.91
2013-01-22,23658.99
2013-01-23,23635.1
2013-01-24,23598.9
2013-01-25,23580.43
2013-01-28,23671.88
2013-01-29,23655.17
2013-01-30,23822.06
2013-01-31,23729.53
2013-02-01,23721.84
2013-02-04,23685.01
2013-02-05,23148.53
2013-02-06,23256.93
2013-02-07,23177.0
2013-02-08,23215.16
2013-02-14,23413.25
2013-02-15,23444.56
2013-02-18,23381.94
2013-02-19,23143.91
2013-02-20,23307.41
2013-02-21,22906.67
2013-02-22,22782.44
2013-02-25,22820.08
2013-02-26,22519.69
2013-02-27,22577.01
2013-02-28,23004.78
2013-03-01,22880.22
2013-03-04,22537.81
2013-03-05,22560.5
2013-03-06,22777.84
2013-03-07,22771.44
2013-03-08,23091.95
2013-03-11,23090.82
2013-03-12,22890.6
2013-03-13,22556.65
2013-03-14,22619.18
2013-03-15,22533.11
2013-03-18,22083.36
2013-03-19,22041.86
2013-03-20,22256.44
2013-03-21,22225.88
2013-03-22,22115.3
2013-03-25,22251.15
2013-03-26,22311.08
2013-03-27,22464.82
2013-03-28,22299.63
2013-04-02,22367.82
2013-04-03,22337.49
2013-04-05,21726.9
2013-04-08,21718.05
2013-04-09,21870.34
2013-04-10,22034.56
2013-04-11,22101.27
2013-04-12,22089.05
2013-04-15,21772.67
2013-04-16,21672.03
2013-04-17,21569.67
2013-04-18,21512.52
2013-04-19,22013.57
2013-04-22,22044.37
2013-04-23,21806.61
2013-04-24,22183.05
2013-04-25,22401.24
2013-04-26,22547.71
2013-04-29,22580.77
2013-04-30,22737.01
2013-05-02,22668.3
2013-05-03,22689.96
2013-05-06,22915.09
2013-05-07,23047.09
2013-05-08,23244.35
2013-05-09,23211.48
2013-05-10,23321.22
2013-05-13,22989.81
2013-05-14,22930.28
2013-05-15,23044.24
2013-05-16,23082.68
2013-05-20,23493.03
2013-05-21,23366.37
2013-05-22,23261.08
2013-05-23,22669.68
2013-05-24,22618.67
2013-05-27,22686.05
2013-05-28,22924.25
2013-05-29,22554.93
2013-05-30,22484.31
2013-05-31,22392.16
2013-06-03,22282.19
2013-06-04,22285.52
2013-06-05,22069.24
2013-06-06,21838.43
2013-06-07,21575.26
2013-06-10,21615.09
2013-06-11,21354.66
2013-06-13,20887.04
2013-06-14,20969.14
2013-06-17,21225.9
2013-06-18,21225.88
2013-06-19,20986.89
2013-06-20,20382.87
2013-06-21,20264.23
2013-06-24,19813.98
2013-06-25,19855.72
2013-06-26,20338.55
2013-06-27,20440.08
2013-06-28,20803.29
2013-07-02,20658.65
2013-07-03,20147.31
2013-07-04,20468.67
2013-07-05,20854.67
2013-07-08,20582.19
2013-07-09,20683.01
2013-07-10,20904.56
2013-07-11,21437.49
2013-07-12,21277.28
2013-07-15,21303.31
2013-07-16,21312.38
2013-07-17,21371.87
2013-07-18,21345.22
2013-07-19,21362.42
2013-07-22,21416.5
2013-07-23,21915.42
2013-07-24,21968.93
2013-07-25,21900.96
2013-07-26,21968.95
2013-07-29,21850.15
2013-07-30,21953.96
2013-07-31,21883.66
2013-08-01,22088.79
2013-08-02,22190.97
2013-08-05,22222.01
2013-08-06,21923.7
2013-08-07,21588.84
2013-08-08,21655.88
2013-08-09,21807.56
2013-08-12,22271.28
2013-08-13,22541.13
2013-08-15,22539.25
2013-08-16,22517.81
2013-08-19,22463.7
2013-08-20,21970.29
2013-08-21,21817.73
2013-08-22,21895.4
2013-08-23,21863.51
2013-08-26,22005.32
2013-08-27,21874.77
2013-08-28,21524.65
2013-08-29,21704.78
2013-08-30,21731.37
2013-09-02,22175.34
2013-09-03,22394.58
2013-09-04,22326.22
2013-09-05,22597.97
2013-09-06,22621.22
2013-09-09,22750.65
2013-09-10,22976.65
2013-09-11,22937.14
2013-09-12,22953.72
2013-09-13,22915.28
2013-09-16,23252.41
2013-09-17,23180.52
2013-09-18,23117.45
2013-09-19,23502.51
2013-09-23,23371.54
2013-09-24,23179.04
2013-09-25,23209.63
2013-09-26,23125.03
2013-09-27,23207.04
2013-09-30,22859.86
2013-10-02,22984.48
2013-10-03,23214.4
2013-10-04,23138.54
2013-10-07,22973.95
2013-10-08,23178.85
2013-10-09,23033.97
2013-10-10,22951.3
2013-10-11,23218.32
2013-10-15,23336.52
2013-10-16,23228.33
2013-10-17,23094.88
2013-10-18,23340.1
2013-10-21,23438.15
2013-10-22,23315.99
2013-10-23,22999.95
2013-10-24,22835.82
2013-10-25,22698.34
2013-10-28,22806.58
2013-10-29,22846.54
2013-10-30,23304.02
2013-10-31,23206.37
2013-11-01,23249.79
2013-11-04,23189.62
2013-11-05,23038.95
2013-11-06,23036.94
2013-11-07,22881.03
2013-11-08,22744.39
2013-11-11,23069.85
2013-11-12,22901.41
2013-11-13,22463.83
2013-11-14,22649.15
2013-11-15,23032.15
2013-11-18,23660.06
2013-11-19,23657.81
2013-11-20,23700.86
2013-11-21,23580.29
2013-11-22,23696.28
2013-11-25,23684.45
2013-11-26,23681.28
2013-11-27,23806.35
2013-11-28,23789.09
2013-11-29,23881.29
2013-12-02,24038.55
2013-12-03,23910.47
2013-12-04,23728.7
2013-12-05,23712.57
2013-12-06,23743.1
2013-12-09,23811.17
2013-12-10,23744.19
2013-12-11,23338.24
2013-12-12,23218.12
2013-12-13,23245.96
2013-12-16,23114.66
2013-12-17,23069.23
2013-12-18,23143.82
2013-12-19,22888.75
2013-12-20,22812.18
2013-12-23,22921.56
2013-12-24,23179.55
2013-12-27,23243.24
2013-12-30,23244.87
2013-12-31,23306.39
2014-01-02,23340.05
2014-01-03,22817.28
2014-01-06,22684.15
2014-01-07,22712.78
2014-01-08,22996.59
2014-01-09,22787.33
2014-01-10,22846.25
2014-01-13,22888.76
2014-01-14,22791.28
2014-01-15,22902.0
2014-01-16,22986.41
2014-01-17,23133.35
2014-01-20,22928.95
2014-01-21,23033.12
2014-01-22,23082.25
2014-01-23,22733.9
2014-01-24,22450.06
2014-01-27,21976.1
2014-01-28,21960.64
2014-01-29,22141.61
2014-01-30,22035.42
2014-02-04,21397.77
2014-02-05,21269.38
2014-02-06,21423.13
2014-02-07,21636.85
2014-02-10,21579.26
2014-02-11,21962.98
2014-02-12,22285.79
2014-02-13,22165.53
2014-02-14,22298.41
2014-02-17,22535.94
2014-02-18,22587.72
2014-02-19,22664.52
2014-02-20,22394.08
2014-02-21,22568.24
2014-02-24,22388.56
2014-02-25,22317.2
2014-02-26,22437.44
2014-02-27,22828.18
2014-02-28,22836.96
2014-03-03,22500.67
2014-03-04,22657.63
2014-03-05,22579.78
2014-03-06,22702.97
2014-03-07,22660.49
2014-03-10,22264.93
2014-03-11,22269.61
2014-03-12,21901.95
2014-03-13,21756.08
2014-03-14,21539.49
2014-03-17,21473.95
2014-03-18,21583.5
2014-03-19,21568.69
2014-03-20,21182.16
2014-03-21,21436.7
2014-03-24,21846.45
2014-03-25,21732.32
2014-03-26,21887.75
2014-03-27,21834.45
2014-03-28,22065.53
2014-03-31,22151.06
2014-04-01,22448.54
2014-04-02,22523.94
2014-04-03,22565.08
2014-04-04,22510.08
2014-04-07,22377.15
2014-04-08,22596.97
2014-04-09,22843.17
2014-04-10,23186.96
2014-04-11,23003.64
2014-04-14,23038.8
2014-04-15,22671.26
2014-04-16,22696.01
2014-04-17,22760.24
2014-04-22,22730.68
2014-04-23,22509.64
2014-04-24,22562.8
2014-04-25,22223.53
2014-04-28,22132.53
2014-04-29,22453.89
2014-04-30,22133.97
2014-05-02,22260.67
2014-05-05,21976.33
2014-05-07,21746.26
2014-05-08,21837.12
2014-05-09,21862.99
2014-05-12,22261.61
2014-05-13,22352.38
2014-05-14,22582.77
2014-05-15,22730.86
2014-05-16,22712.91
2014-05-19,22704.5
2014-05-20,22834.68
2014-05-21,22836.52
2014-05-22,22953.76
2014-05-23,22965.86
2014-05-26,22963.18
2014-05-27,22944.3
2014-05-28,23080.03
2014-05-29,23010.14
2014-05-30,23081.65
2014-06-03,23291.04
2014-06-04,23151.71
2014-06-05,23109.66
2014-06-06,22951.0
2014-06-09,23117.47
2014-06-10,23315.74
2014-06-11,23257.29
2014-06-12,23175.02
2014-06-13,23319.17
2014-06-16,23300.67
2014-06-17,23203.59
2014-06-18,23181.72
2014-06-19,23167.73
2014-06-20,23194.06
2014-06-23,22804.81
2014-06-24,22880.64
2014-06-25,22866.7
2014-06-26,23197.83
2014-06-27,23221.52
2014-06-30,23190.72
2014-07-02,23549.62
2014-07-03,23531.44
2014-07-04,23546.36
2014-07-07,23540.92
2014-07-08,23541.38
2014-07-09,23176.07
2014-07-10,23238.99
2014-07-11,23233.45
2014-07-14,23346.67
2014-07-15,23459.96
2014-07-16,23523.28
2014-07-17,23520.87
2014-07-18,23454.79
2014-07-21,23387.14
2014-07-22,23782.11
2014-07-23,23971.87
2014-07-24,24141.5
2014-07-25,24216.01
2014-07-28,24428.63
2014-07-29,24640.53
2014-07-30,24732.21
2014-07-31,24756.85
2014-08-01,24532.43
2014-08-04,24600.08
2014-08-05,24648.26
2014-08-06,24584.13
2014-08-07,24387.56
2014-08-08,24331.41
2014-08-11,24646.02
2014-08-12,24689.41
2014-08-13,24890.34
2014-08-14,24801.36
2014-08-15,24954.94
2014-08-18,24955.46
2014-08-19,25122.95
2014-08-20,25159.76
2014-08-21,24994.1
2014-08-22,25112.23
2014-08-25,25166.91
2014-08-26,25074.5
2014-08-27,24918.75
2014-08-28,24741.0
2014-08-29,24742.06
2014-09-01,24752.09
2014-09-02,24749.02
2014-09-03,25317.95
2014-09-04,25297.92
2014-09-05,25240.15
2014-09-08,25190.45
2014-09-10,24705.36
2014-09-11,24662.64
2014-09-12,24595.32
2014-09-15,24356.99
2014-09-16,24136.01
2014-09-17,24376.41
2014-09-18,24168.72
2014-09-19,24306.16
2014-09-22,23955.49
2014-09-23,23837.07
2014-09-24,23921.61
2014-09-25,23768.13
2014-09-26,23678.41
2014-09-29,23229.21
2014-09-30,22932.98
2014-10-03,23064.56
2014-10-06,23315.04
2014-10-07,23422.52
2014-10-08,23263.33
2014-10-09,23534.53
2014-10-10,23088.54
2014-10-13,23143.38
2014-10-14,23047.97
2014-10-15,23140.05
2014-10-16,22900.94
2014-10-17,23023.21
2014-10-20,23070.26
2014-10-21,23088.58
2014-10-22,23403.97
2014-10-23,23333.18
2014-10-24,23302.2
2014-10-27,23143.23
2014-10-28,23520.36
2014-10-29,23819.87
2014-10-30,23702.04
2014-10-31,23998.06
2014-11-03,23915.97
2014-11-04,23845.66
2014-11-05,23695.62
2014-11-06,23649.31
2014-11-07,23550.24
2014-11-10,23744.7
2014-11-11,23808.28
2014-11-12,23938.18
2014-11-13,24019.94
2014-11-14,24087.38
2014-11-17,23797.08
2014-11-18,23529.17
2014-11-19,23373.31
2014-11-20,23349.64
2014-11-21,23437.12
2014-11-24,23893.14
2014-11-25,23843.91
2014-11-26,24111.98
2014-11-27,24004.28
2014-11-28,23987.45
2014-12-01,23367.45
2014-12-02,23654.3
2014-12-03,23428.62
2014-12-04,23832.56
2014-12-05,24002.64
2014-12-08,24047.67
2014-12-09,23485.83
2014-12-10,23524.52
2014-12-11,23312.54
2014-12-12,23249.2
2014-12-15,23027.85
2014-12-16,22670.5
2014-12-17,22585.84
2014-12-18,22832.21
2014-12-19,23116.63
2014-12-22,23408.57
2014-12-23,23333.69
2014-12-24,23349.34
2014-12-29,23773.18
2014-12-30,23501.1
2014-12-31,23605.04
2015-01-02,23857.82
2015-01-05,23721.32
2015-01-06,23485.41
2015-01-07,23681.26
2015-01-08,23835.53
2015-01-09,23919.95
2015-01-12,24026.46
2015-01-13,24215.97
2015-01-14,24112.6
2015-01-15,24350.91
2015-01-16,24103.52
2015-01-19,23738.49
2015-01-20,23951.16
2015-01-21,24352.58
2015-01-22,24522.63
2015-01-23,24850.45
2015-01-26,24909.9
2015-01-27,24807.28
2015-01-28,24861.81
2015-01-29,24595.85
2015-01-30,24507.05
2015-02-02,24484.74
2015-02-03,24554.78
2015-02-04,24679.76
2015-02-05,24765.49
2015-02-06,24679.39
2015-02-09,24521.0
2015-02-10,24528.1
2015-02-11,24315.02
2015-02-12,24422.15
2015-02-13,24682.54
2015-02-16,24726.53
2015-02-17,24784.88
2015-02-18,24832.08
2015-02-23,24836.76
2015-02-24,24750.07
2015-02-25,24778.28
2015-02-26,24902.06
2015-02-27,24823.29
2015-03-02,24887.44
2015-03-03,24702.78
2015-03-04,24465.38
2015-03-05,24193.04
2015-03-06,24164.0
2015-03-09,24123.05
2015-03-10,23896.98
2015-03-11,23717.97
2015-03-12,23797.96
2015-03-13,23823.21
2015-03-16,23949.55
2015-03-17,23901.49
2015-03-18,24120.08
2015-03-19,24468.89
2015-03-20,24375.24
2015-03-23,24494.51
2015-03-24,24399.6
2015-03-25,24528.23
2015-03-26,24497.08
2015-03-27,24486.2
2015-03-30,24855.12
2015-03-31,24900.89
2015-04-01,25082.75
2015-04-02,25275.64
2015-04-08,26236.86
2015-04-09,26944.39
2015-04-10,27272.39
2015-04-13,28016.34
2015-04-14,27561.49
2015-04-15,27618.82
2015-04-16,27739.71
2015-04-17,27653.12
2015-04-20,27094.93
2015-04-21,27850.49
2015-04-22,27933.85
2015-04-23,27827.7
2015-04-24,28060.98
2015-04-27,28433.59
2015-04-28,28442.75
2015-04-29,28400.34
2015-04-30,28133.0
2015-05-04,28123.82
2015-05-05,27755.54
2015-05-06,27640.91
2015-05-07,27289.97
2015-05-08,27577.34
2015-05-11,27718.2
2015-05-12,27407.18
2015-05-13,27249.28
2015-05-14,27286.55
2015-05-15,27822.28
2015-05-18,27591.25
2015-05-19,27693.54
2015-05-20,27585.05
2015-05-21,27523.72
2015-05-22,27992.83
2015-05-26,28249.86
2015-05-27,28081.21
2015-05-28,27454.31
2015-05-29,27424.19
2015-06-01,27597.16
2015-06-02,27466.72
2015-06-03,27657.47
2015-06-04,27551.89
2015-06-05,27260.16
2015-06-08,27316.28
2015-06-09,26989.52
2015-06-10,26687.64
2015-06-11,26907.85
2015-06-12,27280.54
2015-06-15,26861.81
2015-06-16,26566.7
2015-06-17,26753.79
2015-06-18,26694.66
2015-06-19,26760.53
2015-06-22,27080.85
2015-06-23,27333.46
2015-06-24,27404.97
2015-06-25,27145.75
2015-06-26,26663.87
2015-06-29,25966.98
2015-06-30,26250.03
2015-07-02,26282.32
2015-07-03,26064.11
2015-07-06,25236.28
2015-07-07,24975.31
2015-07-08,23516.56
2015-07-09,24392.79
2015-07-10,24901.28
2015-07-13,25224.01
2015-07-14,25120.91
2015-07-15,25055.76
2015-07-16,25162.78
2015-07-17,25415.27
2015-07-20,25404.81
2015-07-21,25536.43
2015-07-22,25282.62
2015-07-23,25398.85
2015-07-24,25128.51
2015-07-27,24351.96
2015-07-28,24503.94
2015-07-29,24619.45
2015-07-30,24497.98
2015-07-31,24636.28
2015-08-03,24411.42
2015-08-04,24406.12
2015-08-05,24514.16
2015-08-06,24375.28
2015-08-07,24552.47
2015-08-10,24521.12
2015-08-11,24498.21
2015-08-12,23916.02
2015-08-13,24018.8
2015-08-14,23991.03
2015-08-17,23814.65
2015-08-18,23474.97
2015-08-19,23167.85
2015-08-20,22757.47
2015-08-21,22409.62
2015-08-24,21251.57
2015-08-25,21404.96
2015-08-26,21080.39
2015-08-27,21838.54
2015-08-28,21612.39
2015-08-31,21670.58
2015-09-01,21185.43
2015-09-02,20934.94
2015-09-04,20840.61
2015-09-07,20583.52
2015-09-08,21259.04
2015-09-09,22131.31
2015-09-10,21562.5
2015-09-11,21504.37
2015-09-14,21561.9
2015-09-15,21455.23
2015-09-16,21966.66
2015-09-17,21854.63
2015-09-18,21920.83
2015-09-21,21756.93
2015-09-22,21796.58
2015-09-23,21302.91
2015-09-24,21095.98
2015-09-25,21186.32
2015-09-29,20556.6
2015-09-30,20846.3
2015-10-02,21506.09
2015-10-05,21854.5
2015-10-06,21831.62
2015-10-07,22515.76
2015-10-08,22354.91
2015-10-09,22458.8
2015-10-12,22730.93
2015-10-13,22600.46
2015-10-14,22439.91
2015-10-15,22888.17
2015-10-16,23067.37
2015-10-19,23075.61
2015-10-20,22989.22
2015-10-22,22845.37
2015-10-23,23151.94
2015-10-26,23116.25
2015-10-27,23142.73
2015-10-28,22956.57
2015-10-29,22819.94
2015-10-30,22640.04
2015-11-02,22370.04
2015-11-03,22568.43
2015-11-04,23053.57
2015-11-05,23051.04
2015-11-06,22867.33
2015-11-09,22726.77
2015-11-10,22401.7
2015-11-11,22352.17
2015-11-12,22888.92
2015-11-13,22396.14
2015-11-16,22010.82
2015-11-17,22264.25
2015-11-18,22188.26
2015-11-19,22500.22
2015-11-20,22754.72
2015-11-23,22665.9
2015-11-24,22587.63
2015-11-25,22498.0
2015-11-26,22488.94
2015-11-27,22068.32
2015-11-30,21996.42
2015-12-01,22381.35
2015-12-02,22479.69
2015-12-03,22417.01
2015-12-04,22235.89
2015-12-07,22203.22
2015-12-08,21905.13
2015-12-09,21803.76
2015-12-10,21704.61
2015-12-11,21464.05
2015-12-14,21309.85
2015-12-15,21274.37
2015-12-16,21701.21
2015-12-17,21872.06
2015-12-18,21755.56
2015-12-21,21791.68
2015-12-22,21830.02
2015-12-23,22040.59
2015-12-24,22138.13
2015-12-28,21919.62
2015-12-29,21999.62
2015-12-30,21882.15
2015-12-31,21914.4
2016-01-04,21327.12
2016-01-05,21188.72
2016-01-06,20980.81
2016-01-07,20333.34
2016-01-08,20453.71
2016-01-11,19888.5
2016-01-12,19711.76
2016-01-13,19934.88
2016-01-14,19817.41
2016-01-15,19520.77
2016-01-18,19237.45
2016-01-19,19635.81
2016-01-20,18886.3
2016-01-21,18542.15
2016-01-22,19080.51
2016-01-25,19340.14
2016-01-26,18860.8
2016-01-27,19052.45
2016-01-28,19195.83
2016-01-29,19683.11
2016-02-01,19595.5
2016-02-02,19446.84
2016-02-03,18991.59
2016-02-04,19183.09
2016-02-05,19288.17
2016-02-11,18545.8
2016-02-12,18319.58
2016-02-15,18918.14
2016-02-16,19122.08
2016-02-17,18924.57
2016-02-18,19363.08
2016-02-19,19285.5
2016-02-22,19464.09
2016-02-23,19414.78
2016-02-24,19192.45
2016-02-25,18888.75
2016-02-26,19364.15
2016-02-29,19111.93
2016-03-01,19407.46
2016-03-02,20003.49
2016-03-03,19941.76
2016-03-04,20176.7
2016-03-07,20159.72
2016-03-08,20011.58
2016-03-09,19996.26
2016-03-10,19984.42
2016-03-11,20199.6
2016-03-14,20435.34
2016-03-15,20288.77
2016-03-16,20257.7
2016-03-17,20503.81
2016-03-18,20671.63
2016-03-21,20684.15
2016-03-22,20666.75
2016-03-23,20615.23
2016-03-24,20345.61
2016-03-29,20366.3
2016-03-30,20803.39
2016-03-31,20776.7
2016-04-01,20498.92
2016-04-05,20177.0
2016-04-06,20206.67
2016-04-07,20266.05
2016-04-08,20370.4
2016-04-11,20440.81
2016-04-12,20504.44
2016-04-13,21158.71
2016-04-14,21337.81
2016-04-15,21316.47
2016-04-18,21161.5
2016-04-19,21436.21
2016-04-20,21236.31
2016-04-21,21622.25
2016-04-22,21467.04
2016-04-25,21304.44
2016-04-26,21407.27
2016-04-27,21361.6
2016-04-28,21388.03
2016-04-29,21067.05
2016-05-03,20676.94
2016-05-04,20525.83
2016-05-05,20449.82
2016-05-06,20109.87
2016-05-09,20156.81
2016-05-10,20242.68
2016-05-11,20055.29
2016-05-12,19915.46
2016-05-13,19719.29
2016-05-16,19883.95
2016-05-17,20118.8
2016-05-18,19826.41
2016-05-19,19694.33
2016-05-20,19852.2
2016-05-23,19809.03
2016-05-24,19830.43
2016-05-25,20368.05
2016-05-26,20397.11
2016-05-27,20576.77
2016-05-30,20629.39
2016-05-31,20815.09
2016-06-01,20760.98
2016-06-02,20859.22
2016-06-03,20947.24
2016-06-06,21030.22
2016-06-07,21328.24
2016-06-08,21297.88
2016-06-10,21042.64
2016-06-13,20512.99
2016-06-14,20387.53
2016-06-15,20467.52
2016-06-16,20038.42
2016-06-17,20169.98
2016-06-20,20510.2
2016-06-21,20668.44
2016-06-22,20795.12
2016-06-23,20868.34
2016-06-24,20259.13
2016-06-27,20227.3
2016-06-28,20172.46
2016-06-29,20436.12
2016-06-30,20794.37
2016-07-04,21059.2
2016-07-05,20750.72
2016-07-06,20495.29
2016-07-07,20706.92
2016-07-08,20564.17
2016-07-11,20880.5
2016-07-12,21224.74
2016-07-13,21322.37
2016-07-14,21561.06
2016-07-15,21659.25
2016-07-18,21803.18
2016-07-19,21673.2
2016-07-20,21882.48
2016-07-21,22000.49
2016-07-22,21964.27
2016-07-25,21993.44
2016-07-26,22129.73
2016-07-27,22218.99
2016-07-28,22174.34
2016-07-29,21891.37
2016-08-01,22129.14
2016-08-03,21739.12
2016-08-04,21832.23
2016-08-05,22146.09
2016-08-08,22494.76
2016-08-09,22465.61
2016-08-10,22492.43
2016-08-11,22580.55
2016-08-12,22766.91
2016-08-15,22932.51
2016-08-16,22910.84
2016-08-17,22799.78
2016-08-18,23023.16
2016-08-19,22937.22
2016-08-22,22997.91
2016-08-23,22998.93
2016-08-24,22820.78
2016-08-25,22814.95
2016-08-26,22909.54
2016-08-29,22821.34
2016-08-30,23016.11
2016-08-31,22976.88
2016-09-01,23162.34
2016-09-02,23266.7
2016-09-05,23649.55
2016-09-06,23787.68
2016-09-07,23741.81
2016-09-08,23919.34
2016-09-09,24099.7
2016-09-12,23290.6
2016-09-13,23215.76
2016-09-14,23190.64
2016-09-15,23335.59
2016-09-19,23550.45
2016-09-20,23530.86
2016-09-21,23669.9
2016-09-22,23759.8
2016-09-23,23686.48
2016-09-26,23317.92
2016-09-27,23571.9
2016-09-28,23619.65
2016-09-29,23739.47
2016-09-30,23297.15
2016-10-03,23584.43
2016-10-04,23689.44
2016-10-05,23788.31
2016-10-06,23952.5
2016-10-07,23851.82
2016-10-11,23549.52
2016-10-12,23407.05
2016-10-13,23031.3
2016-10-14,23233.31
2016-10-17,23037.54
2016-10-18,23394.39
2016-10-19,23304.97
2016-10-20,23374.4
2016-10-21,23374.4
2016-10-24,23604.08
2016-10-25,23565.11
2016-10-26,23325.43
2016-10-27,23132.35
2016-10-28,22954.81
2016-10-31,22934.54
2016-11-01,23147.07
2016-11-02,22810.5
2016-11-03,22683.51
2016-11-04,22642.62
2016-11-07,22801.4
2016-11-08,22909.47
2016-11-09,22415.19
2016-11-10,22839.11
2016-11-11,22531.09
2016-11-14,22222.22
2016-11-15,22323.91
2016-11-16,22280.53
2016-11-17,22262.88
2016-11-18,22344.21
2016-11-21,22357.78
2016-11-22,22678.07
2016-11-23,22676.69
2016-11-24,22608.49
2016-11-25,22723.45
2016-11-28,22830.57
2016-11-29,22737.07
2016-11-30,22789.77
2016-12-01,22878.23
2016-12-02,22564.82
2016-12-05,22505.55
2016-12-06,22675.15
2016-12-07,22800.92
2016-12-08,22861.84
2016-12-09,22760.98
2016-12-12,22433.02
2016-12-13,22446.7
2016-12-14,22456.62
2016-12-15,22059.4
2016-12-16,22020.75
2016-12-19,21832.68
2016-12-20,21729.06
2016-12-21,21809.8
2016-12-22,21636.2
2016-12-23,21574.76
2016-12-28,21754.74
2016-12-29,21790.91
2016-12-30,22000.56
2017-01-03,22150.4
2017-01-04,22134.47
2017-01-05,22456.69
2017-01-06,22503.01
2017-01-09,22558.69
2017-01-10,22744.85
2017-01-11,22935.35
2017-01-12,22829.02
2017-01-13,22937.38
2017-01-16,22718.15
2017-01-17,22840.97
2017-01-18,23098.26
2017-01-19,23049.96
2017-01-20,22885.91
2017-01-23,22898.52
2017-01-24,22949.86
2017-01-25,23049.12
2017-01-26,23374.17
2017-01-27,23360.78
2017-02-01,23318.39
2017-02-02,23184.52
2017-02-03,23129.21
2017-02-06,23348.24
2017-02-07,23331.57
2017-02-08,23485.13
2017-02-09,23525.14
2017-02-10,23574.98
2017-02-13,23710.98
2017-02-14,23703.01
2017-02-15,23994.87
2017-02-16,24107.7
2017-02-17,24033.74
2017-02-20,24146.08
2017-02-21,23963.63
2017-02-22,24201.96
2017-02-23,24114.86
2017-02-24,23965.7
2017-02-27,23925.05
2017-02-28,23740.73
2017-03-01,23776.49
2017-03-02,23728.07
2017-03-03,23552.72
2017-03-06,23596.28
2017-03-07,23681.07
2017-03-08,23782.27
2017-03-09,23501.56
2017-03-10,23568.67
2017-03-13,23829.67
2017-03-14,23827.95
2017-03-15,23792.85
2017-03-16,24288.28
2017-03-17,24309.93
2017-03-20,24501.99
2017-03-21,24593.12
2017-03-22,24320.41
2017-03-23,24327.7
2017-03-24,24358.27
2017-03-27,24193.7
2017-03-28,24345.87
2017-03-29,24392.05
2017-03-30,24301.09
2017-03-31,24111.59
2017-04-03,24261.48
2017-04-05,24400.8
2017-04-06,24273.72
2017-04-07,24267.3
2017-04-10,24262.18
2017-04-11,24088.46
2017-04-12,24313.5
2017-04-13,24261.66
2017-04-18,23924.54
2017-04-19,23825.88
2017-04-20,24056.98
2017-04-21,24042.02
2017-04-24,24139.48
2017-04-25,24455.94
2017-04-26,24578.43
2017-04-27,24698.48
2017-04-28,24615.13
2017-05-02,24696.13
2017-05-04,24683.88
2017-05-05,24476.35
2017-05-08,24577.91
2017-05-09,24889.03
2017-05-10,25015.42
2017-05-11,25125.55
2017-05-12,25156.34
2017-05-15,25371.59
2017-05-16,25335.94
2017-05-17,25293.63
2017-05-18,25136.52
2017-05-19,25174.87
2017-05-22,25391.34
2017-05-23,25403.15
2017-05-24,25428.5
2017-05-25,25630.78
2017-05-26,25639.27
2017-05-29,25701.63
2017-05-31,25660.65
2017-06-01,25809.22
2017-06-02,25924.05
2017-06-05,25862.99
2017-06-06,25997.14
2017-06-07,25974.16
2017-06-08,26063.06
2017-06-09,26030.29
2017-06-12,25708.04
2017-06-13,25852.1
2017-06-14,25875.9
2017-06-15,25565.34
2017-06-16,25626.49
2017-06-19,25924.55
2017-06-20,25843.04
2017-06-21,25694.58
2017-06-22,25674.53
2017-06-23,25670.05
2017-06-26,25871.89
2017-06-27,25839.99
2017-06-28,25683.5
2017-06-29,25965.42
2017-06-30,25764.58
2017-07-03,25784.17
2017-07-04,25389.01
2017-07-05,25521.97
2017-07-06,25465.22
2017-07-07,25340.85
2017-07-10,25500.06
2017-07-11,25877.64
2017-07-12,26043.64
2017-07-13,26346.17
2017-07-14,26389.23
2017-07-17,26470.58
2017-07-18,26524.94
2017-07-19,26672.16
2017-07-20,26740.21
2017-07-21,26706.09
2017-07-24,26846.83
2017-07-25,26852.05
2017-07-26,26941.02
2017-07-27,27131.17
2017-07-28,26979.39
2017-07-31,27323.99
2017-08-01,27540.23
2017-08-02,27607.38
2017-08-03,27531.01
2017-08-04,27562.68
2017-08-07,27690.36
2017-08-08,27854.91
2017-08-09,27757.09
2017-08-10,27444.0
2017-08-11,26883.51
2017-08-14,27250.23
2017-08-15,27174.96
2017-08-16,27409.07
2017-08-17,27344.22
2017-08-18,27047.57
2017-08-21,27154.68
2017-08-22,27401.67
2017-08-24,27518.6
2017-08-25,27848.16
2017-08-28,27863.29
2017-08-29,27765.01
2017-08-30,28094.61
2017-08-31,27970.3
2017-09-01,27953.16
2017-09-04,27740.26
2017-09-05,27741.35
2017-09-06,27613.76
2017-09-07,27522.92
2017-09-08,27668.47
2017-09-11,27955.13
2017-09-12,27972.24
2017-09-13,27894.08
2017-09-14,27777.2
2017-09-15,27807.59
2017-09-18,28159.77
2017-09-19,28051.41
2017-09-20,28127.8
2017-09-21,28110.33
2017-09-22,27880.53
2017-09-25,27500.34
2017-09-26,27513.01
2017-09-27,27642.43
2017-09-28,27421.6
2017-09-29,27554.3
2017-10-03,28173.21
2017-10-04,28379.18
2017-10-06,28458.04
2017-10-09,28326.59
2017-10-10,28490.83
2017-10-11,28389.57
2017-10-12,28459.03
2017-10-13,28476.43
2017-10-16,28692.8
2017-10-17,28697.49
2017-10-18,28711.76
2017-10-19,28159.09
2017-10-20,28487.24
2017-10-23,28305.88
2017-10-24,28154.97
2017-10-25,28302.89
2017-10-26,28202.38
2017-10-27,28438.85
2017-10-30,28336.19
2017-10-31,28245.54
2017-11-01,28594.06
2017-11-02,28518.64
2017-11-03,28603.61
2017-11-06,28596.8
2017-11-07,28994.34
2017-11-08,28907.6
2017-11-09,29136.57
2017-11-10,29120.92
2017-11-13,29182.18
2017-11-14,29152.12
2017-11-15,28851.69
2017-11-16,29018.76
2017-11-17,29199.04
2017-11-20,29260.31
2017-11-21,29818.07
2017-11-22,30003.49
2017-11-23,29707.94
2017-11-24,29866.32
2017-11-27,29686.19
2017-11-28,29680.85
2017-11-29,29623.83
2017-11-30,29177.35
2017-12-01,29074.24
2017-12-04,29138.28
2017-12-05,28842.8
2017-12-06,28224.8
2017-12-07,28303.19
2017-12-08,28639.85
2017-12-11,28965.29
2017-12-12,28793.88
2017-12-13,29222.1
2017-12-14,29166.38
2017-12-15,28848.11
2017-12-18,29050.41
2017-12-19,29253.66
2017-12-20,29234.09
2017-12-21,29367.06
2017-12-22,29578.01
2017-12-27,29597.66
2017-12-28,29863.71
2017-12-29,29919.15
2018-01-02,30515.31
2018-01-03,30560.95
2018-01-04,30736.48
2018-01-05,30814.64
2018-01-08,30899.53
2018-01-09,31011.41
2018-01-10,31073.72
2018-01-11,31120.39
2018-01-12,31412.54
2018-01-15,31338.87
2018-01-16,31904.75
2018-01-17,31983.41
2018-01-18,32121.94
2018-01-19,32254.89
2018-01-22,32393.41
2018-01-23,32930.7
2018-01-24,32958.69
2018-01-25,32654.45
2018-01-26,33154.12
2018-01-29,32966.89
2018-01-30,32607.29
2018-01-31,32887.27
2018-02-01,32642.09
2018-02-02,32601.78
2018-02-05,32245.22
2018-02-06,30595.42
2018-02-07,30323.2
2018-02-08,30451.27
2018-02-09,29507.42
2018-02-12,29459.63
2018-02-13,29839.53
2018-02-14,30515.6
2018-02-15,31115.43
2018-02-20,30873.63
2018-02-21,31431.89
2018-02-22,30965.68
2018-02-23,31267.17
2018-02-26,31498.6
2018-02-27,31268.66
2018-02-28,30844.72
2018-03-01,31044.25
2018-03-02,30583.45
2018-03-05,29886.39
2018-03-06,30510.73
2018-03-07,30196.92
2018-03-08,30654.52
2018-03-09,30996.21
2018-03-12,31594.33
2018-03-13,31601.45
2018-03-14,31435.01
2018-03-15,31541.1
2018-03-16,31501.97
2018-03-19,31513.76
2018-03-20,31549.93
2018-03-21,31414.52
2018-03-22,31071.05
2018-03-23,30309.29
2018-03-26,30548.77
2018-03-27,30790.83
2018-03-28,30022.53
2018-03-29,30093.38
2018-04-03,30180.1
2018-04-04,29518.69
2018-04-06,29844.94
2018-04-09,30229.58
2018-04-10,30728.74
2018-04-11,30897.71
2018-04-12,30831.28
2018-04-13,30808.38
2018-04-16,30315.59
2018-04-17,30062.75
2018-04-18,30284.25
2018-04-19,30708.44
2018-04-20,30418.33
2018-04-23,30254.4
2018-04-24,30636.24
2018-04-25,30328.15
2018-04-26,30007.68
2018-04-27,30280.67
2018-04-30,30808.45
2018-05-02,30723.88
2018-05-03,30313.37
2018-05-04,29926.5
2018-05-07,29994.26
2018-05-08,30402.81
2018-05-09,30536.14
2018-05-10,30809.22
2018-05-11,31122.06
2018-05-14,31541.08
2018-05-15,31152.03
2018-05-16,31110.2
2018-05-17,30942.15
2018-05-18,31047.91
2018-05-21,31234.35
2018-05-23,30665.64
2018-05-24,30760.41
2018-05-25,30588.04
2018-05-28,30792.26
2018-05-29,30484.58
2018-05-30,30056.79
2018-05-31,30468.56
2018-06-01,30492.91
2018-06-04,30997.98
2018-06-05,31093.45
2018-06-06,31259.1
2018-06-07,31512.63
2018-06-08,30958.21
2018-06-11,31063.7
2018-06-12,31103.06
2018-06-13,30725.15
2018-06-14,30440.17
2018-06-15,30309.49
2018-06-19,29468.15
2018-06-20,29696.17
2018-06-21,29296.05
2018-06-22,29338.7
2018-06-25,28961.39
2018-06-26,28881.4
2018-06-27,28356.26
2018-06-28,28497.32
2018-06-29,28955.11
2018-07-03,28545.57
2018-07-04,28241.67
2018-07-05,28182.09
2018-07-06,28315.62
2018-07-09,28688.5
2018-07-10,28682.25
2018-07-11,28311.69
2018-07-12,28480.83
2018-07-13,28525.44
2018-07-16,28539.66
2018-07-17,28181.68
2018-07-18,28117.42
2018-07-19,28010.86
2018-07-20,28224.48
2018-07-23,28212.3398
2018-07-24,28662.57
2018-07-25,28920.9
2018-07-26,28781.14
2018-07-27,28804.28
2018-07-30,28733.13
2018-07-31,28583.01
2018-08-01,28340.74
2018-08-02,27714.56
2018-08-03,27676.32
2018-08-06,27819.56
2018-08-07,28248.88
2018-08-08,28359.14
2018-08-09,28607.3
2018-08-10,28366.62
2018-08-13,27936.57
2018-08-14,27752.93
2018-08-15,27323.59
2018-08-16,27100.06
2018-08-17,27213.41
2018-08-20,27598.02
2018-08-21,27752.79
2018-08-22,27927.58
2018-08-23,27790.46
2018-08-24,27671.87
2018-08-27,28271.27
2018-08-28,28351.62
2018-08-29,28416.44
2018-08-30,28164.05
2018-08-31,27888.55
2018-09-03,27712.54
2018-09-04,27973.34
2018-09-05,27243.85
2018-09-06,26974.82
2018-09-07,26973.47
2018-09-10,26613.42
2018-09-11,26422.55
2018-09-12,26345.04
2018-09-13,27014.49
2018-09-14,27286.41
2018-09-17,26932.85
2018-09-18,27084.66
2018-09-19,27407.37
2018-09-20,27477.67
2018-09-21,27953.58
2018-09-24,27499.39
2018-09-26,27816.87
2018-09-27,27715.67
2018-09-28,27788.52
2018-10-02,27126.38
2018-10-03,27091.26
2018-10-04,26623.87
2018-10-05,26572.57
2018-10-08,26202.57
2018-10-09,26172.91
2018-10-10,26193.07
2018-10-11,25266.37
2018-10-12,25801.49
2018-10-15,25445.06
2018-10-16,25462.26
2018-10-18,25454.55
2018-10-19,25561.4
2018-10-22,26153.15
2018-10-23,25346.55
2018-10-24,25249.78
2018-10-25,24994.46
2018-10-26,24717.63
2018-10-29,24812.04
2018-10-30,24585.53
2018-10-31,24979.69
2018-11-01,25416.0
2018-11-02,26486.35
2018-11-05,25934.39
2018-11-06,26120.96
2018-11-07,26147.69
2018-11-08,26227.72
2018-11-09,25601.92
2018-11-12,25633.18
2018-11-13,25792.87
2018-11-14,25654.43
2018-11-15,26103.34
2018-11-16,26183.53
2018-11-19,26372.0
2018-11-20,25840.34
2018-11-21,25971.47
2018-11-22,26019.41
2018-11-23,25927.68
2018-11-26,26376.18
2018-11-27,26331.96
2018-11-28,26682.56
2018-11-29,26451.03
2018-11-30,26506.75
2018-12-03,27182.04
2018-12-04,27260.44
2018-12-05,26819.68
2018-12-06,26156.38
2018-12-07,26063.76
2018-12-10,25752.38
2018-12-11,25771.67
2018-12-12,26186.71
2018-12-13,26524.35
2018-12-14,26094.79
2018-12-17,26087.98
2018-12-18,25814.25
2018-12-19,25865.39
2018-12-20,25623.53
2018-12-21,25753.42
2018-12-24,25651.38
2018-12-27,25478.88
2018-12-28,25504.2
2018-12-31,25845.7
2019-01-02,25130.35
2019-01-03,25064.36
2019-01-04,25626.03
2019-01-07,25835.7
2019-01-08,25875.45
2019-01-09,26462.32
2019-01-10,26521.43
2019-01-11,26667.27
2019-01-14,26298.33
2019-01-15,26830.29
2019-01-16,26902.1
2019-01-17,26755.63
2019-01-18,27090.81
2019-01-21,27196.54
2019-01-22,27005.45
2019-01-23,27008.2
2019-01-24,27120.98
2019-01-25,27569.19
2019-01-28,27576.96
2019-01-29,27531.68
2019-01-30,27642.85
2019-01-31,27942.47
2019-02-01,27930.74
2019-02-04,27990.21
2019-02-08,27946.32
2019-02-11,28143.84
2019-02-12,28171.33
2019-02-13,28497.59
2019-02-14,28432.05
2019-02-15,27900.84
2019-02-18,28347.01
2019-02-19,28228.13
2019-02-20,28514.05
2019-02-21,28629.92
2019-02-22,28816.3
2019-02-25,28959.3
2019-02-26,28772.06
2019-02-27,28757.44
2019-02-28,28633.18
2019-03-01,28812.17
2019-03-04,28959.59
2019-03-05,28961.6
2019-03-06,29037.6
2019-03-07,28779.45
2019-03-08,28228.42
2019-03-11,28503.3
2019-03-12,28920.87
2019-03-13,28807.45
2019-03-14,28851.39
2019-03-15,29012.26
2019-03-18,29409.01
2019-03-19,29466.28
2019-03-20,29320.97
2019-03-21,29071.56
2019-03-22,29113.36
2019-03-25,28523.35
2019-03-26,28566.91
2019-03-27,28728.25
2019-03-28,28775.21
2019-03-29,29051.36
2019-04-01,29562.02
2019-04-02,29665.0
