date,3045
1998-12-31,75.436
1999-01-29,66.685
1999-02-26,70.927
1999-03-31,85.471
1999-04-30,97.783
1999-05-31,94.664
1999-06-30,99.127
1999-07-30,91.442
1999-08-31,88.845
1999-09-30,90.121
1999-10-29,92.139
1999-11-30,103.754
1999-12-31,120.213
2000-01-31,114.929
2000-02-29,123.83
2000-03-31,124.987
2000-04-28,111.653
2000-05-31,106.037
2000-06-30,115.447
2000-07-31,113.026
2000-08-31,115.747
2000-09-29,108.905
2000-10-31,105.08
2000-11-30,95.438
2000-12-29,100.0
2001-01-01,100.0
2001-01-02,99.668
2001-01-03,104.119
2001-01-04,106.579
2001-01-05,104.669
2001-01-08,104.95
2001-01-09,106.474
2001-01-10,105.275
2001-01-11,106.273
2001-01-12,106.265
2001-01-15,106.736
2001-01-16,106.282
2001-01-17,108.057
2001-01-18,110.304
2001-01-19,111.425
2001-01-22,111.113
2001-01-23,113.155
2001-01-24,112.617
2001-01-25,112.06
2001-01-26,113.066
2001-01-29,113.59
2001-01-30,114.176
2001-01-31,114.52
2001-02-01,113.082
2001-02-02,111.915
2001-02-05,111.097
2001-02-06,111.631
2001-02-07,110.177
2001-02-08,111.681
2001-02-09,111.232
2001-02-12,111.39
2001-02-13,111.342
2001-02-14,110.955
2001-02-15,111.16
2001-02-16,108.71
2001-02-19,108.346
2001-02-20,107.25
2001-02-21,104.247
2001-02-22,104.499
2001-02-23,104.337
2001-02-26,105.507
2001-02-27,105.237
2001-02-28,104.319
2001-03-01,105.514
2001-03-02,106.747
2001-03-05,107.172
2001-03-06,107.672
2001-03-07,107.911
2001-03-08,108.709
2001-03-09,107.716
2001-03-12,103.818
2001-03-13,104.222
2001-03-14,102.106
2001-03-15,101.03
2001-03-16,100.748
2001-03-19,99.789
2001-03-20,100.232
2001-03-21,100.219
2001-03-22,95.791
2001-03-23,95.687
2001-03-26,98.023
2001-03-27,99.756
2001-03-28,98.559
2001-03-29,97.06
2001-03-30,97.793
2001-04-02,97.337
2001-04-03,95.189
2001-04-04,95.532
2001-04-05,98.035
2001-04-06,98.928
2001-04-09,100.053
2001-04-10,102.556
2001-04-11,102.044
2001-04-12,101.749
2001-04-13,101.747
2001-04-16,99.862
2001-04-17,100.855
2001-04-18,103.782
2001-04-19,101.173
2001-04-20,97.902
2001-04-23,97.254
2001-04-24,98.507
2001-04-25,98.478
2001-04-26,101.546
2001-04-27,102.941
2001-04-30,104.05
2001-05-01,103.65
2001-05-02,103.997
2001-05-03,103.857
2001-05-04,104.714
2001-05-07,104.176
2001-05-08,103.059
2001-05-09,103.768
2001-05-10,104.513
2001-05-11,103.487
2001-05-14,102.036
2001-05-15,101.563
2001-05-16,103.143
2001-05-17,107.171
2001-05-18,108.348
2001-05-21,108.645
2001-05-22,109.489
2001-05-23,109.103
2001-05-24,107.953
2001-05-25,107.032
2001-05-28,107.61
2001-05-29,107.44
2001-05-30,106.193
2001-05-31,107.11
2001-06-01,107.565
2001-06-04,108.506
2001-06-05,108.228
2001-06-06,108.843
2001-06-07,109.277
2001-06-08,109.258
2001-06-11,108.794
2001-06-12,108.469
2001-06-13,108.293
2001-06-14,108.119
2001-06-15,106.347
2001-06-18,103.064
2001-06-19,101.843
2001-06-20,102.701
2001-06-21,104.551
2001-06-22,105.507
2001-06-25,105.854
2001-06-26,105.484
2001-06-27,104.819
2001-06-28,105.3
2001-06-29,106.008
2001-07-02,106.954
2001-07-03,105.988
2001-07-04,104.752
2001-07-05,103.942
2001-07-06,101.436
2001-07-09,102.333
2001-07-10,100.988
2001-07-11,98.14
2001-07-12,96.98
2001-07-13,96.987
2001-07-16,95.322
2001-07-17,97.601
2001-07-18,98.117
2001-07-19,97.425
2001-07-20,98.638
2001-07-23,100.046
2001-07-24,99.123
2001-07-25,98.548
2001-07-26,99.053
2001-07-27,99.202
2001-07-30,100.164
2001-07-31,100.02
2001-08-01,98.891
2001-08-02,99.933
2001-08-03,100.205
2001-08-06,100.457
2001-08-07,100.971
2001-08-08,100.847
2001-08-09,100.747
2001-08-10,101.025
2001-08-13,100.981
2001-08-14,100.611
2001-08-15,100.089
2001-08-16,99.565
2001-08-17,96.246
2001-08-20,96.2
2001-08-21,96.225
2001-08-22,97.38
2001-08-23,96.529
2001-08-24,97.621
2001-08-27,97.452
2001-08-28,96.931
2001-08-29,97.775
2001-08-30,96.895
2001-08-31,96.529
2001-09-03,95.512
2001-09-04,95.307
2001-09-05,94.531
2001-09-06,91.95
2001-09-07,91.823
2001-09-10,90.704
2001-09-11,84.149
2001-09-12,85.033
2001-09-13,81.986
2001-09-14,81.379
2001-09-17,82.485
2001-09-18,82.714
2001-09-19,82.334
2001-09-20,79.124
2001-09-21,78.303
2001-09-24,80.584
2001-09-25,80.37
2001-09-26,79.401
2001-09-27,79.929
2001-09-28,81.117
2001-10-01,80.505
2001-10-02,79.838
2001-10-03,79.326
2001-10-04,79.823
2001-10-05,79.656
2001-10-08,79.028
2001-10-09,79.939
2001-10-10,82.263
2001-10-11,84.241
2001-10-12,83.018
2001-10-15,83.332
2001-10-16,83.891
2001-10-17,84.81
2001-10-18,83.754
2001-10-19,84.422
2001-10-22,85.308
2001-10-23,85.282
2001-10-24,85.911
2001-10-25,85.77
2001-10-26,85.856
2001-10-29,84.288
2001-10-30,83.128
2001-10-31,84.329
2001-11-01,84.79
2001-11-02,85.145
2001-11-05,87.824
2001-11-06,88.359
2001-11-07,88.471
2001-11-08,89.058
2001-11-09,88.837
2001-11-12,87.479
2001-11-13,89.455
2001-11-14,89.925
2001-11-15,90.062
2001-11-16,89.371
2001-11-19,90.445
2001-11-20,89.585
2001-11-21,89.647
2001-11-22,90.21
2001-11-23,91.153
2001-11-26,92.141
2001-11-27,92.385
2001-11-28,90.426
2001-11-29,89.641
2001-11-30,89.391
2001-12-03,91.801
2001-12-04,92.643
2001-12-05,94.619
2001-12-06,95.106
2001-12-07,95.528
2001-12-10,95.958
2001-12-11,95.52
2001-12-12,95.373
2001-12-13,94.217
2001-12-14,94.824
2001-12-17,95.672
2001-12-18,97.034
2001-12-19,97.924
2001-12-20,97.441
2001-12-21,98.872
2001-12-24,99.045
2001-12-25,99.045
2001-12-26,99.265
2001-12-27,100.337
2001-12-28,99.932
2001-12-31,99.365
2002-01-01,99.365
2002-01-02,101.3
2002-01-03,104.353
2002-01-04,104.076
2002-01-07,101.729
2002-01-08,101.47
2002-01-09,99.87
2002-01-10,97.659
2002-01-11,96.869
2002-01-14,96.008
2002-01-15,97.892
2002-01-16,97.454
2002-01-17,98.4
2002-01-18,98.547
2002-01-21,98.487
2002-01-22,98.083
2002-01-23,99.61
2002-01-24,99.316
2002-01-25,99.404
2002-01-28,99.411
2002-01-29,97.597
2002-01-30,97.12
2002-01-31,99.266
2002-02-01,98.964
2002-02-04,98.223
2002-02-05,98.555
2002-02-06,98.388
2002-02-07,97.617
2002-02-08,96.786
2002-02-11,95.798
2002-02-12,96.439
2002-02-13,98.477
2002-02-14,99.012
2002-02-15,99.013
2002-02-18,98.863
2002-02-19,98.147
2002-02-20,98.006
2002-02-21,98.592
2002-02-22,98.223
2002-02-25,100.175
2002-02-26,100.711
2002-02-27,102.811
2002-02-28,102.672
2002-03-01,105.111
2002-03-04,106.658
2002-03-05,105.582
2002-03-06,105.794
2002-03-07,104.748
2002-03-08,106.358
2002-03-11,105.683
2002-03-12,107.475
2002-03-13,107.181
2002-03-14,106.534
2002-03-15,107.903
2002-03-18,108.646
2002-03-19,109.297
2002-03-20,108.976
2002-03-21,108.115
2002-03-22,107.258
2002-03-25,106.259
2002-03-26,107.09
2002-03-27,107.453
2002-03-28,107.418
2002-03-29,107.418
2002-04-01,108.255
2002-04-02,107.795
2002-04-03,106.536
2002-04-04,106.971
2002-04-05,107.926
2002-04-08,107.432
2002-04-09,107.521
2002-04-10,110.078
2002-04-11,109.435
2002-04-12,109.175
2002-04-15,108.115
2002-04-16,109.618
2002-04-17,110.251
2002-04-18,108.769
2002-04-19,108.421
2002-04-22,107.136
2002-04-23,106.795
2002-04-24,107.487
2002-04-25,106.233
2002-04-26,106.076
2002-04-29,105.165
2002-04-30,105.95
2002-05-01,105.55
2002-05-02,104.692
2002-05-03,103.766
2002-05-06,103.505
2002-05-07,102.664
2002-05-08,104.262
2002-05-09,101.623
2002-05-10,100.53
2002-05-13,100.443
2002-05-14,100.615
2002-05-15,101.241
2002-05-16,103.269
2002-05-17,103.611
2002-05-20,102.92
2002-05-21,102.299
2002-05-22,101.464
2002-05-23,101.602
2002-05-24,101.274
2002-05-27,101.207
2002-05-28,100.803
2002-05-29,99.655
2002-05-30,98.784
2002-05-31,97.818
2002-06-03,97.203
2002-06-04,97.037
2002-06-05,95.73
2002-06-06,92.779
2002-06-07,92.511
2002-06-10,93.928
2002-06-11,93.327
2002-06-12,90.848
2002-06-13,90.765
2002-06-14,89.341
2002-06-17,91.187
2002-06-18,91.205
2002-06-19,89.132
2002-06-20,85.78
2002-06-21,82.231
2002-06-24,81.501
2002-06-25,83.515
2002-06-26,81.258
2002-06-27,83.873
2002-06-28,84.638
2002-07-01,83.565
2002-07-02,82.054
2002-07-03,82.225
2002-07-04,83.117
2002-07-05,83.266
2002-07-08,83.675
2002-07-09,83.522
2002-07-10,82.526
2002-07-11,83.14
2002-07-12,84.2
2002-07-15,82.696
2002-07-16,82.23
2002-07-17,83.291
2002-07-18,83.572
2002-07-19,82.594
2002-07-22,79.388
2002-07-23,76.81
2002-07-24,77.601
2002-07-25,75.632
2002-07-26,73.398
2002-07-29,74.554
2002-07-30,72.772
2002-07-31,71.551
2002-08-01,71.01
2002-08-02,74.096
2002-08-05,71.986
2002-08-06,72.605
2002-08-07,75.222
2002-08-08,79.771
2002-08-09,77.492
2002-08-12,75.581
2002-08-13,72.87
2002-08-14,73.9
2002-08-15,74.302
2002-08-16,75.678
2002-08-19,76.424
2002-08-20,76.137
2002-08-21,76.745
2002-08-22,76.497
2002-08-23,75.999
2002-08-26,78.122
2002-08-27,78.173
2002-08-28,76.786
2002-08-29,76.861
2002-08-30,78.089
2002-09-02,77.778
2002-09-03,76.258
2002-09-04,75.765
2002-09-05,74.88
2002-09-06,75.151
2002-09-09,76.309
2002-09-10,77.391
2002-09-11,78.263
2002-09-12,77.444
2002-09-13,77.225
2002-09-16,76.037
2002-09-17,74.42
2002-09-18,72.354
2002-09-19,70.027
2002-09-20,69.764
2002-09-23,67.733
2002-09-24,67.164
2002-09-25,66.419
2002-09-26,67.666
2002-09-27,65.054
2002-09-30,63.927
2002-10-01,67.097
2002-10-02,67.479
2002-10-03,67.959
2002-10-04,68.018
2002-10-07,66.816
2002-10-08,66.652
2002-10-09,64.618
2002-10-10,64.728
2002-10-11,65.263
2002-10-14,65.045
2002-10-15,66.352
2002-10-16,65.374
2002-10-17,66.884
2002-10-18,67.735
2002-10-21,68.21
2002-10-22,68.2
2002-10-23,69.712
2002-10-24,69.704
2002-10-25,70.62
2002-10-28,70.386
2002-10-29,69.15
2002-10-30,71.191
2002-10-31,72.777
2002-11-01,73.266
2002-11-04,73.601
2002-11-05,72.684
2002-11-06,72.667
2002-11-07,72.341
2002-11-08,72.87
2002-11-11,72.501
2002-11-12,71.499
2002-11-13,70.843
2002-11-14,71.785
2002-11-15,71.246
2002-11-18,72.341
2002-11-19,71.517
2002-11-20,72.151
2002-11-21,74.668
2002-11-22,73.551
2002-11-25,73.921
2002-11-26,73.177
2002-11-27,74.672
2002-11-28,74.966
2002-11-29,75.376
2002-12-02,76.559
2002-12-03,76.033
2002-12-04,74.976
2002-12-05,74.296
2002-12-06,74.444
2002-12-09,73.441
2002-12-10,74.056
2002-12-11,74.779
2002-12-12,75.316
2002-12-13,75.114
2002-12-16,76.455
2002-12-17,77.012
2002-12-18,76.926
2002-12-19,78.314
2002-12-20,79.591
2002-12-23,78.844
2002-12-24,78.642
2002-12-25,78.642
2002-12-26,78.208
2002-12-27,77.06
2002-12-30,77.419
2002-12-31,77.004
2003-01-01,77.004
2003-01-02,78.429
2003-01-03,79.167
2003-01-06,81.476
2003-01-07,80.934
2003-01-08,81.064
2003-01-09,81.938
2003-01-10,82.729
2003-01-13,82.095
2003-01-14,82.69
2003-01-15,82.538
2003-01-16,81.919
2003-01-17,79.325
2003-01-20,78.612
2003-01-21,77.435
2003-01-22,75.395
2003-01-23,75.287
2003-01-24,73.416
2003-01-27,72.262
2003-01-28,72.137
2003-01-29,72.593
2003-01-30,73.121
2003-01-31,74.231
2003-02-03,75.265
2003-02-04,73.887
2003-02-05,74.294
2003-02-06,73.382
2003-02-07,73.105
2003-02-10,72.514
2003-02-11,72.884
2003-02-12,72.264
2003-02-13,71.077
2003-02-14,71.137
2003-02-17,72.384
2003-02-18,73.281
2003-02-19,72.373
2003-02-20,72.082
2003-02-21,72.656
2003-02-24,72.273
2003-02-25,71.606
2003-02-26,71.422
2003-02-27,71.813
2003-02-28,72.667
2003-03-03,72.833
2003-03-04,72.296
2003-03-05,71.89
2003-03-06,72.725
2003-03-07,73.267
2003-03-10,72.001
2003-03-11,72.326
2003-03-12,73.137
2003-03-13,75.016
2003-03-14,75.912
2003-03-17,75.663
2003-03-18,76.912
2003-03-19,76.167
2003-03-20,76.36
2003-03-21,77.669
2003-03-24,76.194
2003-03-25,77.083
2003-03-26,76.983
2003-03-27,76.784
2003-03-28,77.584
2003-03-31,77.141
2003-04-01,77.804
2003-04-02,79.813
2003-04-03,80.326
2003-04-04,81.453
2003-04-07,82.51
2003-04-08,81.838
2003-04-09,81.436
2003-04-10,80.601
2003-04-11,80.779
2003-04-14,82.042
2003-04-15,83.438
2003-04-16,83.886
2003-04-17,85.732
2003-04-18,85.732
2003-04-21,85.659
2003-04-22,85.846
2003-04-23,86.758
2003-04-24,86.654
2003-04-25,86.226
2003-04-28,87.26
2003-04-29,89.602
2003-04-30,90.569
2003-05-01,90.457
2003-05-02,92.017
2003-05-05,91.8
2003-05-06,90.469
2003-05-07,91.91
2003-05-08,91.334
2003-05-09,93.644
2003-05-12,93.772
2003-05-13,94.368
2003-05-14,94.361
2003-05-15,93.241
2003-05-16,91.402
2003-05-19,90.127
2003-05-20,89.2
2003-05-21,90.134
2003-05-22,91.526
2003-05-23,92.715
2003-05-26,92.42
2003-05-27,92.452
2003-05-28,92.431
2003-05-29,93.542
2003-05-30,93.383
2003-06-02,93.635
2003-06-03,93.757
2003-06-04,95.8
2003-06-05,95.49
2003-06-06,96.859
2003-06-09,95.099
2003-06-10,95.88
2003-06-11,96.32
2003-06-12,97.738
2003-06-13,97.062
2003-06-16,97.868
2003-06-17,98.518
2003-06-18,97.362
2003-06-19,97.191
2003-06-20,96.498
2003-06-23,95.284
2003-06-24,96.196
2003-06-25,96.319
2003-06-26,95.723
2003-06-27,96.233
2003-06-30,95.665
2003-07-01,97.476
2003-07-02,98.101
2003-07-03,97.63
2003-07-04,98.525
2003-07-07,99.213
2003-07-08,98.557
2003-07-09,98.384
2003-07-10,97.437
2003-07-11,97.071
2003-07-14,98.676
2003-07-15,98.434
2003-07-16,97.664
2003-07-17,98.05
2003-07-18,98.651
2003-07-21,98.475
2003-07-22,99.48
2003-07-23,100.086
2003-07-24,99.945
2003-07-25,100.664
2003-07-28,100.671
2003-07-29,99.897
2003-07-30,99.471
2003-07-31,100.324
2003-08-01,98.064
2003-08-04,96.678
2003-08-05,96.391
2003-08-06,96.146
2003-08-07,97.86
2003-08-08,99.041
2003-08-11,99.68
2003-08-12,99.357
2003-08-13,99.473
2003-08-14,101.177
2003-08-15,101.365
2003-08-18,102.613
2003-08-19,101.661
2003-08-20,101.93
2003-08-21,102.636
2003-08-22,102.287
2003-08-25,101.358
2003-08-26,101.677
2003-08-27,103.289
2003-08-28,103.815
2003-08-29,104.464
2003-09-01,104.743
2003-09-02,105.079
2003-09-03,106.936
2003-09-04,108.1
2003-09-05,109.472
2003-09-08,109.74
2003-09-09,107.085
2003-09-10,108.233
2003-09-11,109.216
2003-09-12,109.346
2003-09-15,108.648
2003-09-16,108.795
2003-09-17,109.319
2003-09-18,110.77
2003-09-19,110.655
2003-09-22,109.882
2003-09-23,109.753
2003-09-24,108.733
2003-09-25,107.518
2003-09-26,107.339
2003-09-29,107.955
2003-09-30,107.885
2003-10-01,111.275
2003-10-02,110.845
2003-10-03,112.097
2003-10-06,112.597
2003-10-07,112.478
2003-10-08,114.174
2003-10-09,114.791
2003-10-10,115.006
2003-10-13,116.684
2003-10-14,116.253
2003-10-15,115.578
2003-10-16,115.012
2003-10-17,114.301
2003-10-20,115.753
2003-10-21,116.442
2003-10-22,115.564
2003-10-23,114.12
2003-10-24,114.269
2003-10-27,114.907
2003-10-28,116.159
2003-10-29,115.636
2003-10-30,116.519
2003-10-31,116.166
2003-11-03,118.769
2003-11-04,118.872
2003-11-05,117.512
2003-11-06,118.196
2003-11-07,119.379
2003-11-10,117.541
2003-11-11,117.49
2003-11-12,119.004
2003-11-13,119.014
2003-11-14,119.692
2003-11-17,117.448
2003-11-18,118.179
2003-11-19,116.59
2003-11-20,117.269
2003-11-21,117.809
2003-11-24,118.09
2003-11-25,118.959
2003-11-26,119.054
2003-11-27,119.892
2003-11-28,120.415
2003-12-01,122.783
2003-12-02,123.184
2003-12-03,123.384
2003-12-04,123.042
2003-12-05,124.076
2003-12-08,124.229
2003-12-09,125.57
2003-12-10,124.018
2003-12-11,124.888
2003-12-12,124.857
2003-12-15,124.232
2003-12-16,123.582
2003-12-17,124.85
2003-12-18,127.357
2003-12-19,127.934
2003-12-22,129.625
2003-12-23,130.289
2003-12-24,130.544
2003-12-25,130.544
2003-12-26,131.108
2003-12-29,133.047
2003-12-30,133.357
2003-12-31,133.614
2004-01-01,133.614
2004-01-02,135.623
2004-01-05,141.924
2004-01-06,142.657
2004-01-07,141.731
2004-01-08,142.892
2004-01-09,143.611
2004-01-12,144.619
2004-01-13,144.461
2004-01-14,142.312
2004-01-15,140.809
2004-01-16,140.987
2004-01-19,141.499
2004-01-20,143.69
2004-01-21,142.255
2004-01-22,141.927
2004-01-23,142.311
2004-01-26,144.527
2004-01-27,144.568
2004-01-28,142.056
2004-01-29,134.813
2004-01-30,134.668
2004-02-02,135.578
2004-02-03,137.349
2004-02-04,136.611
2004-02-05,133.243
2004-02-06,136.615
2004-02-09,138.004
2004-02-10,138.477
2004-02-11,141.44
2004-02-12,143.41
2004-02-13,142.1
2004-02-16,141.788
2004-02-17,143.748
2004-02-18,142.815
2004-02-19,139.466
2004-02-20,138.189
2004-02-23,138.417
2004-02-24,138.584
2004-02-25,139.141
2004-02-26,139.339
2004-02-27,141.093
2004-03-01,145.679
2004-03-02,144.563
2004-03-03,143.995
2004-03-04,144.174
2004-03-05,145.147
2004-03-08,143.713
2004-03-09,143.273
2004-03-10,139.696
2004-03-11,135.791
2004-03-12,138.364
2004-03-15,136.424
2004-03-16,137.352
2004-03-17,139.088
2004-03-18,139.992
2004-03-19,140.465
2004-03-22,137.826
2004-03-23,137.606
2004-03-24,137.105
2004-03-25,137.799
2004-03-26,139.268
2004-03-29,139.803
2004-03-30,141.397
2004-03-31,143.113
2004-04-01,145.247
2004-04-02,146.545
2004-04-05,147.1
2004-04-06,147.159
2004-04-07,145.793
2004-04-08,146.445
2004-04-09,146.445
2004-04-12,146.725
2004-04-13,144.936
2004-04-14,142.858
2004-04-15,141.271
2004-04-16,141.322
2004-04-19,140.577
2004-04-20,138.631
2004-04-21,137.12
2004-04-22,137.213
2004-04-23,139.229
2004-04-26,138.372
2004-04-27,138.192
2004-04-28,133.213
2004-04-29,129.498
2004-04-30,128.071
2004-05-03,129.284
2004-05-04,131.097
2004-05-05,131.217
2004-05-06,126.291
2004-05-07,122.686
2004-05-10,116.196
2004-05-11,120.761
2004-05-12,120.599
2004-05-13,121.541
2004-05-14,121.571
2004-05-17,118.48
2004-05-18,121.003
2004-05-19,122.784
2004-05-20,120.503
2004-05-21,120.14
2004-05-24,121.984
2004-05-25,123.819
2004-05-26,125.103
2004-05-27,127.145
2004-05-28,127.181
2004-05-31,127.215
2004-06-01,126.252
2004-06-02,127.168
2004-06-03,125.229
2004-06-04,126.801
2004-06-07,130.782
2004-06-08,130.265
2004-06-09,127.882
2004-06-10,128.052
2004-06-11,127.649
2004-06-14,125.213
2004-06-15,127.394
2004-06-16,127.583
2004-06-17,128.075
2004-06-18,128.707
2004-06-21,128.464
2004-06-22,128.033
2004-06-23,129.882
2004-06-24,131.02
2004-06-25,130.893
2004-06-28,129.204
2004-06-29,129.576
2004-06-30,131.53
2004-07-01,132.574
2004-07-02,133.172
2004-07-05,133.645
2004-07-06,131.615
2004-07-07,132.066
2004-07-08,130.882
2004-07-09,131.339
2004-07-12,133.028
2004-07-13,133.092
2004-07-14,133.198
2004-07-15,134.535
2004-07-16,136.767
2004-07-19,136.242
2004-07-20,136.797
2004-07-21,133.992
2004-07-22,133.166
2004-07-23,132.54
2004-07-26,131.286
2004-07-27,133.399
2004-07-28,134.432
2004-07-29,135.464
2004-07-30,136.408
2004-08-02,136.265
2004-08-03,136.24
2004-08-04,135.03
2004-08-05,133.322
2004-08-06,133.549
2004-08-09,133.389
2004-08-10,135.393
2004-08-11,134.322
2004-08-12,134.649
2004-08-13,134.469
2004-08-16,136.33
2004-08-17,138.175
2004-08-18,140.341
2004-08-19,141.616
2004-08-20,142.515
2004-08-23,141.199
2004-08-24,141.614
2004-08-25,142.371
2004-08-26,141.133
2004-08-27,141.568
2004-08-30,141.725
2004-08-31,142.575
2004-09-01,142.746
2004-09-02,143.592
2004-09-03,142.529
2004-09-06,143.723
2004-09-07,143.909
2004-09-08,144.411
2004-09-09,144.36
2004-09-10,144.307
2004-09-13,144.398
2004-09-14,146.177
2004-09-15,146.407
2004-09-16,148.277
2004-09-17,150.108
2004-09-20,150.749
2004-09-21,151.308
2004-09-22,150.16
2004-09-23,150.863
2004-09-24,151.17
2004-09-27,149.786
2004-09-28,152.827
2004-09-29,153.8
2004-09-30,154.007
2004-10-01,157.465
2004-10-04,159.828
2004-10-05,160.625
2004-10-06,160.134
2004-10-07,159.305
2004-10-08,159.079
2004-10-11,159.095
2004-10-12,158.805
2004-10-13,155.115
2004-10-14,153.358
2004-10-15,155.323
2004-10-18,155.486
2004-10-19,153.808
2004-10-20,153.056
2004-10-21,156.25
2004-10-22,156.078
2004-10-25,154.287
2004-10-26,155.876
2004-10-27,158.172
2004-10-28,157.039
2004-10-29,158.827
2004-11-01,159.222
2004-11-02,159.88
2004-11-03,162.07
2004-11-04,163.618
2004-11-05,163.329
2004-11-08,161.657
2004-11-09,162.047
2004-11-10,163.155
2004-11-11,164.115
2004-11-12,166.351
2004-11-15,166.48
2004-11-16,165.154
2004-11-17,167.534
2004-11-18,166.546
2004-11-19,165.016
2004-11-22,165.525
2004-11-23,165.851
2004-11-24,167.139
2004-11-25,169.211
2004-11-26,170.835
2004-11-29,170.758
2004-11-30,172.389
2004-12-01,174.605
2004-12-02,173.063
2004-12-03,174.766
2004-12-06,174.979
2004-12-07,172.287
2004-12-08,171.065
2004-12-09,168.487
2004-12-10,171.227
2004-12-13,173.137
2004-12-14,175.489
2004-12-15,176.672
2004-12-16,177.954
2004-12-17,177.734
2004-12-20,179.34
2004-12-21,181.888
2004-12-22,181.409
2004-12-23,182.839
2004-12-24,183.379
2004-12-27,183.594
2004-12-28,184.37
2004-12-29,185.099
2004-12-30,186.208
2004-12-31,186.311
2005-01-03,184.633
2005-01-04,178.363
2005-01-05,176.726
2005-01-06,174.778
2005-01-07,175.282
2005-01-10,175.97
2005-01-11,174.326
2005-01-12,175.346
2005-01-13,177.698
2005-01-14,179.399
2005-01-17,178.912
2005-01-18,177.682
2005-01-19,178.701
2005-01-20,174.933
2005-01-21,176.22
2005-01-24,178.017
2005-01-25,178.348
2005-01-26,180.666
2005-01-27,179.653
2005-01-28,180.016
2005-01-31,183.003
2005-02-01,185.143
2005-02-02,186.074
2005-02-03,187.986
2005-02-04,191.382
2005-02-07,191.135
2005-02-08,190.181
2005-02-09,194.13
2005-02-10,194.329
2005-02-11,194.832
2005-02-14,195.899
2005-02-15,197.458
2005-02-16,195.683
2005-02-17,198.799
2005-02-18,198.158
2005-02-21,198.755
2005-02-22,199.415
2005-02-23,201.656
2005-02-24,206.343
2005-02-25,206.422
2005-02-28,206.928
2005-03-01,204.542
2005-03-02,204.535
2005-03-03,205.835
2005-03-04,209.329
2005-03-07,210.272
2005-03-08,206.761
2005-03-09,203.011
2005-03-10,199.642
2005-03-11,200.281
2005-03-14,195.209
2005-03-15,192.254
2005-03-16,193.321
2005-03-17,195.61
2005-03-18,194.899
2005-03-21,193.03
2005-03-22,191.379
2005-03-23,185.988
2005-03-24,188.049
2005-03-25,188.049
2005-03-28,185.9
2005-03-29,184.074
2005-03-30,187.871
2005-03-31,190.495
2005-04-01,192.009
2005-04-04,188.855
2005-04-05,188.489
2005-04-06,187.92
2005-04-07,191.628
2005-04-08,190.572
2005-04-11,191.404
2005-04-12,190.84
2005-04-13,190.594
2005-04-14,184.994
2005-04-15,181.367
2005-04-18,180.206
2005-04-19,185.9
2005-04-20,184.235
2005-04-21,185.683
2005-04-22,184.773
2005-04-25,188.717
2005-04-26,190.424
2005-04-27,188.49
2005-04-28,183.578
2005-04-29,184.693
2005-05-02,186.695
2005-05-03,186.886
2005-05-04,192.915
2005-05-05,193.247
2005-05-06,194.84
2005-05-09,194.574
2005-05-10,191.133
2005-05-11,189.699
2005-05-12,187.033
2005-05-13,185.51
2005-05-16,187.109
2005-05-17,188.437
2005-05-18,192.653
2005-05-19,194.443
2005-05-20,193.264
2005-05-23,193.723
2005-05-24,194.714
2005-05-25,195.746
2005-05-26,196.356
2005-05-27,199.509
2005-05-30,201.024
2005-05-31,198.091
2005-06-01,200.983
2005-06-02,205.081
2005-06-03,205.559
2005-06-06,199.878
2005-06-07,197.745
2005-06-08,198.071
2005-06-09,195.975
2005-06-10,198.02
2005-06-13,198.968
2005-06-14,202.852
2005-06-15,203.582
2005-06-16,206.58
2005-06-17,210.413
2005-06-20,210.343
2005-06-21,209.159
2005-06-22,209.392
2005-06-23,204.854
2005-06-24,204.184
2005-06-27,206.993
2005-06-28,208.352
2005-06-29,209.077
2005-06-30,207.475
2005-07-01,210.157
2005-07-04,207.768
2005-07-05,209.108
2005-07-06,208.236
2005-07-07,207.687
2005-07-08,210.857
2005-07-11,212.45
2005-07-12,215.933
2005-07-13,216.267
2005-07-14,216.827
2005-07-15,213.842
2005-07-18,215.316
2005-07-19,216.629
2005-07-20,217.893
2005-07-21,220.159
2005-07-22,218.942
2005-07-25,212.727
2005-07-26,211.144
2005-07-27,215.52
2005-07-28,219.323
2005-07-29,221.161
2005-08-01,224.197
2005-08-02,228.786
2005-08-03,229.58
2005-08-04,229.291
2005-08-05,229.394
2005-08-08,231.419
2005-08-09,232.822
2005-08-10,236.437
2005-08-11,234.568
2005-08-12,231.336
2005-08-15,234.72
2005-08-16,232.065
2005-08-17,232.16
2005-08-18,229.54
2005-08-19,224.804
2005-08-22,229.987
2005-08-23,227.745
2005-08-24,226.442
2005-08-25,228.134
2005-08-26,226.45
2005-08-29,227.854
2005-08-30,228.849
2005-08-31,233.501
2005-09-01,236.035
2005-09-02,239.612
2005-09-05,241.811
2005-09-06,244.406
2005-09-07,245.167
2005-09-08,245.058
2005-09-09,247.687
2005-09-12,247.629
2005-09-13,244.221
2005-09-14,245.849
2005-09-15,249.381
2005-09-16,252.652
2005-09-19,254.989
2005-09-20,255.359
2005-09-21,261.112
2005-09-22,259.131
2005-09-23,261.115
2005-09-26,262.308
2005-09-27,262.272
2005-09-28,264.962
2005-09-29,265.53
2005-09-30,270.118
2005-10-03,270.712
2005-10-04,268.255
2005-10-05,257.917
2005-10-06,249.671
2005-10-07,254.212
2005-10-10,256.128
2005-10-11,258.169
2005-10-12,255.338
2005-10-13,248.363
2005-10-14,247.386
2005-10-17,254.63
2005-10-18,247.194
2005-10-19,246.709
2005-10-20,242.164
2005-10-21,244.854
2005-10-24,252.006
2005-10-25,250.214
2005-10-26,251.973
2005-10-27,245.996
2005-10-28,248.938
2005-10-31,255.898
2005-11-01,260.169
2005-11-02,261.494
2005-11-03,263.584
2005-11-04,261.144
2005-11-07,263.621
2005-11-08,263.465
2005-11-09,265.287
2005-11-10,264.936
2005-11-11,265.128
2005-11-14,263.479
2005-11-15,262.564
2005-11-16,265.737
2005-11-17,271.136
2005-11-18,270.115
2005-11-21,271.789
2005-11-22,272.09
2005-11-23,275.738
2005-11-24,275.374
2005-11-25,276.641
2005-11-28,274.753
2005-11-29,276.016
2005-11-30,276.648
2005-12-01,282.104
2005-12-02,285.516
2005-12-05,285.947
2005-12-06,291.142
2005-12-07,285.885
2005-12-08,281.226
2005-12-09,280.907
2005-12-12,281.15
2005-12-13,284.224
2005-12-14,283.353
2005-12-15,279.626
2005-12-16,278.023
2005-12-19,273.449
2005-12-20,274.335
2005-12-21,280.079
2005-12-22,280.108
2005-12-23,278.846
2005-12-26,277.785
2005-12-27,277.416
2005-12-28,276.273
2005-12-29,278.663
2005-12-30,279.47
2006-01-02,281.09
2006-01-03,288.919
2006-01-04,295.782
2006-01-05,296.706
2006-01-06,300.809
2006-01-09,302.807
2006-01-10,301.326
2006-01-11,306.726
2006-01-12,306.549
2006-01-13,306.447
2006-01-16,309.547
2006-01-17,304.063
2006-01-18,298.825
2006-01-19,305.629
2006-01-20,307.863
2006-01-23,308.901
2006-01-24,317.11
2006-01-25,316.822
2006-01-26,323.002
2006-01-27,322.984
2006-01-30,326.947
2006-01-31,327.845
2006-02-01,328.4
2006-02-02,320.679
2006-02-03,316.911
2006-02-06,322.211
2006-02-07,315.031
2006-02-08,312.537
2006-02-09,316.599
2006-02-10,316.617
2006-02-13,309.36
2006-02-14,312.876
2006-02-15,317.546
2006-02-16,325.35
2006-02-17,328.228
2006-02-20,329.027
2006-02-21,328.55
2006-02-22,327.586
2006-02-23,332.08
2006-02-24,332.907
2006-02-27,331.881
2006-02-28,330.865
2006-03-01,335.294
2006-03-02,336.261
2006-03-03,336.54
2006-03-06,330.023
2006-03-07,316.002
2006-03-08,313.364
2006-03-09,309.706
2006-03-10,313.072
2006-03-13,317.895
2006-03-14,323.733
2006-03-15,328.645
2006-03-16,331.831
2006-03-17,329.893
2006-03-20,330.007
2006-03-21,323.902
2006-03-22,324.994
2006-03-23,322.802
2006-03-24,323.579
2006-03-27,320.856
2006-03-28,312.132
2006-03-29,316.779
2006-03-30,322.264
2006-03-31,323.106
2006-04-03,330.896
2006-04-04,334.779
2006-04-05,336.341
2006-04-06,337.056
2006-04-07,331.353
2006-04-10,329.593
2006-04-11,326.193
2006-04-12,327.625
2006-04-13,326.218
2006-04-14,326.218
2006-04-17,330.983
2006-04-18,339.562
2006-04-19,344.005
2006-04-20,342.562
2006-04-21,344.673
2006-04-24,344.381
2006-04-25,344.789
2006-04-26,347.422
2006-04-27,342.765
2006-04-28,348.809
2006-05-01,350.3
2006-05-02,357.731
2006-05-03,357.899
2006-05-04,359.17
2006-05-05,364.35
2006-05-08,367.573
2006-05-09,371.128
2006-05-10,371.389
2006-05-11,362.89
2006-05-12,351.365
2006-05-15,336.847
2006-05-16,341.007
2006-05-17,328.508
2006-05-18,320.556
2006-05-19,320.998
2006-05-22,301.638
2006-05-23,305.366
2006-05-24,295.957
2006-05-25,305.454
2006-05-26,318.026
2006-05-29,318.447
2006-05-30,300.196
2006-05-31,300.309
2006-06-01,309.873
2006-06-02,314.59
2006-06-05,305.815
2006-06-06,299.135
2006-06-07,290.846
2006-06-08,288.0
2006-06-09,284.988
2006-06-12,273.572
2006-06-13,262.436
2006-06-14,266.375
2006-06-15,275.833
2006-06-16,284.335
2006-06-19,280.252
2006-06-20,279.054
2006-06-21,288.447
2006-06-22,288.411
2006-06-23,290.767
2006-06-26,292.334
2006-06-27,287.466
2006-06-28,290.27
2006-06-29,304.676
2006-06-30,313.053
2006-07-03,324.16
2006-07-04,325.786
2006-07-05,312.891
2006-07-06,317.021
2006-07-07,315.489
2006-07-10,315.193
2006-07-11,315.078
2006-07-12,312.303
2006-07-13,302.442
2006-07-14,299.989
2006-07-17,295.96
2006-07-18,299.719
2006-07-19,315.323
2006-07-20,309.188
2006-07-21,306.605
2006-07-24,313.947
2006-07-25,316.746
2006-07-26,314.528
2006-07-27,319.566
2006-07-28,323.004
2006-07-31,322.269
2006-08-01,317.543
2006-08-02,322.92
2006-08-03,324.234
2006-08-04,327.986
2006-08-07,326.466
2006-08-08,324.001
2006-08-09,323.083
2006-08-10,323.604
2006-08-11,323.128
2006-08-14,320.572
2006-08-15,326.454
2006-08-16,332.776
2006-08-17,332.767
2006-08-18,331.591
2006-08-21,328.932
2006-08-22,328.652
2006-08-23,320.824
2006-08-24,319.427
2006-08-25,320.932
2006-08-28,324.288
2006-08-29,325.393
2006-08-30,328.17
2006-08-31,325.44
2006-09-01,331.062
2006-09-04,335.906
2006-09-05,333.34
2006-09-06,326.023
2006-09-07,322.861
2006-09-08,320.786
2006-09-11,313.66
2006-09-12,318.704
2006-09-13,323.599
2006-09-14,322.954
2006-09-15,324.218
2006-09-18,328.893
2006-09-19,326.286
2006-09-20,322.877
2006-09-21,317.154
2006-09-22,311.641
2006-09-25,313.526
2006-09-26,320.079
2006-09-27,324.056
2006-09-28,326.424
2006-09-29,328.006
2006-10-02,329.269
2006-10-03,324.893
2006-10-04,332.376
2006-10-05,336.298
2006-10-06,335.866
2006-10-09,338.109
2006-10-10,341.598
2006-10-11,339.559
2006-10-12,342.467
2006-10-13,348.537
2006-10-16,351.748
2006-10-17,347.684
2006-10-18,349.947
2006-10-19,352.039
2006-10-20,350.209
2006-10-23,352.487
2006-10-24,354.333
2006-10-25,356.951
2006-10-26,358.23
2006-10-27,354.162
2006-10-30,347.799
2006-10-31,353.669
2006-11-01,355.943
2006-11-02,354.981
2006-11-03,357.785
2006-11-06,365.259
2006-11-07,364.664
2006-11-08,366.228
2006-11-09,366.132
2006-11-10,363.951
2006-11-13,362.596
2006-11-14,367.904
2006-11-15,368.81
2006-11-16,368.126
2006-11-17,364.619
2006-11-20,365.309
2006-11-21,368.959
2006-11-22,371.67
2006-11-23,372.156
2006-11-24,370.929
2006-11-27,364.356
2006-11-28,363.539
2006-11-29,371.883
2006-11-30,373.935
2006-12-01,370.742
2006-12-04,378.305
2006-12-05,385.078
2006-12-06,385.586
2006-12-07,385.367
2006-12-08,386.169
2006-12-11,387.796
2006-12-12,385.453
2006-12-13,387.147
2006-12-14,391.83
2006-12-15,392.485
2006-12-18,391.643
2006-12-19,389.301
2006-12-20,389.545
2006-12-21,388.445
2006-12-22,387.422
2006-12-25,387.424
2006-12-26,390.645
2006-12-27,397.218
2006-12-28,398.222
2006-12-29,400.067
2007-01-01,400.067
2007-01-02,406.466
2007-01-03,401.582
2007-01-04,396.988
2007-01-05,385.223
2007-01-08,388.4
2007-01-09,381.18
2007-01-10,382.497
2007-01-11,388.2
2007-01-12,391.374
2007-01-15,392.383
2007-01-16,389.003
2007-01-17,391.484
2007-01-18,388.121
2007-01-19,395.156
2007-01-22,396.675
2007-01-23,401.969
2007-01-24,408.019
2007-01-25,405.477
2007-01-26,402.413
2007-01-29,395.884
2007-01-30,400.548
2007-01-31,406.881
2007-02-01,412.006
2007-02-02,414.136
2007-02-05,415.434
2007-02-06,417.787
2007-02-07,416.273
2007-02-08,416.212
2007-02-09,412.318
2007-02-12,408.109
2007-02-13,416.605
2007-02-14,424.601
2007-02-15,424.563
2007-02-16,423.235
2007-02-19,423.76
2007-02-20,422.583
2007-02-21,423.859
2007-02-22,428.124
2007-02-23,422.019
2007-02-26,420.819
2007-02-27,392.667
2007-02-28,395.923
2007-03-01,391.918
2007-03-02,385.88
2007-03-05,374.672
2007-03-06,389.914
2007-03-07,388.655
2007-03-08,397.18
2007-03-09,402.432
2007-03-12,403.854
2007-03-13,392.662
2007-03-14,393.467
2007-03-15,396.921
2007-03-16,393.755
2007-03-19,400.764
2007-03-20,406.676
2007-03-21,417.732
2007-03-22,419.453
2007-03-23,418.883
2007-03-26,419.447
2007-03-27,415.661
2007-03-28,409.81
2007-03-29,420.121
2007-03-30,424.155
2007-04-02,425.36
2007-04-03,432.632
2007-04-04,435.101
2007-04-05,436.577
2007-04-06,436.577
2007-04-09,440.487
2007-04-10,441.771
2007-04-11,438.732
2007-04-12,441.409
2007-04-13,446.819
2007-04-16,452.254
2007-04-17,451.307
2007-04-18,450.042
2007-04-19,449.956
2007-04-20,456.005
2007-04-23,454.204
2007-04-24,450.118
2007-04-25,455.099
2007-04-26,452.772
2007-04-27,451.559
2007-04-30,447.134
2007-05-01,446.767
2007-05-02,452.785
2007-05-03,461.563
2007-05-04,464.755
2007-05-07,462.638
2007-05-08,461.742
2007-05-09,470.857
2007-05-10,464.16
2007-05-11,469.577
2007-05-14,465.448
2007-05-15,466.801
2007-05-16,481.354
2007-05-17,481.473
2007-05-18,485.763
2007-05-21,490.801
2007-05-22,489.321
2007-05-23,488.963
2007-05-24,473.758
2007-05-25,484.277
2007-05-28,488.146
2007-05-29,486.2
2007-05-30,490.502
2007-05-31,494.514
2007-06-01,508.804
2007-06-04,507.473
2007-06-05,506.222
2007-06-06,490.669
2007-06-07,486.161
2007-06-08,486.736
2007-06-11,494.629
2007-06-12,489.809
2007-06-13,497.761
2007-06-14,505.933
2007-06-15,516.002
2007-06-18,519.087
2007-06-19,518.865
2007-06-20,511.853
2007-06-21,513.573
2007-06-22,510.392
2007-06-25,504.479
2007-06-26,497.367
2007-06-27,499.169
2007-06-28,504.86
2007-06-29,507.964
2007-07-02,517.443
2007-07-03,523.615
2007-07-04,525.2
2007-07-05,525.442
2007-07-06,530.47
2007-07-09,529.597
2007-07-10,524.297
2007-07-11,530.085
2007-07-12,544.005
2007-07-13,546.891
2007-07-16,544.24
2007-07-17,544.028
2007-07-18,545.02
2007-07-19,551.524
2007-07-20,543.805
2007-07-23,553.727
2007-07-24,537.317
2007-07-25,528.39
2007-07-26,508.046
2007-07-27,497.645
2007-07-30,514.582
2007-07-31,515.284
2007-08-01,507.749
2007-08-02,514.122
2007-08-03,499.376
2007-08-06,493.335
2007-08-07,501.625
2007-08-08,517.261
2007-08-09,496.979
2007-08-10,481.796
2007-08-13,485.578
2007-08-14,467.711
2007-08-15,451.419
2007-08-16,426.062
2007-08-17,442.814
2007-08-20,449.13
2007-08-21,451.254
2007-08-22,470.167
2007-08-23,475.729
2007-08-24,485.771
2007-08-27,491.18
2007-08-28,472.844
2007-08-29,480.342
2007-08-30,485.319
2007-08-31,500.174
2007-09-03,505.024
2007-09-04,507.883
2007-09-05,500.096
2007-09-06,504.064
2007-09-07,499.381
2007-09-10,485.56
2007-09-11,499.622
2007-09-12,501.668
2007-09-13,511.481
2007-09-14,508.081
2007-09-17,502.642
2007-09-18,523.354
2007-09-19,535.118
2007-09-20,535.606
2007-09-21,541.285
2007-09-24,547.513
2007-09-25,545.333
2007-09-26,554.786
2007-09-27,567.709
2007-09-28,562.585
2007-10-01,581.689
2007-10-02,584.52
2007-10-03,571.013
2007-10-04,568.273
2007-10-05,587.933
2007-10-08,591.485
2007-10-09,599.423
2007-10-10,600.424
2007-10-11,599.403
2007-10-12,599.596
2007-10-15,604.289
2007-10-16,589.447
2007-10-17,604.516
2007-10-18,604.965
2007-10-19,584.425
2007-10-22,580.152
2007-10-23,597.462
2007-10-24,594.598
2007-10-25,597.309
2007-10-26,616.535
2007-10-29,628.716
2007-10-30,621.111
2007-10-31,629.807
2007-11-01,617.56
2007-11-02,613.608
2007-11-05,599.34
2007-11-06,617.224
2007-11-07,606.037
2007-11-08,608.769
2007-11-09,607.958
2007-11-12,575.694
2007-11-13,593.48
2007-11-14,613.876
2007-11-15,607.299
2007-11-16,607.241
2007-11-19,589.675
2007-11-20,585.873
2007-11-21,564.371
2007-11-22,570.29
2007-11-23,567.579
2007-11-26,549.96
2007-11-27,547.265
2007-11-28,579.454
2007-11-29,585.096
2007-11-30,593.856
2007-12-03,593.511
2007-12-04,588.891
2007-12-05,607.35
2007-12-06,619.072
2007-12-07,622.597
2007-12-10,623.157
2007-12-11,612.28
2007-12-12,614.092
2007-12-13,596.141
2007-12-14,591.137
2007-12-17,561.31
2007-12-18,572.323
2007-12-19,579.038
2007-12-20,582.135
2007-12-21,594.913
2007-12-24,597.578
2007-12-25,597.578
2007-12-26,608.682
2007-12-27,604.043
2007-12-28,607.942
2007-12-31,601.712
2008-01-01,601.712
2008-01-02,592.519
2008-01-03,595.739
2008-01-04,574.604
2008-01-07,567.807
2008-01-08,584.866
2008-01-09,581.992
2008-01-10,590.287
2008-01-11,582.049
2008-01-14,588.887
2008-01-15,563.798
2008-01-16,543.285
2008-01-17,526.911
2008-01-18,526.665
2008-01-21,483.352
2008-01-22,516.492
2008-01-23,506.737
2008-01-24,539.438
2008-01-25,539.254
2008-01-28,549.352
2008-01-29,558.823
2008-01-30,564.729
2008-01-31,564.229
2008-02-01,580.871
2008-02-04,581.653
2008-02-05,569.319
2008-02-06,555.754
2008-02-07,556.669
2008-02-08,559.592
2008-02-11,572.538
2008-02-12,585.563
2008-02-13,593.329
2008-02-14,587.601
2008-02-15,580.742
2008-02-18,597.119
2008-02-19,595.859
2008-02-20,605.646
2008-02-21,611.162
2008-02-22,616.936
2008-02-25,623.643
2008-02-26,631.114
2008-02-27,640.641
2008-02-28,642.958
2008-02-29,613.911
2008-03-03,620.977
2008-03-04,612.666
2008-03-05,624.281
2008-03-06,612.722
2008-03-07,597.862
2008-03-10,580.757
2008-03-11,605.365
2008-03-12,609.676
2008-03-13,607.669
2008-03-14,601.903
2008-03-17,581.184
2008-03-18,600.089
2008-03-19,574.792
2008-03-20,564.974
2008-03-21,564.974
2008-03-24,577.888
2008-03-25,589.679
2008-03-26,594.447
2008-03-27,591.659
2008-03-28,587.553
2008-03-31,593.115
2008-04-01,607.612
2008-04-02,616.412
2008-04-03,623.46
2008-04-04,629.256
2008-04-07,632.159
2008-04-08,634.721
2008-04-09,630.417
2008-04-10,633.511
2008-04-11,622.875
2008-04-14,625.34
2008-04-15,631.294
2008-04-16,646.054
2008-04-17,652.642
2008-04-18,654.792
2008-04-21,656.116
2008-04-22,660.582
2008-04-23,657.025
2008-04-24,646.825
2008-04-25,645.289
2008-04-28,647.038
2008-04-29,624.388
2008-04-30,651.393
2008-05-01,659.429
2008-05-02,673.447
2008-05-05,676.992
2008-05-06,682.364
2008-05-07,669.366
2008-05-08,668.941
2008-05-09,667.531
2008-05-12,677.544
2008-05-13,683.847
2008-05-14,682.707
2008-05-15,694.22
2008-05-16,708.487
2008-05-19,718.46
2008-05-20,715.891
2008-05-21,710.794
2008-05-22,709.228
2008-05-23,700.335
2008-05-26,703.162
2008-05-27,695.052
2008-05-28,708.571
2008-05-29,702.467
2008-05-30,712.345
2008-06-02,706.603
2008-06-03,694.199
2008-06-04,679.474
2008-06-05,703.127
2008-06-06,690.482
2008-06-09,685.908
2008-06-10,668.942
2008-06-11,655.976
2008-06-12,661.252
2008-06-13,662.973
2008-06-16,666.915
2008-06-17,677.168
2008-06-18,666.246
2008-06-19,665.095
2008-06-20,649.411
2008-06-23,648.636
2008-06-24,647.263
2008-06-25,662.221
2008-06-26,648.995
2008-06-27,646.351
2008-06-30,657.785
2008-07-01,640.467
2008-07-02,621.858
2008-07-03,604.742
2008-07-04,605.826
2008-07-07,607.05
2008-07-08,605.291
2008-07-09,603.579
2008-07-10,601.09
2008-07-11,601.555
2008-07-14,607.456
2008-07-15,603.488
2008-07-16,610.288
2008-07-17,600.428
2008-07-18,598.975
2008-07-21,607.452
2008-07-22,597.674
2008-07-23,594.857
2008-07-24,577.579
2008-07-25,577.757
2008-07-28,574.855
2008-07-29,586.317
2008-07-30,606.941
2008-07-31,601.217
2008-08-01,586.438
2008-08-04,563.336
2008-08-05,569.256
2008-08-06,577.524
2008-08-07,571.927
2008-08-08,559.296
2008-08-11,545.359
2008-08-12,538.466
2008-08-13,541.462
2008-08-14,551.065
2008-08-15,538.086
2008-08-18,530.455
2008-08-19,531.781
2008-08-20,552.536
2008-08-21,559.839
2008-08-22,559.754
2008-08-25,543.532
2008-08-26,538.88
2008-08-27,553.392
2008-08-28,560.742
2008-08-29,551.427
2008-09-01,543.631
2008-09-02,535.522
2008-09-03,526.696
2008-09-04,505.458
2008-09-05,495.934
2008-09-08,493.367
2008-09-09,468.459
2008-09-10,469.483
2008-09-11,475.696
2008-09-12,491.764
2008-09-15,455.343
2008-09-16,455.069
2008-09-17,424.634
2008-09-18,441.575
2008-09-19,486.874
2008-09-22,485.424
2008-09-23,465.543
2008-09-24,462.516
2008-09-25,479.967
2008-09-26,470.792
2008-09-29,417.922
2008-09-30,443.429
2008-10-01,442.817
2008-10-02,405.301
2008-10-03,390.707
2008-10-06,348.285
2008-10-07,328.728
2008-10-08,295.866
2008-10-09,302.71
2008-10-10,283.006
2008-10-13,330.005
2008-10-14,346.484
2008-10-15,298.042
2008-10-16,289.109
2008-10-17,300.986
2008-10-20,325.233
2008-10-21,307.358
2008-10-22,265.459
2008-10-23,261.378
2008-10-24,241.47
2008-10-27,233.724
2008-10-28,263.724
2008-10-29,281.932
2008-10-30,300.346
2008-10-31,303.238
2008-11-03,304.569
2008-11-04,331.357
2008-11-05,313.918
2008-11-06,295.455
2008-11-07,298.638
2008-11-10,304.241
2008-11-11,295.611
2008-11-12,269.24
2008-11-13,281.057
2008-11-14,282.479
2008-11-17,276.575
2008-11-18,267.449
2008-11-19,254.382
2008-11-20,248.891
2008-11-21,231.776
2008-11-24,262.368
2008-11-25,267.004
2008-11-26,278.933
2008-11-27,283.176
2008-11-28,283.594
2008-12-01,262.091
2008-12-02,261.033
2008-12-03,265.652
2008-12-04,255.765
2008-12-05,249.027
2008-12-08,278.699
2008-12-09,277.528
2008-12-10,288.477
2008-12-11,292.276
2008-12-12,295.035
2008-12-15,290.379
2008-12-16,303.233
2008-12-17,308.604
2008-12-18,302.898
2008-12-19,298.679
2008-12-22,288.056
2008-12-23,284.033
2008-12-24,284.244
2008-12-25,284.244
2008-12-26,286.968
2008-12-29,285.018
2008-12-30,292.096
2008-12-31,292.359
2009-01-01,292.359
2009-01-02,311.247
2009-01-05,320.565
2009-01-06,333.019
2009-01-07,317.557
2009-01-08,320.556
2009-01-09,314.845
2009-01-12,299.467
2009-01-13,301.14
2009-01-14,283.526
2009-01-15,287.077
2009-01-16,293.909
2009-01-19,291.412
2009-01-20,277.908
2009-01-21,284.612
2009-01-22,282.883
2009-01-23,283.883
2009-01-26,290.822
2009-01-27,290.35
2009-01-28,303.094
2009-01-29,297.634
2009-01-30,291.661
2009-02-02,286.06
2009-02-03,294.657
2009-02-04,300.035
2009-02-05,304.347
2009-02-06,321.878
2009-02-09,322.713
2009-02-10,313.652
2009-02-11,307.831
2009-02-12,303.651
2009-02-13,312.044
2009-02-16,314.191
2009-02-17,296.048
2009-02-18,290.376
2009-02-19,292.797
2009-02-20,278.891
2009-02-23,277.557
2009-02-24,278.724
2009-02-25,276.825
2009-02-26,279.957
2009-02-27,276.409
2009-03-02,257.473
2009-03-03,258.022
2009-03-04,275.036
2009-03-05,268.49
2009-03-06,266.334
2009-03-09,264.203
2009-03-10,279.772
2009-03-11,282.6
2009-03-12,289.596
2009-03-13,293.478
2009-03-16,298.381
2009-03-17,301.078
2009-03-18,302.803
2009-03-19,310.562
2009-03-20,307.109
2009-03-23,322.396
2009-03-24,318.011
2009-03-25,321.583
2009-03-26,326.119
2009-03-27,317.462
2009-03-30,301.071
2009-03-31,306.685
2009-04-01,314.444
2009-04-02,332.021
2009-04-03,340.275
2009-04-06,337.876
2009-04-07,333.024
2009-04-08,338.542
2009-04-09,349.952
2009-04-10,349.952
2009-04-13,358.186
2009-04-14,353.674
2009-04-15,349.546
2009-04-16,357.896
2009-04-17,354.354
2009-04-20,339.115
2009-04-21,338.868
2009-04-22,343.304
2009-04-23,349.289
2009-04-24,358.675
2009-04-27,346.598
2009-04-28,345.413
2009-04-29,360.758
2009-04-30,360.173
2009-05-01,359.238
2009-05-04,388.264
2009-05-05,391.892
2009-05-06,399.929
2009-05-07,394.029
2009-05-08,406.112
2009-05-11,406.584
2009-05-12,400.627
2009-05-13,383.807
2009-05-14,388.749
2009-05-15,389.922
2009-05-18,405.676
2009-05-19,411.516
2009-05-20,418.504
2009-05-21,405.632
2009-05-22,411.523
2009-05-25,413.907
2009-05-26,419.692
2009-05-27,420.906
2009-05-28,428.289
2009-05-29,434.495
2009-06-01,450.971
2009-06-02,446.274
2009-06-03,432.349
2009-06-04,439.983
2009-06-05,438.326
2009-06-08,435.234
2009-06-09,438.627
2009-06-10,440.504
2009-06-11,441.906
2009-06-12,447.202
2009-06-15,433.904
2009-06-16,427.741
2009-06-17,415.654
2009-06-18,421.647
2009-06-19,425.644
2009-06-22,403.808
2009-06-23,403.428
2009-06-24,410.314
2009-06-25,421.309
2009-06-26,427.186
2009-06-29,430.59
2009-06-30,424.861
2009-07-01,430.503
2009-07-02,422.179
2009-07-03,420.456
2009-07-06,412.63
2009-07-07,407.276
2009-07-08,400.188
2009-07-09,398.701
2009-07-10,397.495
2009-07-13,400.421
2009-07-14,403.699
2009-07-15,424.971
2009-07-16,430.992
2009-07-17,434.834
2009-07-20,447.896
2009-07-21,449.335
2009-07-22,448.82
2009-07-23,460.351
2009-07-24,457.969
2009-07-27,460.77
2009-07-28,459.057
2009-07-29,450.887
2009-07-30,459.935
2009-07-31,463.127
2009-08-03,482.093
2009-08-04,482.038
2009-08-05,485.414
2009-08-06,482.507
2009-08-07,487.554
2009-08-10,487.527
2009-08-11,473.829
2009-08-12,482.788
2009-08-13,487.937
2009-08-14,483.382
2009-08-17,464.783
2009-08-18,470.468
2009-08-19,476.563
2009-08-20,483.859
2009-08-21,492.501
2009-08-24,493.503
2009-08-25,491.036
2009-08-26,484.79
2009-08-27,479.996
2009-08-28,482.605
2009-08-31,472.995
2009-09-01,464.938
2009-09-02,459.693
2009-09-03,465.894
2009-09-04,477.382
2009-09-07,480.306
2009-09-08,494.431
2009-09-09,494.925
2009-09-10,498.871
2009-09-11,502.107
2009-09-14,501.978
2009-09-15,507.312
2009-09-16,519.153
2009-09-17,519.544
2009-09-18,521.5
2009-09-21,517.911
2009-09-22,523.243
2009-09-23,519.65
2009-09-24,513.198
2009-09-25,514.204
2009-09-28,524.998
2009-09-29,525.704
2009-09-30,529.885
2009-10-01,523.48
2009-10-02,524.605
2009-10-05,537.358
2009-10-06,548.337
2009-10-07,545.585
2009-10-08,557.03
2009-10-09,562.323
2009-10-12,562.914
2009-10-13,567.702
2009-10-14,583.902
2009-10-15,588.884
2009-10-16,581.888
2009-10-19,591.713
2009-10-20,572.688
2009-10-21,575.128
2009-10-22,580.623
2009-10-23,576.6
2009-10-26,573.985
2009-10-27,554.383
2009-10-28,528.042
2009-10-29,556.79
2009-10-30,538.549
2009-11-02,535.323
2009-11-03,546.778
2009-11-04,562.566
2009-11-05,570.137
2009-11-06,567.639
2009-11-09,587.049
2009-11-10,586.91
2009-11-11,587.499
2009-11-12,571.611
2009-11-13,576.685
2009-11-16,590.137
2009-11-17,593.629
2009-11-18,590.927
2009-11-19,578.961
2009-11-20,580.225
2009-11-23,587.779
2009-11-24,589.109
2009-11-25,594.382
2009-11-26,576.664
2009-11-27,584.783
2009-11-30,583.979
2009-12-01,601.834
2009-12-02,606.757
2009-12-03,605.53
2009-12-04,599.88
2009-12-07,601.117
2009-12-08,587.258
2009-12-09,585.1
2009-12-10,589.445
2009-12-11,595.832
2009-12-14,599.597
2009-12-15,598.86
2009-12-16,595.84
2009-12-17,576.709
2009-12-18,572.833
2009-12-21,571.078
2009-12-22,576.846
2009-12-23,582.444
2009-12-24,586.157
2009-12-25,586.157
2009-12-28,593.788
2009-12-29,595.6
2009-12-30,595.283
2009-12-31,595.745
2010-01-01,595.745
2010-01-04,614.314
2010-01-05,616.784
2010-01-06,619.223
2010-01-07,617.948
2010-01-08,616.74
2010-01-11,619.345
2010-01-12,614.018
2010-01-13,612.954
2010-01-14,602.57
2010-01-15,597.122
2010-01-18,602.173
2010-01-19,604.179
2010-01-20,586.397
2010-01-21,570.173
2010-01-22,562.607
2010-01-25,560.553
2010-01-26,552.533
2010-01-27,544.06
2010-01-28,547.683
2010-01-29,542.859
2010-02-01,549.807
2010-02-02,561.403
2010-02-03,559.982
2010-02-04,529.002
2010-02-05,522.634
2010-02-08,525.828
2010-02-09,538.074
2010-02-10,540.569
2010-02-11,546.738
2010-02-12,547.098
2010-02-15,549.347
2010-02-16,555.0
2010-02-17,565.073
2010-02-18,572.265
2010-02-19,571.546
2010-02-22,569.792
2010-02-23,559.378
2010-02-24,558.402
2010-02-25,555.858
2010-02-26,565.616
2010-03-01,572.475
2010-03-02,581.261
2010-03-03,583.087
2010-03-04,580.329
2010-03-05,591.986
2010-03-08,589.627
2010-03-09,593.417
2010-03-10,602.264
2010-03-11,601.376
2010-03-12,599.735
2010-03-15,597.608
2010-03-16,605.4
2010-03-17,604.495
2010-03-18,598.609
2010-03-19,590.042
2010-03-22,590.568
2010-03-23,597.919
2010-03-24,593.053
2010-03-25,586.618
2010-03-26,583.612
2010-03-29,594.618
2010-03-30,599.987
2010-03-31,605.524
2010-04-01,614.865
2010-04-02,614.865
2010-04-05,621.363
2010-04-06,620.925
2010-04-07,618.374
2010-04-08,618.293
2010-04-09,620.379
2010-04-12,618.666
2010-04-13,616.922
2010-04-14,626.462
2010-04-15,623.49
2010-04-16,610.964
2010-04-19,606.233
2010-04-20,611.674
2010-04-21,611.03
2010-04-22,607.83
2010-04-23,610.783
2010-04-26,610.634
2010-04-27,590.535
2010-04-28,588.669
2010-04-29,605.078
2010-04-30,603.304
2010-05-03,597.488
2010-05-04,574.318
2010-05-05,563.935
2010-05-06,549.277
2010-05-07,535.88
2010-05-10,571.909
2010-05-11,567.357
2010-05-12,576.056
2010-05-13,573.73
2010-05-14,557.894
2010-05-17,550.889
2010-05-18,541.461
2010-05-19,521.054
2010-05-20,497.146
2010-05-21,513.729
2010-05-24,517.158
2010-05-25,502.179
2010-05-26,521.295
2010-05-27,538.255
2010-05-28,538.46
2010-05-31,551.297
2010-06-01,538.796
2010-06-02,543.835
2010-06-03,547.643
2010-06-04,533.895
2010-06-07,522.589
2010-06-08,526.852
2010-06-09,534.344
2010-06-10,550.369
2010-06-11,556.814
2010-06-14,557.536
2010-06-15,566.466
2010-06-16,570.366
2010-06-17,570.182
2010-06-18,573.343
2010-06-21,579.669
2010-06-22,574.98
2010-06-23,568.445
2010-06-24,558.799
2010-06-25,567.091
2010-06-28,565.426
2010-06-29,540.841
2010-06-30,532.841
2010-07-01,533.67
2010-07-02,543.376
2010-07-05,538.525
2010-07-06,550.801
2010-07-07,559.932
2010-07-08,563.785
2010-07-09,566.259
2010-07-12,561.964
2010-07-13,570.687
2010-07-14,566.875
2010-07-15,565.782
2010-07-16,553.892
2010-07-19,557.925
2010-07-20,568.881
2010-07-21,572.611
2010-07-22,586.514
2010-07-23,589.357
2010-07-26,589.758
2010-07-27,591.051
2010-07-28,593.136
2010-07-29,592.371
2010-07-30,596.371
2010-08-02,609.251
2010-08-03,602.744
2010-08-04,605.384
2010-08-05,607.088
2010-08-06,603.711
2010-08-09,604.406
2010-08-10,598.046
2010-08-11,581.934
2010-08-12,584.961
2010-08-13,586.402
2010-08-16,592.711
2010-08-17,602.557
2010-08-18,602.472
2010-08-19,593.215
2010-08-20,591.336
2010-08-23,587.314
2010-08-24,576.419
2010-08-25,572.978
2010-08-26,571.315
2010-08-27,585.613
2010-08-30,575.206
2010-08-31,583.224
2010-09-01,603.623
2010-09-02,602.542
2010-09-03,607.958
2010-09-06,609.225
2010-09-07,606.181
2010-09-08,605.05
2010-09-09,606.038
2010-09-10,607.692
2010-09-13,619.911
2010-09-14,620.34
2010-09-15,621.467
2010-09-16,617.021
2010-09-17,614.017
2010-09-20,622.297
2010-09-21,615.48
2010-09-22,621.146
2010-09-23,623.225
2010-09-24,625.096
2010-09-27,630.04
2010-09-28,635.271
2010-09-29,638.943
2010-09-30,644.51
2010-10-01,653.533
2010-10-04,653.765
2010-10-05,662.247
2010-10-06,659.075
2010-10-07,654.55
2010-10-08,661.321
2010-10-11,667.418
2010-10-12,665.563
2010-10-13,677.407
2010-10-14,677.826
2010-10-15,675.126
2010-10-18,677.449
2010-10-19,654.617
2010-10-20,664.501
2010-10-21,655.846
2010-10-22,655.037
2010-10-25,656.17
2010-10-26,662.488
2010-10-27,656.014
2010-10-28,656.167
2010-10-29,665.149
2010-11-01,669.624
2010-11-02,671.669
2010-11-03,675.191
2010-11-04,692.822
2010-11-05,690.844
2010-11-08,689.352
2010-11-09,682.257
2010-11-10,676.592
2010-11-11,669.59
2010-11-12,662.293
2010-11-15,659.863
2010-11-16,646.306
2010-11-17,651.568
2010-11-18,665.739
2010-11-19,665.457
2010-11-22,658.758
2010-11-23,642.484
2010-11-24,658.402
2010-11-25,656.304
2010-11-26,646.467
2010-11-29,642.821
2010-11-30,642.435
2010-12-01,658.299
2010-12-02,663.436
2010-12-03,668.571
2010-12-06,669.623
2010-12-07,670.216
2010-12-08,658.917
2010-12-09,653.966
2010-12-10,653.258
2010-12-13,664.073
2010-12-14,664.373
2010-12-15,658.433
2010-12-16,651.914
2010-12-17,655.909
2010-12-20,652.584
2010-12-21,663.126
2010-12-22,664.254
2010-12-23,665.021
2010-12-24,666.035
2010-12-27,661.281
2010-12-28,663.064
2010-12-29,671.74
2010-12-30,680.333
2010-12-31,683.056
2011-01-03,690.464
2011-01-04,687.218
2011-01-05,691.997
2011-01-06,680.5
2011-01-07,678.11
2011-01-10,673.393
2011-01-11,675.56
2011-01-12,690.337
2011-01-13,685.681
2011-01-14,683.855
2011-01-17,682.663
2011-01-18,687.167
2011-01-19,679.843
2011-01-20,671.403
2011-01-21,670.573
2011-01-24,674.503
2011-01-25,672.663
2011-01-26,671.276
2011-01-27,665.633
2011-01-28,650.837
2011-01-31,652.632
2011-02-01,668.888
2011-02-02,662.689
2011-02-03,659.549
2011-02-04,648.469
2011-02-07,648.885
2011-02-08,652.681
2011-02-09,639.668
2011-02-10,637.421
2011-02-11,649.818
2011-02-14,655.308
2011-02-15,654.72
2011-02-16,661.971
2011-02-17,664.735
2011-02-18,666.232
2011-02-21,660.897
2011-02-22,653.745
2011-02-23,653.188
2011-02-24,654.096
2011-02-25,659.149
2011-02-28,665.456
2011-03-01,657.231
2011-03-02,664.86
2011-03-03,673.143
2011-03-04,675.758
2011-03-07,671.203
2011-03-08,670.616
2011-03-09,663.516
2011-03-10,649.064
2011-03-11,653.872
2011-03-14,656.482
2011-03-15,652.815
2011-03-16,642.475
2011-03-17,644.557
2011-03-18,648.869
2011-03-21,654.043
2011-03-22,662.81
2011-03-23,668.298
2011-03-24,670.749
2011-03-25,671.002
2011-03-28,665.131
2011-03-29,667.11
2011-03-30,679.211
2011-03-31,689.082
2011-04-01,698.149
2011-04-04,701.23
2011-04-05,704.217
2011-04-06,702.219
2011-04-07,701.67
2011-04-08,704.363
2011-04-11,700.27
2011-04-12,685.229
2011-04-13,682.314
2011-04-14,681.072
2011-04-15,687.296
2011-04-18,668.833
2011-04-19,680.434
2011-04-20,694.582
2011-04-21,696.073
2011-04-22,696.073
2011-04-25,694.093
2011-04-26,698.934
2011-04-27,691.74
2011-04-28,682.238
2011-04-29,692.442
2011-05-02,688.543
2011-05-03,671.323
2011-05-04,663.348
2011-05-05,655.965
2011-05-06,665.439
2011-05-09,662.237
2011-05-10,670.067
2011-05-11,658.663
2011-05-12,654.394
2011-05-13,645.202
2011-05-16,647.138
2011-05-17,646.948
2011-05-18,649.707
2011-05-19,647.997
2011-05-20,648.981
2011-05-23,641.149
2011-05-24,651.187
2011-05-25,650.629
2011-05-26,658.971
2011-05-27,667.704
2011-05-30,666.376
2011-05-31,673.814
2011-06-01,664.663
2011-06-02,670.344
2011-06-03,669.634
2011-06-06,654.978
2011-06-07,659.678
2011-06-08,656.898
2011-06-09,658.5
2011-06-10,649.662
2011-06-13,646.674
2011-06-14,653.982
2011-06-15,646.193
2011-06-16,635.273
2011-06-17,638.864
2011-06-20,640.327
2011-06-21,647.264
2011-06-22,648.835
2011-06-23,645.838
2011-06-24,643.351
2011-06-27,644.94
2011-06-28,659.148
2011-06-29,665.878
2011-06-30,671.472
2011-07-01,681.503
2011-07-04,684.326
2011-07-05,677.323
2011-07-06,672.578
2011-07-07,674.31
2011-07-08,665.272
2011-07-11,649.977
2011-07-12,646.302
2011-07-13,656.313
2011-07-14,648.738
2011-07-15,646.855
2011-07-18,639.012
2011-07-19,646.989
2011-07-20,645.392
2011-07-21,656.253
2011-07-22,657.317
2011-07-25,659.057
2011-07-26,659.052
2011-07-27,641.864
2011-07-28,646.245
2011-07-29,648.66
2011-08-01,647.039
2011-08-02,630.142
2011-08-03,617.531
2011-08-04,586.146
2011-08-05,582.552
2011-08-08,534.231
2011-08-09,545.294
2011-08-10,554.889
2011-08-11,569.343
2011-08-12,574.691
2011-08-15,591.055
2011-08-16,590.792
2011-08-17,599.338
2011-08-18,573.744
2011-08-19,571.1
2011-08-22,569.177
2011-08-23,581.435
2011-08-24,581.747
2011-08-25,571.552
2011-08-26,574.82
2011-08-29,595.313
2011-08-30,601.368
2011-08-31,613.76
2011-09-01,621.059
2011-09-02,600.954
2011-09-05,578.421
2011-09-06,588.679
2011-09-07,593.819
2011-09-08,598.617
2011-09-09,577.345
2011-09-12,567.785
2011-09-13,564.658
2011-09-14,566.723
2011-09-15,574.921
2011-09-16,579.455
2011-09-19,562.803
2011-09-20,556.614
2011-09-21,539.078
2011-09-22,503.516
2011-09-23,500.7
2011-09-26,512.089
2011-09-27,530.419
2011-09-28,521.446
2011-09-29,519.785
2011-09-30,506.685
2011-10-03,488.632
2011-10-04,485.913
2011-10-05,498.051
2011-10-06,514.816
2011-10-07,519.201
2011-10-10,535.809
2011-10-11,538.218
2011-10-12,541.216
2011-10-13,547.172
2011-10-14,556.387
2011-10-17,545.922
2011-10-18,550.198
2011-10-19,548.818
2011-10-20,533.706
2011-10-21,547.442
2011-10-24,560.566
2011-10-25,559.641
2011-10-26,565.377
2011-10-27,592.198
2011-10-28,603.623
2011-10-31,595.286
2011-11-01,570.793
2011-11-02,573.137
2011-11-03,583.578
2011-11-04,583.681
2011-11-07,589.788
2011-11-08,593.039
2011-11-09,576.309
2011-11-10,571.345
2011-11-11,588.697
2011-11-14,580.235
2011-11-15,579.862
2011-11-16,579.467
2011-11-17,566.049
2011-11-18,561.094
2011-11-21,547.578
2011-11-22,543.368
2011-11-23,525.109
2011-11-24,522.282
2011-11-25,514.951
2011-11-28,532.727
2011-11-29,531.746
2011-11-30,559.771
2011-12-01,568.405
2011-12-02,569.767
2011-12-05,578.365
2011-12-06,578.154
2011-12-07,575.026
2011-12-08,562.631
2011-12-09,569.88
2011-12-12,557.93
2011-12-13,553.516
2011-12-14,539.108
2011-12-15,542.056
2011-12-16,544.302
2011-12-19,536.457
2011-12-20,554.794
2011-12-21,550.636
2011-12-22,557.027
2011-12-23,558.687
2011-12-26,558.036
2011-12-27,558.4
2011-12-28,544.28
2011-12-29,550.593
2011-12-30,550.858
2012-01-02,554.888
2012-01-03,572.561
2012-01-04,575.934
2012-01-05,567.708
2012-01-06,564.109
2012-01-09,567.901
2012-01-10,581.564
2012-01-11,582.26
2012-01-12,587.038
2012-01-13,579.867
2012-01-16,589.494
2012-01-17,595.118
2012-01-18,607.473
2012-01-19,611.252
2012-01-20,611.267
2012-01-23,616.096
2012-01-24,612.084
2012-01-25,614.385
2012-01-26,623.496
2012-01-27,619.969
2012-01-30,616.445
2012-01-31,620.325
2012-02-01,635.213
2012-02-02,638.017
2012-02-03,644.004
2012-02-06,647.018
2012-02-07,650.132
2012-02-08,650.642
2012-02-09,650.028
2012-02-10,635.933
2012-02-13,647.169
2012-02-14,639.078
2012-02-15,638.873
2012-02-16,642.58
2012-02-17,649.111
2012-02-20,651.41
2012-02-21,649.256
2012-02-22,649.615
2012-02-23,649.08
2012-02-24,652.002
2012-02-27,647.43
2012-02-28,655.302
2012-02-29,652.287
2012-03-01,660.954
2012-03-02,662.3
2012-03-05,652.739
2012-03-06,630.402
2012-03-07,632.468
2012-03-08,640.774
2012-03-09,642.327
2012-03-12,629.089
2012-03-13,648.19
2012-03-14,642.424
2012-03-15,643.339
2012-03-16,644.497
2012-03-19,645.363
2012-03-20,637.085
2012-03-21,636.351
2012-03-22,629.135
2012-03-23,631.813
2012-03-26,643.908
2012-03-27,642.894
2012-03-28,632.137
2012-03-29,627.93
2012-03-30,631.265
2012-04-02,637.645
2012-04-03,635.067
2012-04-04,621.768
2012-04-05,622.864
2012-04-06,622.864
2012-04-09,616.876
2012-04-10,606.673
2012-04-11,608.562
2012-04-12,621.229
2012-04-13,610.951
2012-04-16,608.786
2012-04-17,613.054
2012-04-18,610.258
2012-04-19,604.333
2012-04-20,608.707
2012-04-23,599.762
2012-04-24,604.537
2012-04-25,602.089
2012-04-26,603.2
2012-04-27,607.037
2012-04-30,607.54
2012-05-01,605.695
2012-05-02,607.622
2012-05-03,601.282
2012-05-04,592.722
2012-05-07,595.526
2012-05-08,582.743
2012-05-09,573.724
2012-05-10,575.625
2012-05-11,572.542
2012-05-14,552.413
2012-05-15,542.858
2012-05-16,538.53
2012-05-17,527.394
2012-05-18,526.534
2012-05-21,535.341
2012-05-22,530.511
2012-05-23,514.632
2012-05-24,521.381
2012-05-25,527.486
2012-05-28,535.149
2012-05-29,534.063
2012-05-30,525.55
2012-05-31,527.737
2012-06-01,516.314
2012-06-04,516.695
2012-06-05,516.083
2012-06-06,528.9
2012-06-07,529.147
2012-06-08,527.866
2012-06-11,525.133
2012-06-12,527.392
2012-06-13,529.179
2012-06-14,526.437
2012-06-15,535.495
2012-06-18,535.978
2012-06-19,551.306
2012-06-20,554.035
2012-06-21,540.131
2012-06-22,535.093
2012-06-25,522.664
2012-06-26,524.449
2012-06-27,525.937
2012-06-28,522.094
2012-06-29,548.194
2012-07-02,554.709
2012-07-03,562.115
2012-07-04,559.778
2012-07-05,559.169
2012-07-06,551.542
2012-07-09,553.352
2012-07-10,544.309
2012-07-11,544.809
2012-07-12,538.829
2012-07-13,549.816
2012-07-16,547.632
2012-07-17,551.665
2012-07-18,556.005
2012-07-19,558.607
2012-07-20,552.871
2012-07-23,541.287
2012-07-24,536.585
2012-07-25,535.039
2012-07-26,548.697
2012-07-27,566.987
2012-07-30,567.165
2012-07-31,555.53
2012-08-01,556.172
2012-08-02,549.754
2012-08-03,563.613
2012-08-06,569.574
2012-08-07,567.463
2012-08-08,572.234
2012-08-09,573.451
2012-08-10,576.36
2012-08-13,570.11
2012-08-14,567.61
2012-08-15,568.827
2012-08-16,575.197
2012-08-17,572.614
2012-08-20,572.714
2012-08-21,570.268
2012-08-22,569.721
2012-08-23,565.845
2012-08-24,565.04
2012-08-27,561.899
2012-08-28,560.633
2012-08-29,552.61
2012-08-30,549.778
2012-08-31,552.589
2012-09-03,554.987
2012-09-04,547.479
2012-09-05,552.137
2012-09-06,563.988
2012-09-07,567.136
2012-09-10,567.469
2012-09-11,573.071
2012-09-12,573.543
2012-09-13,584.046
2012-09-14,594.317
2012-09-17,589.481
2012-09-18,588.306
2012-09-19,588.43
2012-09-20,585.497
2012-09-21,584.639
2012-09-24,585.567
2012-09-25,577.757
2012-09-26,575.186
2012-09-27,577.761
2012-09-28,573.914
2012-10-01,577.912
2012-10-02,579.084
2012-10-03,574.11
2012-10-04,579.061
2012-10-05,582.798
2012-10-08,582.725
2012-10-09,577.414
2012-10-10,573.202
2012-10-11,579.152
2012-10-12,577.43
2012-10-15,581.114
2012-10-16,586.997
2012-10-17,589.017
2012-10-18,588.916
2012-10-19,583.704
2012-10-22,581.632
2012-10-23,572.581
2012-10-24,572.951
2012-10-25,577.896
2012-10-26,576.374
2012-10-29,574.105
2012-10-30,575.349
2012-10-31,571.583
2012-11-01,578.702
2012-11-02,578.856
2012-11-05,577.321
2012-11-06,582.215
2012-11-07,573.556
2012-11-08,567.608
2012-11-09,563.365
2012-11-12,561.788
2012-11-13,562.553
2012-11-14,554.045
2012-11-15,553.691
2012-11-16,549.687
2012-11-19,557.706
2012-11-20,557.491
2012-11-21,556.738
2012-11-22,559.553
2012-11-23,565.635
2012-11-26,562.394
2012-11-27,559.097
2012-11-28,558.213
2012-11-29,564.388
2012-11-30,562.177
2012-12-03,565.273
2012-12-04,562.745
2012-12-05,565.671
2012-12-06,570.742
2012-12-07,574.869
2012-12-10,580.436
2012-12-11,586.732
2012-12-12,586.08
2012-12-13,584.845
2012-12-14,587.344
2012-12-17,586.993
2012-12-18,593.132
2012-12-19,599.827
2012-12-20,600.898
2012-12-21,597.173
2012-12-24,595.365
2012-12-25,595.365
2012-12-26,597.159
2012-12-27,593.751
2012-12-28,599.016
2012-12-31,598.548
2013-01-01,598.548
2013-01-02,613.39
2013-01-03,619.998
2013-01-04,618.395
2013-01-07,617.071
2013-01-08,610.387
2013-01-09,615.4
2013-01-10,618.338
2013-01-11,616.097
2013-01-14,619.558
2013-01-15,615.153
2013-01-16,617.629
2013-01-17,621.091
2013-01-18,620.571
2013-01-21,619.572
2013-01-22,620.83
2013-01-23,622.284
2013-01-24,621.553
2013-01-25,620.766
2013-01-28,618.253
2013-01-29,624.264
2013-01-30,617.308
2013-01-31,620.964
2013-02-01,627.602
2013-02-04,621.036
2013-02-05,620.866
2013-02-06,616.883
2013-02-07,614.554
2013-02-08,615.426
2013-02-11,614.107
2013-02-12,614.221
2013-02-13,612.887
2013-02-14,611.427
2013-02-15,612.821
2013-02-18,612.136
2013-02-19,613.317
2013-02-20,604.854
2013-02-21,597.844
2013-02-22,601.067
2013-02-25,599.505
2013-02-26,594.697
2013-02-27,598.933
2013-02-28,603.862
2013-03-01,601.993
2013-03-04,598.852
2013-03-05,601.507
2013-03-06,613.048
2013-03-07,615.257
2013-03-08,620.354
2013-03-11,619.27
2013-03-12,616.659
2013-03-13,611.046
2013-03-14,610.582
2013-03-15,605.106
2013-03-18,602.086
2013-03-19,596.625
2013-03-20,598.767
2013-03-21,595.463
2013-03-22,590.946
2013-03-25,589.314
2013-03-26,598.445
2013-03-27,600.455
2013-03-28,603.871
2013-03-29,603.871
2013-04-01,599.694
2013-04-02,596.478
2013-04-03,596.24
2013-04-04,591.115
2013-04-05,594.758
2013-04-08,597.28
2013-04-09,608.724
2013-04-10,613.357
2013-04-11,610.882
2013-04-12,604.757
2013-04-15,585.619
2013-04-16,590.887
2013-04-17,581.272
2013-04-18,579.872
2013-04-19,588.339
2013-04-22,586.168
2013-04-23,593.758
2013-04-24,590.123
2013-04-25,595.249
2013-04-26,588.26
2013-04-29,592.366
2013-04-30,601.954
2013-05-01,600.874
2013-05-02,596.323
2013-05-03,600.944
2013-05-06,598.323
2013-05-07,606.338
2013-05-08,606.488
2013-05-09,604.577
2013-05-10,597.331
2013-05-13,592.359
2013-05-14,597.411
2013-05-15,593.558
2013-05-16,591.393
2013-05-17,592.132
2013-05-20,592.841
2013-05-21,591.652
2013-05-22,590.232
2013-05-23,583.631
2013-05-24,583.763
2013-05-27,580.583
2013-05-28,580.785
2013-05-29,568.42
2013-05-30,565.958
2013-05-31,560.428
2013-06-03,556.789
2013-06-04,558.903
2013-06-05,546.72
2013-06-06,548.302
2013-06-07,544.061
2013-06-10,537.533
2013-06-11,526.977
2013-06-12,522.424
2013-06-13,528.32
2013-06-14,524.97
2013-06-17,525.818
2013-06-18,520.265
2013-06-19,512.279
2013-06-20,486.148
2013-06-21,482.699
2013-06-24,474.656
2013-06-25,484.444
2013-06-26,494.501
2013-06-27,505.199
2013-06-28,509.981
2013-07-01,511.005
2013-07-02,496.339
2013-07-03,491.651
2013-07-04,497.651
2013-07-05,488.184
2013-07-08,487.411
2013-07-09,487.246
2013-07-10,486.037
2013-07-11,496.913
2013-07-12,495.086
2013-07-15,503.694
2013-07-16,505.875
2013-07-17,512.008
2013-07-18,515.61
2013-07-19,508.795
2013-07-22,514.57
2013-07-23,522.033
2013-07-24,516.984
2013-07-25,517.374
2013-07-26,516.509
2013-07-29,510.758
2013-07-30,505.462
2013-07-31,504.833
2013-08-01,514.66
2013-08-02,515.038
2013-08-05,511.47
2013-08-06,505.862
2013-08-07,505.881
2013-08-08,518.299
2013-08-09,525.207
2013-08-12,524.448
2013-08-13,520.52
2013-08-14,520.694
2013-08-15,514.258
2013-08-16,512.892
2013-08-19,502.255
2013-08-20,498.142
2013-08-21,491.634
2013-08-22,490.82
2013-08-23,504.373
2013-08-26,497.664
2013-08-27,482.736
2013-08-28,486.693
2013-08-29,486.679
2013-08-30,489.026
2013-09-02,496.042
2013-09-03,487.722
2013-09-04,495.951
2013-09-05,503.351
2013-09-06,511.649
2013-09-09,526.55
2013-09-10,534.823
2013-09-11,530.049
2013-09-12,526.179
2013-09-13,528.479
2013-09-16,533.276
2013-09-17,536.181
2013-09-18,545.112
2013-09-19,553.547
2013-09-20,545.462
2013-09-23,551.643
2013-09-24,548.526
2013-09-25,544.131
2013-09-26,541.483
2013-09-27,536.417
2013-09-30,530.992
2013-10-01,542.249
2013-10-02,541.609
2013-10-03,536.223
2013-10-04,540.556
2013-10-07,538.72
2013-10-08,535.488
2013-10-09,534.109
2013-10-10,544.536
2013-10-11,548.955
2013-10-14,552.301
2013-10-15,551.882
2013-10-16,556.966
2013-10-17,558.835
2013-10-18,560.351
2013-10-21,559.636
2013-10-22,564.646
2013-10-23,556.116
2013-10-24,551.279
2013-10-25,555.457
2013-10-28,561.662
2013-10-29,562.061
2013-10-30,561.463
2013-10-31,556.36
2013-11-01,549.191
2013-11-04,555.814
2013-11-05,542.045
2013-11-06,541.135
2013-11-07,533.758
2013-11-08,520.981
2013-11-11,523.617
2013-11-12,518.527
2013-11-13,522.066
2013-11-14,531.524
2013-11-15,537.051
2013-11-18,548.479
2013-11-19,542.117
2013-11-20,539.686
2013-11-21,530.257
2013-11-22,534.69
2013-11-25,529.788
2013-11-26,523.863
2013-11-27,528.146
2013-11-28,527.617
2013-11-29,531.62
2013-12-02,518.279
2013-12-03,511.514
2013-12-04,508.201
2013-12-05,513.44
2013-12-06,516.566
2013-12-09,522.635
2013-12-10,523.556
2013-12-11,512.436
2013-12-12,509.646
2013-12-13,510.843
2013-12-16,515.291
2013-12-17,512.084
2013-12-18,512.134
2013-12-19,515.944
2013-12-20,511.226
2013-12-23,514.075
2013-12-24,515.963
2013-12-25,515.963
2013-12-26,515.449
2013-12-27,518.03
2013-12-30,519.4
2013-12-31,518.596
2014-01-01,518.596
2014-01-02,508.447
2014-01-03,507.808
2014-01-06,505.702
2014-01-07,505.455
2014-01-08,502.757
2014-01-09,492.098
2014-01-10,502.175
2014-01-13,502.657
2014-01-14,503.344
2014-01-15,504.814
2014-01-16,497.39
2014-01-17,495.119
2014-01-20,495.464
2014-01-21,490.229
2014-01-22,495.648
2014-01-23,483.511
2014-01-24,473.142
2014-01-27,470.818
2014-01-28,471.316
2014-01-29,466.238
2014-01-30,468.425
2014-01-31,469.525
2014-02-03,459.182
2014-02-04,461.506
2014-02-05,460.944
2014-02-06,474.574
2014-02-07,475.442
2014-02-10,471.311
2014-02-11,478.049
2014-02-12,478.042
2014-02-13,475.45
2014-02-14,483.603
2014-02-17,481.646
2014-02-18,473.336
2014-02-19,475.476
2014-02-20,475.608
2014-02-21,478.362
2014-02-24,482.881
2014-02-25,475.02
2014-02-26,471.635
2014-02-27,478.427
2014-02-28,478.147
2014-03-03,474.664
2014-03-04,477.81
2014-03-05,475.751
2014-03-06,486.081
2014-03-07,474.819
2014-03-10,468.395
2014-03-11,468.805
2014-03-12,467.138
2014-03-13,463.972
2014-03-14,460.598
2014-03-17,463.716
2014-03-18,474.126
2014-03-19,476.696
2014-03-20,483.093
2014-03-21,486.596
2014-03-24,489.675
2014-03-25,495.009
2014-03-26,494.898
2014-03-27,511.407
2014-03-28,513.458
2014-03-31,520.326
2014-04-01,519.991
2014-04-02,528.13
2014-04-03,523.412
2014-04-04,527.203
2014-04-07,535.528
2014-04-08,539.132
2014-04-09,534.478
2014-04-10,535.567
2014-04-11,538.731
2014-04-14,537.771
2014-04-15,526.362
2014-04-16,531.678
2014-04-17,535.871
2014-04-18,535.871
2014-04-21,536.3
2014-04-22,533.59
2014-04-23,530.316
2014-04-24,534.677
2014-04-25,529.592
2014-04-28,528.422
2014-04-29,536.082
2014-04-30,534.195
2014-05-01,534.698
2014-05-02,544.518
2014-05-05,545.373
2014-05-06,547.167
2014-05-07,551.836
2014-05-08,551.054
2014-05-09,547.615
2014-05-12,556.614
2014-05-13,558.009
2014-05-14,560.322
2014-05-15,553.05
2014-05-16,557.318
2014-05-19,553.462
2014-05-20,545.071
2014-05-21,545.558
2014-05-22,550.172
2014-05-23,548.321
2014-05-26,549.901
2014-05-27,541.85
2014-05-28,544.283
2014-05-29,546.456
2014-05-30,533.78
2014-06-02,533.961
2014-06-03,537.909
2014-06-04,533.51
2014-06-05,535.359
2014-06-06,550.911
2014-06-09,558.581
2014-06-10,561.214
2014-06-11,562.733
2014-06-12,562.524
2014-06-13,559.026
2014-06-16,558.659
2014-06-17,551.621
2014-06-18,558.691
2014-06-19,564.723
2014-06-20,559.8
2014-06-23,560.05
2014-06-24,560.429
2014-06-25,556.9
2014-06-26,556.215
2014-06-27,555.824
2014-06-30,555.908
2014-07-01,557.129
2014-07-02,556.277
2014-07-03,560.891
2014-07-04,563.563
2014-07-07,560.194
2014-07-08,560.163
2014-07-09,561.979
2014-07-10,564.819
2014-07-11,566.707
2014-07-14,574.522
2014-07-15,573.857
2014-07-16,574.114
2014-07-17,570.182
2014-07-18,578.922
2014-07-21,583.879
2014-07-22,588.928
2014-07-23,584.476
2014-07-24,588.229
2014-07-25,586.401
2014-07-28,585.191
2014-07-29,581.361
2014-07-30,574.258
2014-07-31,561.69
2014-08-01,565.966
2014-08-04,571.38
2014-08-05,565.844
2014-08-06,566.358
2014-08-07,563.74
2014-08-08,557.133
2014-08-11,569.561
2014-08-12,569.533
2014-08-13,566.867
2014-08-14,568.469
2014-08-15,573.622
2014-08-18,580.315
2014-08-19,585.572
2014-08-20,588.566
2014-08-21,589.679
2014-08-22,580.743
2014-08-25,589.349
2014-08-26,590.74
2014-08-27,599.987
2014-08-28,596.521
2014-08-29,606.324
2014-09-01,605.524
2014-09-02,607.746
2014-09-03,613.069
2014-09-04,606.296
2014-09-05,604.051
2014-09-08,595.781
2014-09-09,584.499
2014-09-10,578.605
2014-09-11,578.51
2014-09-12,563.473
2014-09-15,567.434
2014-09-16,575.447
2014-09-17,576.407
2014-09-18,568.872
2014-09-19,564.011
2014-09-22,552.717
2014-09-23,546.681
2014-09-24,548.108
2014-09-25,540.562
2014-09-26,543.85
2014-09-29,527.047
2014-09-30,525.464
2014-10-01,513.865
2014-10-02,514.98
2014-10-03,518.809
2014-10-06,544.761
2014-10-07,546.722
2014-10-08,541.266
2014-10-09,546.066
2014-10-10,527.613
2014-10-13,543.641
2014-10-14,543.627
2014-10-15,526.232
2014-10-16,511.848
2014-10-17,523.807
2014-10-20,514.128
2014-10-21,507.34
2014-10-22,504.384
2014-10-23,493.614
2014-10-24,505.103
2014-10-27,487.577
2014-10-28,506.304
2014-10-29,506.033
2014-10-30,517.902
2014-10-31,524.783
2014-11-03,516.166
2014-11-04,514.296
2014-11-05,511.62
2014-11-06,501.36
2014-11-07,503.356
2014-11-10,502.605
2014-11-11,497.013
2014-11-12,500.218
2014-11-13,490.589
2014-11-14,485.792
2014-11-17,483.354
2014-11-18,488.424
2014-11-19,497.743
2014-11-20,499.596
2014-11-21,521.333
2014-11-24,514.587
2014-11-25,515.562
2014-11-26,515.591
2014-11-27,513.317
2014-11-28,500.633
2014-12-01,485.194
2014-12-02,478.526
2014-12-03,484.321
2014-12-04,475.069
2014-12-05,475.778
2014-12-08,465.621
2014-12-09,462.932
2014-12-10,451.87
2014-12-11,447.123
2014-12-12,434.664
2014-12-15,421.913
2014-12-16,415.834
2014-12-17,434.954
2014-12-18,444.519
2014-12-19,451.336
2014-12-22,455.104
2014-12-23,454.955
2014-12-24,454.326
2014-12-25,454.326
2014-12-26,452.345
2014-12-29,454.989
2014-12-30,453.788
2014-12-31,454.817
2015-01-01,454.817
2015-01-02,440.096
2015-01-05,426.832
2015-01-06,432.452
2015-01-07,441.433
2015-01-08,448.781
2015-01-09,447.291
2015-01-12,439.541
2015-01-13,440.448
2015-01-14,438.864
2015-01-15,439.407
2015-01-16,444.49
2015-01-19,437.52
2015-01-20,440.495
2015-01-21,453.798
2015-01-22,462.071
2015-01-23,454.309
2015-01-26,452.673
2015-01-27,455.82
2015-01-28,446.449
2015-01-29,442.735
2015-01-30,426.64
2015-02-02,430.893
2015-02-03,441.515
2015-02-04,440.975
2015-02-05,442.956
2015-02-06,437.281
2015-02-09,439.727
2015-02-10,429.246
2015-02-11,420.83
2015-02-12,434.474
2015-02-13,443.387
2015-02-16,441.426
2015-02-17,441.726
2015-02-18,443.409
2015-02-19,441.989
2015-02-20,440.125
2015-02-23,441.316
2015-02-24,446.136
2015-02-25,443.904
2015-02-26,443.599
2015-02-27,444.61
2015-03-02,438.179
2015-03-03,436.328
2015-03-04,424.414
2015-03-05,423.855
2015-03-06,412.884
2015-03-09,404.969
2015-03-10,396.046
2015-03-11,402.878
2015-03-12,404.55
2015-03-13,392.237
2015-03-16,396.003
2015-03-17,398.393
2015-03-18,405.399
2015-03-19,402.598
2015-03-20,413.617
2015-03-23,418.641
2015-03-24,418.789
2015-03-25,418.509
2015-03-26,408.599
2015-03-27,403.545
2015-03-30,408.028
2015-03-31,411.368
2015-04-01,422.836
2015-04-02,427.562
2015-04-03,427.562
2015-04-06,440.077
2015-04-07,436.96
2015-04-08,438.509
2015-04-09,439.839
2015-04-10,438.862
2015-04-13,435.926
2015-04-14,437.778
2015-04-15,442.174
2015-04-16,446.929
2015-04-17,439.593
2015-04-20,438.432
2015-04-21,441.023
2015-04-22,444.77
2015-04-23,451.119
2015-04-24,460.022
2015-04-27,461.518
2015-04-28,464.295
2015-04-29,458.804
2015-04-30,453.653
2015-05-01,451.003
2015-05-04,452.92
2015-05-05,460.598
2015-05-06,458.15
2015-05-07,454.022
2015-05-08,463.018
2015-05-11,459.943
2015-05-12,455.915
2015-05-13,456.723
2015-05-14,460.405
2015-05-15,466.654
2015-05-18,457.334
2015-05-19,450.993
2015-05-20,447.123
2015-05-21,448.028
2015-05-22,441.113
2015-05-25,441.843
2015-05-26,429.009
2015-05-27,428.568
2015-05-28,427.784
2015-05-29,421.649
2015-06-01,422.347
2015-06-02,431.492
2015-06-03,428.759
2015-06-04,425.294
2015-06-05,419.443
2015-06-08,421.16
2015-06-09,424.129
2015-06-10,431.672
2015-06-11,426.39
2015-06-12,428.104
2015-06-15,426.603
2015-06-16,429.698
2015-06-17,428.287
2015-06-18,438.754
2015-06-19,433.121
2015-06-22,435.652
2015-06-23,432.784
2015-06-24,433.661
2015-06-25,427.857
2015-06-26,430.356
2015-06-29,422.177
2015-06-30,425.79
2015-07-01,421.682
2015-07-02,426.161
2015-07-03,421.054
2015-07-06,416.63
2015-07-07,413.452
2015-07-08,406.409
2015-07-09,407.21
2015-07-10,415.762
2015-07-13,420.17
2015-07-14,425.549
2015-07-15,421.39
2015-07-16,422.868
2015-07-17,414.464
2015-07-20,410.195
2015-07-21,411.248
2015-07-22,403.243
2015-07-23,393.677
2015-07-24,385.457
2015-07-27,379.237
2015-07-28,381.177
2015-07-29,388.972
2015-07-30,382.748
2015-07-31,390.207
2015-08-03,384.044
2015-08-04,383.17
2015-08-05,379.595
2015-08-06,375.837
2015-08-07,374.077
2015-08-10,379.787
2015-08-11,372.299
2015-08-12,369.259
2015-08-13,364.822
2015-08-14,364.857
2015-08-17,363.873
2015-08-18,363.523
2015-08-19,356.507
2015-08-20,354.653
2015-08-21,345.416
2015-08-24,332.056
2015-08-25,336.172
2015-08-26,336.596
2015-08-27,354.31
2015-08-28,353.187
2015-08-31,349.149
2015-09-01,339.465
2015-09-02,338.835
2015-09-03,343.823
2015-09-04,336.69
2015-09-07,333.814
2015-09-08,338.315
2015-09-09,337.998
2015-09-10,334.537
2015-09-11,333.167
2015-09-14,337.709
2015-09-15,339.964
2015-09-16,347.837
2015-09-17,347.133
2015-09-18,341.602
2015-09-21,334.215
2015-09-22,326.568
2015-09-23,318.207
2015-09-24,312.797
2015-09-25,322.101
2015-09-28,313.659
2015-09-29,311.559
2015-09-30,322.35
2015-10-01,324.916
2015-10-02,330.8
2015-10-05,341.041
2015-10-06,345.587
2015-10-07,354.295
2015-10-08,353.494
2015-10-09,362.219
2015-10-12,359.494
2015-10-13,348.377
2015-10-14,343.336
2015-10-15,346.343
2015-10-16,348.658
2015-10-19,346.659
2015-10-20,345.979
2015-10-21,340.646
2015-10-22,345.935
2015-10-23,349.453
2015-10-26,348.588
2015-10-27,344.896
2015-10-28,346.604
2015-10-29,338.933
2015-10-30,342.022
2015-11-02,341.949
2015-11-03,355.932
2015-11-04,352.95
2015-11-05,353.282
2015-11-06,344.932
2015-11-09,341.158
2015-11-10,341.329
2015-11-11,346.145
2015-11-12,342.269
2015-11-13,337.628
2015-11-16,337.183
2015-11-17,340.937
2015-11-18,344.065
2015-11-19,351.344
2015-11-20,353.863
2015-11-23,352.415
2015-11-24,353.085
2015-11-25,342.949
2015-11-26,345.741
2015-11-27,340.171
2015-11-30,327.69
2015-12-01,333.423
2015-12-02,328.984
2015-12-03,335.616
2015-12-04,333.549
2015-12-07,328.084
2015-12-08,322.119
2015-12-09,330.719
2015-12-10,327.296
2015-12-11,317.387
2015-12-14,314.505
2015-12-15,319.697
2015-12-16,320.784
2015-12-17,324.337
2015-12-18,318.723
2015-12-21,311.863
2015-12-22,312.992
2015-12-23,318.585
2015-12-24,318.882
2015-12-25,318.882
2015-12-28,319.124
2015-12-29,320.183
2015-12-30,311.649
2015-12-31,313.658
2016-01-01,313.658
2016-01-04,302.467
2016-01-05,304.541
2016-01-06,300.345
2016-01-07,290.94
2016-01-08,287.249
2016-01-11,285.172
2016-01-12,284.805
2016-01-13,285.614
2016-01-14,288.367
2016-01-15,278.897
2016-01-18,276.005
2016-01-19,277.423
2016-01-20,271.173
2016-01-21,271.598
2016-01-22,278.029
2016-01-25,276.916
2016-01-26,278.064
2016-01-27,282.506
2016-01-28,285.905
2016-01-29,299.23
2016-02-01,300.285
2016-02-02,288.533
2016-02-03,294.795
2016-02-04,306.243
2016-02-05,300.664
2016-02-08,297.388
2016-02-09,295.154
2016-02-10,294.308
2016-02-11,287.147
2016-02-12,289.819
2016-02-15,294.314
2016-02-16,293.874
2016-02-17,303.918
2016-02-18,303.962
2016-02-19,301.286
2016-02-22,312.892
2016-02-23,307.479
2016-02-24,304.756
2016-02-25,307.557
2016-02-26,305.936
2016-02-29,310.488
2016-03-01,318.146
2016-03-02,327.072
2016-03-03,337.759
2016-03-04,351.175
2016-03-07,350.879
2016-03-08,346.164
2016-03-09,349.992
2016-03-10,353.13
2016-03-11,358.269
2016-03-14,354.78
2016-03-15,341.101
2016-03-16,341.482
2016-03-17,368.472
2016-03-18,370.362
2016-03-21,370.863
2016-03-22,372.299
2016-03-23,360.986
2016-03-24,358.506
2016-03-25,358.506
2016-03-28,366.233
2016-03-29,367.473
2016-03-30,375.619
2016-03-31,373.705
2016-04-01,372.499
2016-04-04,363.578
2016-04-05,356.667
2016-04-06,352.673
2016-04-07,350.66
2016-04-08,361.951
2016-04-11,367.641
2016-04-12,378.007
2016-04-13,382.555
2016-04-14,382.791
2016-04-15,383.329
2016-04-18,378.637
2016-04-19,388.05
2016-04-20,387.429
2016-04-21,387.378
2016-04-22,380.723
2016-04-25,377.838
2016-04-26,384.447
2016-04-27,390.967
2016-04-28,394.458
2016-04-29,395.993
2016-05-02,390.437
2016-05-03,378.444
2016-05-04,378.342
2016-05-05,373.884
2016-05-06,373.256
2016-05-09,367.959
2016-05-10,382.769
2016-05-11,382.803
2016-05-12,382.904
2016-05-13,373.456
2016-05-16,374.255
2016-05-17,370.652
2016-05-18,365.529
2016-05-19,356.783
2016-05-20,360.127
2016-05-23,357.232
2016-05-24,359.783
2016-05-25,358.222
2016-05-26,359.688
2016-05-27,356.646
2016-05-30,356.792
2016-05-31,353.129
2016-06-01,354.29
2016-06-02,357.428
2016-06-03,364.595
2016-06-06,366.895
2016-06-07,371.056
2016-06-08,382.981
2016-06-09,378.606
2016-06-10,365.644
2016-06-13,362.877
2016-06-14,354.463
2016-06-15,358.621
2016-06-16,359.153
2016-06-17,364.517
2016-06-20,373.811
2016-06-21,374.679
2016-06-22,374.06
2016-06-23,384.401
2016-06-24,370.314
2016-06-27,361.185
2016-06-28,371.717
2016-06-29,387.275
2016-06-30,393.549
2016-07-01,396.199
2016-07-04,396.086
2016-07-05,386.783
2016-07-06,381.263
2016-07-07,381.803
2016-07-08,391.932
2016-07-11,398.562
2016-07-12,403.021
2016-07-13,402.224
2016-07-14,412.205
2016-07-15,408.736
2016-07-18,414.039
2016-07-19,413.513
2016-07-20,416.695
2016-07-21,415.644
2016-07-22,415.381
2016-07-25,411.731
2016-07-26,409.728
2016-07-27,409.053
2016-07-28,408.724
2016-07-29,415.257
2016-08-01,410.455
2016-08-02,407.766
2016-08-03,410.035
2016-08-04,417.208
2016-08-05,420.63
2016-08-08,424.267
2016-08-09,429.312
2016-08-10,427.744
2016-08-11,436.554
2016-08-12,434.944
2016-08-15,440.237
2016-08-16,436.599
2016-08-17,433.723
2016-08-18,434.283
2016-08-19,432.144
2016-08-22,426.6
2016-08-23,426.379
2016-08-24,421.237
2016-08-25,421.893
2016-08-26,424.815
2016-08-29,423.147
2016-08-30,420.158
2016-08-31,418.118
2016-09-01,418.16
2016-09-02,426.985
2016-09-05,425.888
2016-09-06,433.075
2016-09-07,435.911
2016-09-08,436.072
2016-09-09,414.905
2016-09-12,413.958
2016-09-13,403.798
2016-09-14,400.844
2016-09-15,405.861
2016-09-16,400.539
2016-09-19,404.641
2016-09-20,408.427
2016-09-21,412.299
2016-09-22,422.955
2016-09-23,417.956
2016-09-26,412.131
2016-09-27,415.137
2016-09-28,420.181
2016-09-29,418.181
2016-09-30,414.689
2016-10-03,421.394
2016-10-04,422.353
2016-10-05,425.24
2016-10-06,426.281
2016-10-07,428.148
2016-10-10,435.277
2016-10-11,431.37
2016-10-12,433.101
2016-10-13,430.499
2016-10-14,435.415
2016-10-17,439.204
2016-10-18,448.574
2016-10-19,451.403
2016-10-20,451.773
2016-10-21,453.478
2016-10-24,457.067
2016-10-25,456.928
2016-10-26,455.73
2016-10-27,453.304
2016-10-28,453.408
2016-10-31,455.839
2016-11-01,440.154
2016-11-02,437.427
2016-11-03,430.204
2016-11-04,430.022
2016-11-07,450.397
2016-11-08,454.008
2016-11-09,435.671
2016-11-10,405.618
2016-11-11,385.436
2016-11-14,389.899
2016-11-15,394.152
2016-11-16,399.924
2016-11-17,397.282
2016-11-18,396.277
2016-11-21,403.276
2016-11-22,407.519
2016-11-23,402.355
2016-11-24,402.044
2016-11-25,401.543
2016-11-28,407.845
2016-11-29,399.982
2016-11-30,407.486
2016-12-01,390.393
2016-12-02,393.356
2016-12-05,394.623
2016-12-06,401.27
2016-12-07,407.28
2016-12-08,406.495
2016-12-09,410.438
2016-12-12,406.668
2016-12-13,408.539
2016-12-14,402.731
2016-12-15,394.662
2016-12-16,392.491
2016-12-19,388.847
2016-12-20,391.623
2016-12-21,393.28
2016-12-22,390.903
2016-12-23,397.492
2016-12-26,400.191
2016-12-27,400.098
2016-12-28,405.527
2016-12-29,412.238
2016-12-30,411.021
2017-01-02,408.586
2017-01-03,417.826
2017-01-04,417.99
2017-01-05,422.214
2017-01-06,418.595
2017-01-09,418.604
2017-01-10,420.596
2017-01-11,417.184
2017-01-12,429.222
2017-01-13,425.887
2017-01-16,424.183
2017-01-17,428.709
2017-01-18,427.687
2017-01-19,426.344
2017-01-20,431.334
2017-01-23,442.51
2017-01-24,445.581
2017-01-25,446.025
2017-01-26,445.143
2017-01-27,447.844
2017-01-30,443.28
2017-01-31,442.285
2017-02-01,442.054
2017-02-02,445.648
2017-02-03,450.934
2017-02-06,445.073
2017-02-07,442.789
2017-02-08,447.475
2017-02-09,449.317
2017-02-10,457.009
2017-02-13,460.482
2017-02-14,456.981
2017-02-15,468.12
2017-02-16,468.134
2017-02-17,461.695
2017-02-20,466.901
2017-02-21,469.308
2017-02-22,472.018
2017-02-23,470.08
2017-02-24,461.265
2017-02-27,460.948
2017-02-28,458.068
2017-03-01,461.047
2017-03-02,455.374
2017-03-03,459.522
2017-03-06,461.962
2017-03-07,457.853
2017-03-08,450.652
2017-03-09,444.705
2017-03-10,447.913
2017-03-13,452.636
2017-03-14,447.515
2017-03-15,456.403
2017-03-16,462.798
2017-03-17,459.7
2017-03-20,465.722
2017-03-21,457.507
2017-03-22,459.456
2017-03-23,457.056
2017-03-24,462.361
2017-03-27,463.309
2017-03-28,465.522
2017-03-29,469.935
2017-03-30,468.965
2017-03-31,460.6
2017-04-03,468.837
2017-04-04,470.903
2017-04-05,470.686
2017-04-06,465.607
2017-04-07,467.248
2017-04-10,466.446
2017-04-11,463.769
2017-04-12,460.789
2017-04-13,460.07
2017-04-14,460.07
2017-04-17,468.086
2017-04-18,468.669
2017-04-19,459.755
2017-04-20,460.785
2017-04-21,459.941
2017-04-24,466.94
2017-04-25,466.309
2017-04-26,461.596
2017-04-27,459.651
2017-04-28,460.584
2017-05-01,463.734
2017-05-02,471.834
2017-05-03,468.365
2017-05-04,459.572
2017-05-05,464.321
2017-05-08,461.753
2017-05-09,466.66
2017-05-10,474.621
2017-05-11,474.967
2017-05-12,481.996
2017-05-15,488.041
2017-05-16,489.822
2017-05-17,481.498
2017-05-18,436.55
2017-05-19,446.68
2017-05-22,443.772
2017-05-23,450.32
2017-05-24,454.081
2017-05-25,452.868
2017-05-26,459.261
2017-05-29,455.438
2017-05-30,454.866
2017-05-31,449.658
2017-06-01,451.515
2017-06-02,452.082
2017-06-05,451.307
2017-06-06,453.841
2017-06-07,455.586
2017-06-08,451.72
2017-06-09,450.326
2017-06-12,447.386
2017-06-13,447.067
2017-06-14,452.683
2017-06-15,450.254
2017-06-16,450.098
2017-06-19,451.573
2017-06-20,442.524
2017-06-21,440.53
2017-06-22,441.36
2017-06-23,442.848
2017-06-26,450.195
2017-06-27,447.125
2017-06-28,449.829
2017-06-29,450.381
2017-06-30,452.604
2017-07-03,455.269
2017-07-04,455.418
2017-07-05,453.325
2017-07-06,450.177
2017-07-07,452.521
2017-07-10,461.23
2017-07-11,465.417
2017-07-12,473.904
2017-07-13,478.574
2017-07-14,483.338
2017-07-17,484.495
2017-07-18,486.091
2017-07-19,486.34
2017-07-20,487.198
2017-07-21,487.692
2017-07-24,487.253
2017-07-25,488.264
2017-07-26,485.329
2017-07-27,487.221
2017-07-28,489.03
2017-07-31,490.084
2017-08-01,495.319
2017-08-02,495.202
2017-08-03,495.104
2017-08-04,494.923
2017-08-07,498.415
2017-08-08,497.612
2017-08-09,495.732
2017-08-10,490.883
2017-08-11,491.024
2017-08-14,496.384
2017-08-15,494.631
2017-08-16,500.324
2017-08-17,497.428
2017-08-18,499.103
2017-08-21,503.956
2017-08-22,509.758
2017-08-23,510.287
2017-08-24,515.657
2017-08-25,516.329
2017-08-28,513.84
2017-08-29,513.291
2017-08-30,511.624
2017-08-31,512.733
2017-09-01,519.746
2017-09-04,517.795
2017-09-05,518.926
2017-09-06,524.59
2017-09-07,527.117
2017-09-08,525.087
2017-09-11,532.859
2017-09-12,530.752
2017-09-13,527.762
2017-09-14,528.046
2017-09-15,533.319
2017-09-18,534.547
2017-09-19,533.894
2017-09-20,535.67
2017-09-21,531.842
2017-09-22,532.618
2017-09-25,525.504
2017-09-26,521.066
2017-09-27,516.159
2017-09-28,515.04
2017-09-29,520.821
2017-10-02,521.344
2017-10-03,534.072
2017-10-04,535.51
2017-10-05,535.821
2017-10-06,527.556
2017-10-09,523.145
2017-10-10,529.666
2017-10-11,527.985
2017-10-12,526.994
2017-10-13,529.688
2017-10-16,527.149
2017-10-17,523.561
2017-10-18,527.38
2017-10-19,526.241
2017-10-20,523.272
2017-10-23,516.502
2017-10-24,515.02
2017-10-25,515.154
2017-10-26,510.897
2017-10-27,509.497
2017-10-30,505.559
2017-10-31,502.07
2017-11-01,499.792
2017-11-02,500.073
2017-11-03,495.622
2017-11-06,501.891
2017-11-07,494.437
2017-11-08,504.372
2017-11-09,498.184
2017-11-10,492.784
2017-11-13,490.036
2017-11-14,481.42
2017-11-15,479.154
2017-11-16,489.879
2017-11-17,496.74
2017-11-20,494.576
2017-11-21,503.065
2017-11-22,503.928
2017-11-23,504.879
2017-11-24,504.451
2017-11-27,502.698
2017-11-28,502.627
2017-11-29,498.001
2017-11-30,486.972
2017-12-01,488.882
2017-12-04,492.693
2017-12-05,491.396
2017-12-06,490.821
2017-12-07,482.393
2017-12-08,484.051
2017-12-11,487.327
2017-12-12,486.952
2017-12-13,489.488
2017-12-14,484.806
2017-12-15,486.519
2017-12-18,498.806
2017-12-19,493.384
2017-12-20,496.879
2017-12-21,500.453
2017-12-22,499.191
2017-12-25,499.191
2017-12-26,500.791
2017-12-27,503.317
2017-12-28,506.937
2017-12-29,508.613
2018-01-01,508.613
2018-01-02,523.4
2018-01-03,524.999
2018-01-04,532.28
2018-01-05,534.139
2018-01-08,536.488
2018-01-09,531.401
2018-01-10,526.334
2018-01-11,532.945
2018-01-12,537.449
2018-01-15,542.827
2018-01-16,540.034
2018-01-17,548.898
2018-01-18,551.798
2018-01-19,552.989
2018-01-22,555.841
2018-01-23,549.145
2018-01-24,570.466
2018-01-25,576.222
2018-01-26,583.339
2018-01-29,575.308
2018-01-30,570.839
2018-01-31,575.509
2018-02-01,580.838
2018-02-02,565.017
2018-02-05,552.425
2018-02-06,554.193
2018-02-07,550.746
2018-02-08,536.534
2018-02-09,531.472
2018-02-12,533.073
2018-02-13,533.829
2018-02-14,551.429
2018-02-15,559.898
2018-02-16,561.618
2018-02-19,561.725
2018-02-20,562.568
2018-02-21,563.318
2018-02-22,567.042
2018-02-23,571.714
2018-02-26,571.641
2018-02-27,564.996
2018-02-28,554.728
2018-03-01,553.846
2018-03-02,554.573
2018-03-05,558.196
2018-03-06,561.568
2018-03-07,558.533
2018-03-08,555.603
2018-03-09,566.17
2018-03-12,566.507
2018-03-13,565.692
2018-03-14,560.951
2018-03-15,551.951
2018-03-16,549.837
2018-03-19,546.282
2018-03-20,545.388
2018-03-21,551.984
2018-03-22,548.606
2018-03-23,543.674
2018-03-26,549.882
2018-03-27,542.762
2018-03-28,541.114
2018-03-29,549.427
2018-03-30,549.427
2018-04-02,546.713
2018-04-03,551.327
2018-04-04,548.312
2018-04-05,557.116
2018-04-06,548.794
2018-04-09,543.359
2018-04-10,546.987
2018-04-11,553.641
2018-04-12,556.331
2018-04-13,548.696
2018-04-16,541.041
2018-04-17,551.69
2018-04-18,561.002
2018-04-19,556.708
2018-04-20,549.947
2018-04-23,545.97
2018-04-24,540.744
2018-04-25,533.566
2018-04-26,542.059
2018-04-27,546.666
2018-04-30,542.456
2018-05-01,539.764
2018-05-02,525.894
2018-05-03,516.349
2018-05-04,518.582
2018-05-07,512.441
2018-05-08,508.693
2018-05-09,512.688
2018-05-10,525.096
2018-05-11,522.159
2018-05-14,517.07
2018-05-15,509.454
2018-05-16,514.024
2018-05-17,500.849
2018-05-18,491.442
2018-05-21,489.189
2018-05-22,499.364
2018-05-23,492.458
2018-05-24,488.064
2018-05-25,483.48
2018-05-28,466.874
2018-05-29,465.957
2018-05-30,467.012
2018-05-31,466.182
2018-06-01,467.707
2018-06-04,474.161
2018-06-05,461.818
2018-06-06,458.312
2018-06-07,446.323
2018-06-08,450.573
2018-06-11,456.756
2018-06-12,456.173
2018-06-13,454.234
2018-06-14,451.87
2018-06-15,442.453
2018-06-18,440.262
2018-06-19,445.473
2018-06-20,449.666
2018-06-21,438.825
2018-06-22,444.799
2018-06-25,444.255
2018-06-26,448.65
2018-06-27,440.148
2018-06-28,444.65
2018-06-29,451.898
2018-07-02,441.911
2018-07-03,449.634
2018-07-04,453.893
2018-07-05,457.2
2018-07-06,460.584
2018-07-09,465.967
2018-07-10,466.857
2018-07-11,465.049
2018-07-12,469.014
2018-07-13,470.705
2018-07-16,470.841
2018-07-17,477.145
2018-07-18,475.248
2018-07-19,471.794
2018-07-20,483.824
2018-07-23,479.967
2018-07-24,492.202
2018-07-25,498.923
2018-07-26,494.604
2018-07-27,498.709
2018-07-30,500.033
2018-07-31,493.577
2018-08-01,494.256
2018-08-02,491.417
2018-08-03,503.174
2018-08-06,499.942
2018-08-07,501.645
2018-08-08,494.814
2018-08-09,485.425
2018-08-10,469.612
2018-08-13,468.007
2018-08-14,474.215
2018-08-15,461.401
2018-08-16,464.438
2018-08-17,458.029
2018-08-20,460.154
2018-08-21,457.404
2018-08-22,459.83
2018-08-23,455.359
2018-08-24,457.273
2018-08-27,468.366
2018-08-28,459.605
2018-08-29,460.937
2018-08-30,447.759
2018-08-31,452.247
2018-09-03,448.692
2018-09-04,438.365
2018-09-05,436.918
2018-09-06,442.555
2018-09-07,450.454
2018-09-10,447.045
2018-09-11,436.766
2018-09-12,445.553
2018-09-13,445.728
2018-09-14,447.134
2018-09-17,452.399
2018-09-18,459.361
2018-09-19,459.528
2018-09-20,461.005
2018-09-21,467.853
2018-09-24,464.306
2018-09-25,461.169
2018-09-26,465.808
2018-09-27,476.169
2018-09-28,473.471
2018-10-01,471.244
2018-10-02,483.326
2018-10-03,495.38
2018-10-04,484.846
2018-10-05,483.923
2018-10-08,505.088
2018-10-09,506.169
2018-10-10,494.789
2018-10-11,490.087
2018-10-12,488.819
2018-10-15,496.645
2018-10-16,509.847
2018-10-17,508.216
2018-10-18,495.771
2018-10-19,496.704
2018-10-22,500.878
2018-10-23,494.381
2018-10-24,483.979
2018-10-25,489.983
2018-10-26,494.108
2018-10-29,482.232
2018-10-30,487.288
2018-10-31,489.854
2018-11-01,499.969
2018-11-02,501.06
2018-11-05,510.543
2018-11-06,502.071
2018-11-07,500.335
2018-11-08,486.431
2018-11-09,482.973
2018-11-12,479.313
2018-11-13,470.165
2018-11-14,475.403
2018-11-15,475.562
2018-11-16,490.926
2018-11-19,487.98
2018-11-20,483.322
2018-11-21,479.708
2018-11-22,477.591
2018-11-23,471.178
2018-11-26,459.72
2018-11-27,467.766
2018-11-28,476.257
2018-11-29,484.598
2018-11-30,479.107
2018-12-03,486.919
2018-12-04,481.411
2018-12-05,478.965
2018-12-06,474.057
2018-12-07,477.574
2018-12-10,461.778
2018-12-11,464.762
2018-12-12,473.414
2018-12-13,473.931
2018-12-14,470.185
2018-12-17,463.13
2018-12-18,465.49
2018-12-19,466.496
2018-12-20,466.761
2018-12-21,465.579
2018-12-24,463.44
2018-12-25,463.44
2018-12-26,460.83
2018-12-27,463.57
2018-12-28,475.797
2018-12-31,475.176
2019-01-01,475.176
2019-01-02,493.248
2019-01-03,498.993
2019-01-04,507.179
2019-01-07,509.195
2019-01-08,512.891
2019-01-09,523.215
2019-01-10,524.933
2019-01-11,522.041
2019-01-14,525.031
2019-01-15,523.816
2019-01-16,525.066
2019-01-17,525.303
2019-01-18,531.558
2019-01-21,527.527
2019-01-22,522.557
2019-01-23,525.257
2019-01-24,533.077
2019-01-25,533.378
2019-01-28,525.125
2019-01-29,529.346
2019-01-30,533.662
2019-01-31,546.196
2019-02-01,546.744
2019-02-04,549.325
2019-02-05,548.286
2019-02-06,531.528
2019-02-07,527.404
2019-02-08,528.458
2019-02-11,520.721
2019-02-12,529.571
2019-02-13,523.531
2019-02-14,530.163
2019-02-15,534.441
2019-02-18,528.989
2019-02-19,537.127
2019-02-20,534.441
2019-02-21,532.881
2019-02-22,540.536
2019-02-25,538.872
2019-02-26,537.244
2019-02-27,535.993
2019-02-28,525.818
2019-03-01,517.486
2019-03-04,517.331
2019-03-05,516.57
2019-03-06,513.743
2019-03-07,505.778
2019-03-08,508.902
2019-03-11,521.485
2019-03-12,524.637
2019-03-13,528.123
2019-03-14,525.754
2019-03-15,531.574
2019-03-18,535.942
2019-03-19,539.808
2019-03-20,535.092
2019-03-21,528.708
2019-03-22,506.005
2019-03-25,509.703
2019-03-26,513.552
2019-03-27,494.161
2019-03-28,501.258
2019-03-29,512.492
2019-04-01,519.389
