date,3051
1994-12-30,97.656
1995-01-31,93.334
1995-02-28,94.185
1995-03-31,98.913
1995-04-28,102.707
1995-05-31,101.09
1995-06-30,99.915
1995-07-31,106.074
1995-08-31,103.084
1995-09-29,104.171
1995-10-31,100.18
1995-11-30,103.695
1995-12-29,104.117
1996-01-31,107.706
1996-02-29,108.527
1996-03-29,114.044
1996-04-30,116.354
1996-05-31,114.086
1996-06-28,111.396
1996-07-31,108.029
1996-08-30,109.898
1996-09-30,111.416
1996-10-31,110.811
1996-11-29,114.675
1996-12-31,111.535
1997-01-31,109.423
1997-02-28,112.565
1997-03-31,110.61
1997-04-30,111.975
1997-05-30,116.941
1997-06-30,120.927
1997-07-31,123.112
1997-08-29,115.968
1997-09-30,116.829
1997-10-31,106.483
1997-11-28,103.886
1997-12-31,100.233
1998-01-30,102.685
1998-02-27,109.443
1998-03-31,113.865
1998-04-30,116.748
1998-05-29,115.11
1998-06-30,111.426
1998-07-31,104.244
1998-08-31,89.479
1998-09-30,91.23
1998-10-30,99.15
1998-11-30,100.613
1998-12-31,100.0
1999-01-29,96.961
1999-02-26,97.128
1999-03-31,101.83
1999-04-30,120.577
1999-05-31,111.723
1999-06-30,119.099
1999-07-30,121.864
1999-08-31,120.93
1999-09-30,118.991
1999-10-29,119.766
1999-11-30,118.089
1999-12-31,128.136
2000-01-31,117.339
2000-02-29,106.62
2000-03-31,115.602
2000-04-28,110.033
2000-05-31,107.278
2000-06-30,107.634
2000-07-31,105.154
2000-08-31,104.564
2000-09-29,96.531
2000-10-31,100.7
2000-11-30,99.762
2000-12-29,111.012
2001-01-01,111.012
2001-01-02,110.522
2001-01-03,110.346
2001-01-04,111.634
2001-01-05,111.328
2001-01-08,111.699
2001-01-09,109.254
2001-01-10,108.022
2001-01-11,106.773
2001-01-12,105.968
2001-01-15,105.679
2001-01-16,106.705
2001-01-17,105.923
2001-01-18,106.512
2001-01-19,104.752
2001-01-22,105.409
2001-01-23,105.966
2001-01-24,105.049
2001-01-25,105.686
2001-01-26,105.384
2001-01-29,105.598
2001-01-30,107.555
2001-01-31,108.878
2001-02-01,110.425
2001-02-02,109.54
2001-02-05,109.917
2001-02-06,109.163
2001-02-07,109.18
2001-02-08,107.661
2001-02-09,107.335
2001-02-12,107.836
2001-02-13,107.587
2001-02-14,107.506
2001-02-15,108.563
2001-02-16,107.874
2001-02-19,108.324
2001-02-20,108.078
2001-02-21,107.217
2001-02-22,107.322
2001-02-23,106.653
2001-02-26,108.728
2001-02-27,109.955
2001-02-28,109.903
2001-03-01,110.391
2001-03-02,110.504
2001-03-05,111.709
2001-03-06,111.703
2001-03-07,113.018
2001-03-08,113.776
2001-03-09,112.839
2001-03-12,110.74
2001-03-13,108.368
2001-03-14,105.321
2001-03-15,104.954
2001-03-16,103.219
2001-03-19,104.306
2001-03-20,104.356
2001-03-21,103.098
2001-03-22,99.315
2001-03-23,100.294
2001-03-26,102.793
2001-03-27,104.792
2001-03-28,104.069
2001-03-29,102.717
2001-03-30,102.412
2001-04-02,101.823
2001-04-03,101.257
2001-04-04,103.182
2001-04-05,105.14
2001-04-06,104.823
2001-04-09,105.747
2001-04-10,107.995
2001-04-11,107.921
2001-04-12,109.05
2001-04-13,109.233
2001-04-16,108.916
2001-04-17,108.716
2001-04-18,110.398
2001-04-19,111.662
2001-04-20,112.167
2001-04-23,111.497
2001-04-24,111.733
2001-04-25,111.646
2001-04-26,113.266
2001-04-27,113.176
2001-04-30,113.023
2001-05-01,114.466
2001-05-02,114.499
2001-05-03,113.801
2001-05-04,115.006
2001-05-07,114.546
2001-05-08,113.873
2001-05-09,114.095
2001-05-10,115.203
2001-05-11,114.33
2001-05-14,113.807
2001-05-15,114.78
2001-05-16,117.544
2001-05-17,119.259
2001-05-18,118.604
2001-05-21,119.813
2001-05-22,118.209
2001-05-23,117.256
2001-05-24,115.723
2001-05-25,114.957
2001-05-28,115.19
2001-05-29,114.877
2001-05-30,113.593
2001-05-31,113.69
2001-06-01,113.921
2001-06-04,114.55
2001-06-05,114.477
2001-06-06,113.871
2001-06-07,114.501
2001-06-08,114.117
2001-06-11,113.042
2001-06-12,111.703
2001-06-13,111.94
2001-06-14,110.819
2001-06-15,109.975
2001-06-18,109.238
2001-06-19,109.162
2001-06-20,108.521
2001-06-21,108.385
2001-06-22,108.091
2001-06-25,107.556
2001-06-26,108.182
2001-06-27,108.379
2001-06-28,108.254
2001-06-29,108.913
2001-07-02,109.797
2001-07-03,109.726
2001-07-04,109.518
2001-07-05,108.657
2001-07-06,107.323
2001-07-09,107.786
2001-07-10,107.811
2001-07-11,107.513
2001-07-12,108.419
2001-07-13,108.927
2001-07-16,108.005
2001-07-17,107.35
2001-07-18,108.593
2001-07-19,109.075
2001-07-20,108.513
2001-07-23,106.578
2001-07-24,105.044
2001-07-25,105.6
2001-07-26,106.091
2001-07-27,106.252
2001-07-30,106.262
2001-07-31,107.736
2001-08-01,107.936
2001-08-02,108.674
2001-08-03,108.472
2001-08-06,108.169
2001-08-07,107.66
2001-08-08,105.93
2001-08-09,105.585
2001-08-10,106.351
2001-08-13,106.521
2001-08-14,107.23
2001-08-15,107.886
2001-08-16,107.331
2001-08-17,107.243
2001-08-20,107.017
2001-08-21,107.674
2001-08-22,108.404
2001-08-23,108.147
2001-08-24,109.387
2001-08-27,109.237
2001-08-28,108.42
2001-08-29,107.825
2001-08-30,106.721
2001-08-31,106.828
2001-09-03,106.086
2001-09-04,106.46
2001-09-05,105.994
2001-09-06,104.69
2001-09-07,103.081
2001-09-10,100.598
2001-09-11,99.662
2001-09-12,98.084
2001-09-13,98.509
2001-09-14,98.125
2001-09-17,93.107
2001-09-18,93.508
2001-09-19,93.012
2001-09-20,89.114
2001-09-21,86.479
2001-09-24,90.018
2001-09-25,91.166
2001-09-26,91.236
2001-09-27,92.03
2001-09-28,94.4
2001-10-01,94.393
2001-10-02,94.856
2001-10-03,95.252
2001-10-04,95.669
2001-10-05,96.714
2001-10-08,95.902
2001-10-09,96.01
2001-10-10,97.086
2001-10-11,98.978
2001-10-12,99.739
2001-10-15,99.068
2001-10-16,99.947
2001-10-17,99.446
2001-10-18,98.174
2001-10-19,97.172
2001-10-22,98.044
2001-10-23,99.073
2001-10-24,99.409
2001-10-25,99.785
2001-10-26,100.429
2001-10-29,99.469
2001-10-30,98.263
2001-10-31,97.575
2001-11-01,98.743
2001-11-02,99.211
2001-11-05,99.585
2001-11-06,100.572
2001-11-07,101.225
2001-11-08,101.596
2001-11-09,101.526
2001-11-12,100.839
2001-11-13,101.808
2001-11-14,103.097
2001-11-15,104.446
2001-11-16,104.793
2001-11-19,106.111
2001-11-20,105.821
2001-11-21,104.82
2001-11-22,105.09
2001-11-23,105.611
2001-11-26,106.072
2001-11-27,106.235
2001-11-28,105.198
2001-11-29,105.26
2001-11-30,106.82
2001-12-03,105.58
2001-12-04,106.198
2001-12-05,108.727
2001-12-06,108.8
2001-12-07,107.483
2001-12-10,105.891
2001-12-11,106.087
2001-12-12,106.093
2001-12-13,104.061
2001-12-14,103.991
2001-12-17,104.631
2001-12-18,105.957
2001-12-19,104.437
2001-12-20,104.064
2001-12-21,103.287
2001-12-24,103.39
2001-12-25,103.449
2001-12-26,103.322
2001-12-27,104.699
2001-12-28,105.083
2001-12-31,105.414
2002-01-01,105.414
2002-01-02,106.087
2002-01-03,107.376
2002-01-04,109.072
2002-01-07,109.264
2002-01-08,107.757
2002-01-09,107.673
2002-01-10,106.29
2002-01-11,105.611
2002-01-14,103.734
2002-01-15,103.077
2002-01-16,101.37
2002-01-17,101.61
2002-01-18,102.164
2002-01-21,102.303
2002-01-22,102.065
2002-01-23,103.199
2002-01-24,104.555
2002-01-25,104.991
2002-01-28,104.996
2002-01-29,103.917
2002-01-30,103.855
2002-01-31,105.58
2002-02-01,105.437
2002-02-04,105.446
2002-02-05,104.773
2002-02-06,104.656
2002-02-07,104.383
2002-02-08,105.394
2002-02-11,107.368
2002-02-12,107.547
2002-02-13,108.333
2002-02-14,108.6
2002-02-15,108.758
2002-02-18,108.324
2002-02-19,106.732
2002-02-20,107.102
2002-02-21,108.252
2002-02-22,108.91
2002-02-25,109.097
2002-02-26,109.386
2002-02-27,110.228
2002-02-28,110.577
2002-03-01,112.086
2002-03-04,115.511
2002-03-05,113.667
2002-03-06,114.672
2002-03-07,115.53
2002-03-08,115.17
2002-03-11,115.318
2002-03-12,114.787
2002-03-13,113.66
2002-03-14,114.49
2002-03-15,115.643
2002-03-18,115.691
2002-03-19,116.864
2002-03-20,116.434
2002-03-21,115.111
2002-03-22,114.101
2002-03-25,113.226
2002-03-26,113.751
2002-03-27,114.723
2002-03-28,114.853
2002-03-29,114.606
2002-04-01,114.578
2002-04-02,115.027
2002-04-03,114.7
2002-04-04,114.224
2002-04-05,115.131
2002-04-08,114.594
2002-04-09,114.242
2002-04-10,115.85
2002-04-11,114.657
2002-04-12,114.392
2002-04-15,114.357
2002-04-16,115.929
2002-04-17,116.82
2002-04-18,116.586
2002-04-19,116.711
2002-04-22,115.512
2002-04-23,114.538
2002-04-24,114.327
2002-04-25,113.665
2002-04-26,113.399
2002-04-29,112.594
2002-04-30,113.743
2002-05-01,114.293
2002-05-02,115.094
2002-05-03,116.004
2002-05-06,115.806
2002-05-07,115.681
2002-05-08,116.789
2002-05-09,116.902
2002-05-10,117.074
2002-05-13,117.297
2002-05-14,117.503
2002-05-15,118.728
2002-05-16,118.779
2002-05-17,119.922
2002-05-20,119.558
2002-05-21,119.815
2002-05-22,120.42
2002-05-23,120.592
2002-05-24,120.325
2002-05-27,120.221
2002-05-28,120.12
2002-05-29,119.713
2002-05-30,119.2
2002-05-31,119.564
2002-06-03,118.7
2002-06-04,118.002
2002-06-05,117.98
2002-06-06,117.611
2002-06-07,117.005
2002-06-10,117.017
2002-06-11,116.474
2002-06-12,116.265
2002-06-13,115.492
2002-06-14,113.778
2002-06-17,114.953
2002-06-18,115.924
2002-06-19,114.912
2002-06-20,115.367
2002-06-21,114.605
2002-06-24,114.593
2002-06-25,114.87
2002-06-26,114.027
2002-06-27,115.14
2002-06-28,117.35
2002-07-01,117.19
2002-07-02,115.648
2002-07-03,114.879
2002-07-04,114.973
2002-07-05,117.149
2002-07-08,117.984
2002-07-09,117.697
2002-07-10,115.008
2002-07-11,112.861
2002-07-12,112.552
2002-07-15,110.278
2002-07-16,108.922
2002-07-17,109.496
2002-07-18,110.177
2002-07-19,106.904
2002-07-22,103.04
2002-07-23,100.417
2002-07-24,101.256
2002-07-25,102.181
2002-07-26,100.997
2002-07-29,104.741
2002-07-30,103.874
2002-07-31,103.112
2002-08-01,101.372
2002-08-02,98.696
2002-08-05,95.536
2002-08-06,96.165
2002-08-07,98.185
2002-08-08,100.335
2002-08-09,102.429
2002-08-12,101.467
2002-08-13,100.831
2002-08-14,101.117
2002-08-15,102.074
2002-08-16,101.401
2002-08-19,102.238
2002-08-20,101.46
2002-08-21,102.98
2002-08-22,104.688
2002-08-23,104.068
2002-08-26,104.767
2002-08-27,105.669
2002-08-28,103.282
2002-08-29,102.369
2002-08-30,103.105
2002-09-02,102.674
2002-09-03,99.979
2002-09-04,99.297
2002-09-05,97.969
2002-09-06,98.876
2002-09-09,99.421
2002-09-10,100.528
2002-09-11,101.316
2002-09-12,100.03
2002-09-13,99.049
2002-09-16,98.583
2002-09-17,97.842
2002-09-18,96.362
2002-09-19,95.441
2002-09-20,95.787
2002-09-23,93.799
2002-09-24,91.277
2002-09-25,92.289
2002-09-26,93.924
2002-09-27,93.309
2002-09-30,91.618
2002-10-01,93.252
2002-10-02,91.588
2002-10-03,91.017
2002-10-04,90.044
2002-10-07,87.908
2002-10-08,87.939
2002-10-09,86.22
2002-10-10,87.763
2002-10-11,91.421
2002-10-14,91.137
2002-10-15,94.805
2002-10-16,94.157
2002-10-17,96.114
2002-10-18,96.155
2002-10-21,96.887
2002-10-22,95.272
2002-10-23,94.189
2002-10-24,93.557
2002-10-25,94.045
2002-10-28,94.325
2002-10-29,92.928
2002-10-30,93.657
2002-10-31,94.383
2002-11-01,94.77
2002-11-04,96.225
2002-11-05,97.554
2002-11-06,98.47
2002-11-07,97.674
2002-11-08,96.793
2002-11-11,95.111
2002-11-12,96.231
2002-11-13,95.334
2002-11-14,96.733
2002-11-15,97.14
2002-11-18,96.867
2002-11-19,96.68
2002-11-20,96.782
2002-11-21,99.575
2002-11-22,99.525
2002-11-25,99.989
2002-11-26,98.686
2002-11-27,100.639
2002-11-28,101.783
2002-11-29,103.36
2002-12-02,102.775
2002-12-03,101.701
2002-12-04,100.828
2002-12-05,100.018
2002-12-06,100.564
2002-12-09,99.029
2002-12-10,99.269
2002-12-11,99.862
2002-12-12,99.392
2002-12-13,98.754
2002-12-16,100.459
2002-12-17,100.578
2002-12-18,99.042
2002-12-19,98.265
2002-12-20,99.615
2002-12-23,99.698
2002-12-24,99.749
2002-12-25,99.685
2002-12-26,100.192
2002-12-27,99.19
2002-12-30,99.911
2002-12-31,100.533
2003-01-01,100.533
2003-01-02,102.236
2003-01-03,102.617
2003-01-06,104.185
2003-01-07,103.308
2003-01-08,101.163
2003-01-09,102.086
2003-01-10,102.752
2003-01-13,102.917
2003-01-14,103.555
2003-01-15,102.664
2003-01-16,103.095
2003-01-17,102.26
2003-01-20,101.945
2003-01-21,100.796
2003-01-22,99.293
2003-01-23,100.279
2003-01-24,99.0
2003-01-27,96.263
2003-01-28,96.353
2003-01-29,95.951
2003-01-30,95.114
2003-01-31,95.561
2003-02-03,96.164
2003-02-04,96.057
2003-02-05,96.549
2003-02-06,95.331
2003-02-07,94.959
2003-02-10,94.696
2003-02-11,94.55
2003-02-12,94.1
2003-02-13,94.192
2003-02-14,94.314
2003-02-17,95.202
2003-02-18,96.058
2003-02-19,95.529
2003-02-20,95.03
2003-02-21,95.365
2003-02-24,94.429
2003-02-25,92.81
2003-02-26,93.065
2003-02-27,93.382
2003-02-28,94.039
2003-03-03,94.308
2003-03-04,93.046
2003-03-05,92.629
2003-03-06,91.368
2003-03-07,90.739
2003-03-10,89.647
2003-03-11,88.469
2003-03-12,87.512
2003-03-13,89.564
2003-03-14,90.832
2003-03-17,92.109
2003-03-18,94.748
2003-03-19,94.953
2003-03-20,94.979
2003-03-21,96.686
2003-03-24,94.63
2003-03-25,94.722
2003-03-26,94.877
2003-03-27,94.112
2003-03-28,93.945
2003-03-31,92.582
2003-04-01,92.574
2003-04-02,94.51
2003-04-03,94.405
2003-04-04,94.763
2003-04-07,96.407
2003-04-08,95.466
2003-04-09,94.747
2003-04-10,94.805
2003-04-11,94.712
2003-04-14,95.379
2003-04-15,96.555
2003-04-16,96.272
2003-04-17,97.307
2003-04-18,97.301
2003-04-21,97.252
2003-04-22,98.247
2003-04-23,98.835
2003-04-24,97.778
2003-04-25,96.564
2003-04-28,97.778
2003-04-29,98.65
2003-04-30,100.275
2003-05-01,100.417
2003-05-02,100.969
2003-05-05,101.611
2003-05-06,102.669
2003-05-07,102.084
2003-05-08,101.29
2003-05-09,102.281
2003-05-12,103.319
2003-05-13,102.634
2003-05-14,102.74
2003-05-15,102.807
2003-05-16,103.252
2003-05-19,101.428
2003-05-20,101.191
2003-05-21,100.901
2003-05-22,101.61
2003-05-23,102.046
2003-05-26,102.139
2003-05-27,102.66
2003-05-28,102.535
2003-05-29,102.602
2003-05-30,103.062
2003-06-02,104.557
2003-06-03,104.25
2003-06-04,105.71
2003-06-05,106.923
2003-06-06,107.311
2003-06-09,106.69
2003-06-10,106.678
2003-06-11,107.902
2003-06-12,108.179
2003-06-13,107.764
2003-06-16,109.297
2003-06-17,110.414
2003-06-18,109.561
2003-06-19,108.625
2003-06-20,108.598
2003-06-23,107.23
2003-06-24,106.051
2003-06-25,106.439
2003-06-26,106.17
2003-06-27,106.03
2003-06-30,105.965
2003-07-01,106.134
2003-07-02,107.494
2003-07-03,107.69
2003-07-04,107.603
2003-07-07,109.834
2003-07-08,109.561
2003-07-09,109.288
2003-07-10,108.451
2003-07-11,108.496
2003-07-14,109.667
2003-07-15,108.746
2003-07-16,108.208
2003-07-17,107.798
2003-07-18,108.918
2003-07-21,109.095
2003-07-22,109.754
2003-07-23,110.953
2003-07-24,112.888
2003-07-25,114.076
2003-07-28,114.753
2003-07-29,114.325
2003-07-30,113.241
2003-07-31,113.977
2003-08-01,113.984
2003-08-04,113.738
2003-08-05,113.434
2003-08-06,112.662
2003-08-07,112.808
2003-08-08,113.436
2003-08-11,114.19
2003-08-12,114.537
2003-08-13,115.152
2003-08-14,116.542
2003-08-15,116.933
2003-08-18,118.194
2003-08-19,118.969
2003-08-20,119.95
2003-08-21,120.228
2003-08-22,119.54
2003-08-25,118.899
2003-08-26,118.433
2003-08-27,118.779
2003-08-28,119.478
2003-08-29,120.353
2003-09-01,121.759
2003-09-02,121.615
2003-09-03,121.838
2003-09-04,121.363
2003-09-05,121.516
2003-09-08,122.524
2003-09-09,122.883
2003-09-10,120.947
2003-09-11,120.681
2003-09-12,122.092
2003-09-15,121.86
2003-09-16,122.42
2003-09-17,122.108
2003-09-18,123.133
2003-09-19,123.555
2003-09-22,122.18
2003-09-23,121.882
2003-09-24,121.103
2003-09-25,119.5
2003-09-26,118.602
2003-09-29,118.864
2003-09-30,118.319
2003-10-01,119.777
2003-10-02,120.509
2003-10-03,122.665
2003-10-06,123.079
2003-10-07,123.509
2003-10-08,124.008
2003-10-09,125.322
2003-10-10,125.707
2003-10-13,126.665
2003-10-14,127.313
2003-10-15,127.852
2003-10-16,128.588
2003-10-17,127.627
2003-10-20,128.132
2003-10-21,128.629
2003-10-22,127.342
2003-10-23,125.858
2003-10-24,125.695
2003-10-27,126.399
2003-10-28,127.247
2003-10-29,128.417
2003-10-30,130.027
2003-10-31,129.446
2003-11-03,129.08
2003-11-04,129.816
2003-11-05,129.686
2003-11-06,129.155
2003-11-07,130.614
2003-11-10,130.181
2003-11-11,129.025
2003-11-12,130.172
2003-11-13,131.096
2003-11-14,131.091
2003-11-17,128.569
2003-11-18,128.882
2003-11-19,128.281
2003-11-20,128.014
2003-11-21,128.442
2003-11-24,128.677
2003-11-25,130.091
2003-11-26,131.922
2003-11-27,132.166
2003-11-28,132.212
2003-12-01,135.122
2003-12-02,135.992
2003-12-03,137.174
2003-12-04,137.522
2003-12-05,137.335
2003-12-08,137.744
2003-12-09,137.743
2003-12-10,135.982
2003-12-11,135.74
2003-12-12,137.247
2003-12-15,138.383
2003-12-16,137.78
2003-12-17,138.133
2003-12-18,138.972
2003-12-19,139.61
2003-12-22,140.666
2003-12-23,141.183
2003-12-24,141.599
2003-12-25,141.724
2003-12-26,142.419
2003-12-29,144.483
2003-12-30,144.915
2003-12-31,145.671
2004-01-01,145.671
2004-01-02,145.936
2004-01-05,148.693
2004-01-06,148.177
2004-01-07,146.319
2004-01-08,147.19
2004-01-09,146.084
2004-01-12,145.668
2004-01-13,144.984
2004-01-14,145.397
2004-01-15,143.52
2004-01-16,143.073
2004-01-19,143.397
2004-01-20,144.372
2004-01-21,144.578
2004-01-22,144.183
2004-01-23,143.171
2004-01-26,142.617
2004-01-27,143.073
2004-01-28,141.739
2004-01-29,139.248
2004-01-30,140.481
2004-02-02,140.171
2004-02-03,139.689
2004-02-04,138.347
2004-02-05,139.508
2004-02-06,141.203
2004-02-09,142.331
2004-02-10,142.7
2004-02-11,144.082
2004-02-12,145.065
2004-02-13,144.566
2004-02-16,144.928
2004-02-17,146.515
2004-02-18,146.132
2004-02-19,146.202
2004-02-20,143.922
2004-02-23,144.251
2004-02-24,143.901
2004-02-25,143.221
2004-02-26,143.072
2004-02-27,144.04
2004-03-01,146.893
2004-03-02,146.012
2004-03-03,144.036
2004-03-04,144.144
2004-03-05,145.481
2004-03-08,144.586
2004-03-09,143.538
2004-03-10,139.859
2004-03-11,137.723
2004-03-12,138.563
2004-03-15,136.811
2004-03-16,138.476
2004-03-17,139.911
2004-03-18,140.434
2004-03-19,140.223
2004-03-22,138.237
2004-03-23,138.392
2004-03-24,137.886
2004-03-25,140.184
2004-03-26,141.447
2004-03-29,143.033
2004-03-30,143.593
2004-03-31,144.469
2004-04-01,145.891
2004-04-02,147.121
2004-04-05,146.572
2004-04-06,146.931
2004-04-07,146.811
2004-04-08,146.129
2004-04-09,145.681
2004-04-12,146.445
2004-04-13,144.433
2004-04-14,142.551
2004-04-15,142.281
2004-04-16,144.042
2004-04-19,143.74
2004-04-20,142.747
2004-04-21,140.918
2004-04-22,142.468
2004-04-23,142.876
2004-04-26,143.244
2004-04-27,142.92
2004-04-28,139.513
2004-04-29,138.19
2004-04-30,137.19
2004-05-03,137.202
2004-05-04,139.12
2004-05-05,139.71
2004-05-06,137.181
2004-05-07,133.592
2004-05-10,129.99
2004-05-11,131.414
2004-05-12,132.254
2004-05-13,131.773
2004-05-14,131.399
2004-05-17,129.617
2004-05-18,131.384
2004-05-19,134.176
2004-05-20,132.774
2004-05-21,134.65
2004-05-24,135.283
2004-05-25,136.38
2004-05-26,137.712
2004-05-27,139.804
2004-05-28,139.27
2004-05-31,139.45
2004-06-01,139.332
2004-06-02,139.56
2004-06-03,137.458
2004-06-04,138.513
2004-06-07,141.34
2004-06-08,141.368
2004-06-09,139.317
2004-06-10,139.699
2004-06-11,139.127
2004-06-14,137.786
2004-06-15,138.496
2004-06-16,138.997
2004-06-17,139.748
2004-06-18,141.269
2004-06-21,141.529
2004-06-22,141.172
2004-06-23,142.164
2004-06-24,144.053
2004-06-25,144.02
2004-06-28,144.419
2004-06-29,144.165
2004-06-30,144.906
2004-07-01,144.34
2004-07-02,144.333
2004-07-05,143.794
2004-07-06,143.464
2004-07-07,144.855
2004-07-08,144.851
2004-07-09,144.966
2004-07-12,145.442
2004-07-13,145.024
2004-07-14,144.908
2004-07-15,144.868
2004-07-16,146.179
2004-07-19,145.641
2004-07-20,144.681
2004-07-21,143.121
2004-07-22,141.859
2004-07-23,140.053
2004-07-26,139.132
2004-07-27,139.482
2004-07-28,140.122
2004-07-29,141.702
2004-07-30,142.541
2004-08-02,142.875
2004-08-03,143.244
2004-08-04,142.49
2004-08-05,141.722
2004-08-06,140.757
2004-08-09,139.855
2004-08-10,141.12
2004-08-11,140.356
2004-08-12,139.553
2004-08-13,139.476
2004-08-16,141.442
2004-08-17,142.051
2004-08-18,142.401
2004-08-19,144.21
2004-08-20,144.848
2004-08-23,144.441
2004-08-24,143.854
2004-08-25,144.434
2004-08-26,145.075
2004-08-27,145.589
2004-08-30,144.895
2004-08-31,145.315
2004-09-01,146.111
2004-09-02,146.864
2004-09-03,145.87
2004-09-06,146.69
2004-09-07,147.612
2004-09-08,147.14
2004-09-09,146.59
2004-09-10,146.774
2004-09-13,146.994
2004-09-14,147.438
2004-09-15,145.929
2004-09-16,146.703
2004-09-17,147.053
2004-09-20,147.222
2004-09-21,148.501
2004-09-22,148.032
2004-09-23,147.774
2004-09-24,147.763
2004-09-27,147.712
2004-09-28,150.119
2004-09-29,151.541
2004-09-30,153.258
2004-10-01,154.921
2004-10-04,154.837
2004-10-05,155.406
2004-10-06,156.676
2004-10-07,156.107
2004-10-08,156.754
2004-10-11,156.452
2004-10-12,154.276
2004-10-13,151.41
2004-10-14,150.902
2004-10-15,151.988
2004-10-18,151.6
2004-10-19,150.74
2004-10-20,150.32
2004-10-21,151.546
2004-10-22,152.005
2004-10-25,152.424
2004-10-26,153.179
2004-10-27,154.474
2004-10-28,154.102
2004-10-29,154.348
2004-11-01,154.917
2004-11-02,155.084
2004-11-03,156.984
2004-11-04,159.24
2004-11-05,160.628
2004-11-08,160.291
2004-11-09,160.714
2004-11-10,161.106
2004-11-11,161.944
2004-11-12,163.609
2004-11-15,163.769
2004-11-16,163.345
2004-11-17,165.11
2004-11-18,164.737
2004-11-19,165.222
2004-11-22,165.01
2004-11-23,165.455
2004-11-24,166.708
2004-11-25,168.57
2004-11-26,169.33
2004-11-29,169.61
2004-11-30,168.512
2004-12-01,169.296
2004-12-02,168.623
2004-12-03,168.324
2004-12-06,167.765
2004-12-07,165.805
2004-12-08,163.227
2004-12-09,162.603
2004-12-10,162.485
2004-12-13,164.823
2004-12-14,165.022
2004-12-15,166.692
2004-12-16,165.788
2004-12-17,165.521
2004-12-20,167.604
2004-12-21,168.38
2004-12-22,168.816
2004-12-23,169.609
2004-12-24,170.275
2004-12-27,170.827
2004-12-28,171.066
2004-12-29,170.603
2004-12-30,171.363
2004-12-31,171.388
2005-01-03,170.172
2005-01-04,166.866
2005-01-05,165.284
2005-01-06,165.06
2005-01-07,164.808
2005-01-10,165.672
2005-01-11,165.928
2005-01-12,167.094
2005-01-13,166.46
2005-01-14,167.106
2005-01-17,167.953
2005-01-18,167.729
2005-01-19,167.747
2005-01-20,166.109
2005-01-21,166.497
2005-01-24,166.689
2005-01-25,165.874
2005-01-26,167.4
2005-01-27,167.822
2005-01-28,167.085
2005-01-31,168.494
2005-02-01,169.735
2005-02-02,171.454
2005-02-03,170.179
2005-02-04,171.435
2005-02-07,171.278
2005-02-08,170.414
2005-02-09,169.61
2005-02-10,171.693
2005-02-11,173.332
2005-02-14,174.527
2005-02-15,175.425
2005-02-16,176.159
2005-02-17,177.625
2005-02-18,178.848
2005-02-21,178.992
2005-02-22,178.829
2005-02-23,178.45
2005-02-24,179.313
2005-02-25,181.864
2005-02-28,183.286
2005-03-01,182.748
2005-03-02,181.645
2005-03-03,182.012
2005-03-04,185.584
2005-03-07,185.045
2005-03-08,185.547
2005-03-09,185.536
2005-03-10,183.769
2005-03-11,184.429
2005-03-14,183.332
2005-03-15,183.151
2005-03-16,182.137
2005-03-17,182.42
2005-03-18,182.431
2005-03-21,180.722
2005-03-22,180.519
2005-03-23,177.11
2005-03-24,176.011
2005-03-25,176.058
2005-03-28,175.218
2005-03-29,172.793
2005-03-30,173.559
2005-03-31,175.53
2005-04-01,175.911
2005-04-04,173.959
2005-04-05,174.452
2005-04-06,175.249
2005-04-07,176.655
2005-04-08,176.147
2005-04-11,175.646
2005-04-12,174.738
2005-04-13,173.143
2005-04-14,168.739
2005-04-15,165.961
2005-04-18,164.73
2005-04-19,167.311
2005-04-20,166.72
2005-04-21,167.082
2005-04-22,167.633
2005-04-25,167.968
2005-04-26,166.331
2005-04-27,164.297
2005-04-28,162.737
2005-04-29,164.72
2005-05-02,165.115
2005-05-03,165.503
2005-05-04,167.594
2005-05-05,167.863
2005-05-06,168.39
2005-05-09,168.271
2005-05-10,166.819
2005-05-11,165.78
2005-05-12,163.342
2005-05-13,160.278
2005-05-16,159.394
2005-05-17,160.397
2005-05-18,163.385
2005-05-19,164.143
2005-05-20,162.657
2005-05-23,164.144
2005-05-24,164.548
2005-05-25,162.999
2005-05-26,163.543
2005-05-27,164.65
2005-05-30,165.231
2005-05-31,163.976
2005-06-01,165.752
2005-06-02,166.092
2005-06-03,166.229
2005-06-06,166.358
2005-06-07,166.717
2005-06-08,166.699
2005-06-09,165.062
2005-06-10,165.994
2005-06-13,166.161
2005-06-14,166.722
2005-06-15,168.055
2005-06-16,170.566
2005-06-17,172.339
2005-06-20,170.977
2005-06-21,170.438
2005-06-22,170.068
2005-06-23,168.144
2005-06-24,166.351
2005-06-27,165.577
2005-06-28,166.949
2005-06-29,166.895
2005-06-30,165.807
2005-07-01,165.059
2005-07-04,164.949
2005-07-05,164.609
2005-07-06,165.259
2005-07-07,164.136
2005-07-08,165.844
2005-07-11,168.713
2005-07-12,169.368
2005-07-13,168.561
2005-07-14,169.046
2005-07-15,168.114
2005-07-18,168.365
2005-07-19,169.165
2005-07-20,171.28
2005-07-21,173.541
2005-07-22,174.091
2005-07-25,173.317
2005-07-26,171.383
2005-07-27,172.638
2005-07-28,174.221
2005-07-29,174.845
2005-08-01,175.183
2005-08-02,177.168
2005-08-03,179.272
2005-08-04,178.575
2005-08-05,176.811
2005-08-08,178.022
2005-08-09,178.992
2005-08-10,180.933
2005-08-11,183.23
2005-08-12,183.009
2005-08-15,182.637
2005-08-16,181.145
2005-08-17,179.824
2005-08-18,177.471
2005-08-19,177.981
2005-08-22,180.49
2005-08-23,178.824
2005-08-24,176.781
2005-08-25,176.311
2005-08-26,176.512
2005-08-29,175.54
2005-08-30,175.081
2005-08-31,176.981
2005-09-01,180.674
2005-09-02,181.642
2005-09-05,181.983
2005-09-06,182.221
2005-09-07,182.839
2005-09-08,181.511
2005-09-09,183.36
2005-09-12,183.455
2005-09-13,182.103
2005-09-14,183.208
2005-09-15,183.534
2005-09-16,185.226
2005-09-19,184.755
2005-09-20,184.841
2005-09-21,184.002
2005-09-22,183.366
2005-09-23,183.15
2005-09-26,186.046
2005-09-27,185.201
2005-09-28,187.427
2005-09-29,189.161
2005-09-30,188.998
2005-10-03,188.044
2005-10-04,187.559
2005-10-05,183.605
2005-10-06,182.523
2005-10-07,183.113
2005-10-10,183.088
2005-10-11,183.61
2005-10-12,182.495
2005-10-13,179.25
2005-10-14,179.567
2005-10-17,179.65
2005-10-18,178.655
2005-10-19,176.796
2005-10-20,176.446
2005-10-21,176.501
2005-10-24,178.467
2005-10-25,180.208
2005-10-26,181.508
2005-10-27,180.955
2005-10-28,180.848
2005-10-31,182.814
2005-11-01,183.383
2005-11-02,184.979
2005-11-03,185.84
2005-11-04,183.631
2005-11-07,184.066
2005-11-08,184.77
2005-11-09,184.558
2005-11-10,185.327
2005-11-11,187.107
2005-11-14,187.243
2005-11-15,186.933
2005-11-16,186.811
2005-11-17,189.413
2005-11-18,190.4
2005-11-21,191.85
2005-11-22,191.556
2005-11-23,192.23
2005-11-24,192.745
2005-11-25,192.842
2005-11-28,192.859
2005-11-29,193.5
2005-11-30,192.596
2005-12-01,194.962
2005-12-02,196.932
2005-12-05,197.475
2005-12-06,198.329
2005-12-07,198.049
2005-12-08,198.158
2005-12-09,199.231
2005-12-12,201.272
2005-12-13,201.993
2005-12-14,201.873
2005-12-15,200.369
2005-12-16,201.052
2005-12-19,201.026
2005-12-20,200.54
2005-12-21,202.686
2005-12-22,203.87
2005-12-23,204.46
2005-12-26,204.554
2005-12-27,203.727
2005-12-28,205.504
2005-12-29,205.887
2005-12-30,204.373
2006-01-02,204.531
2006-01-03,208.767
2006-01-04,212.241
2006-01-05,211.303
2006-01-06,213.738
2006-01-09,213.953
2006-01-10,211.883
2006-01-11,212.39
2006-01-12,212.088
2006-01-13,211.785
2006-01-16,212.071
2006-01-17,210.489
2006-01-18,207.295
2006-01-19,210.924
2006-01-20,210.232
2006-01-23,211.35
2006-01-24,212.665
2006-01-25,215.333
2006-01-26,217.257
2006-01-27,220.485
2006-01-30,221.086
2006-01-31,222.128
2006-02-01,223.524
2006-02-02,221.299
2006-02-03,219.371
2006-02-06,221.432
2006-02-07,218.416
2006-02-08,214.52
2006-02-09,216.355
2006-02-10,214.429
2006-02-13,211.752
2006-02-14,214.306
2006-02-15,213.954
2006-02-16,214.928
2006-02-17,215.366
2006-02-20,215.873
2006-02-21,217.13
2006-02-22,218.256
2006-02-23,219.165
2006-02-24,218.901
2006-02-27,219.431
2006-02-28,217.873
2006-03-01,218.888
2006-03-02,219.104
2006-03-03,218.396
2006-03-06,217.481
2006-03-07,213.994
2006-03-08,211.842
2006-03-09,213.366
2006-03-10,214.327
2006-03-13,216.007
2006-03-14,218.398
2006-03-15,220.688
2006-03-16,221.714
2006-03-17,222.218
2006-03-20,223.106
2006-03-21,221.218
2006-03-22,222.359
2006-03-23,221.881
2006-03-24,224.159
2006-03-27,225.26
2006-03-28,225.168
2006-03-29,225.298
2006-03-30,229.926
2006-03-31,228.171
2006-04-03,231.812
2006-04-04,233.434
2006-04-05,235.101
2006-04-06,237.106
2006-04-07,234.357
2006-04-10,234.597
2006-04-11,233.977
2006-04-12,232.547
2006-04-13,232.758
2006-04-14,232.889
2006-04-17,235.186
2006-04-18,239.258
2006-04-19,242.685
2006-04-20,240.478
2006-04-21,243.329
2006-04-24,243.016
2006-04-25,242.739
2006-04-26,244.45
2006-04-27,242.005
2006-04-28,241.704
2006-05-01,244.532
2006-05-02,247.659
2006-05-03,246.54
2006-05-04,248.896
2006-05-05,252.699
2006-05-08,254.712
2006-05-09,256.995
2006-05-10,257.292
2006-05-11,256.44
2006-05-12,251.514
2006-05-15,244.771
2006-05-16,242.31
2006-05-17,237.864
2006-05-18,234.348
2006-05-19,232.374
2006-05-22,226.872
2006-05-23,230.456
2006-05-24,228.5
2006-05-25,231.585
2006-05-26,235.981
2006-05-29,237.331
2006-05-30,234.652
2006-05-31,233.75
2006-06-01,233.591
2006-06-02,235.911
2006-06-05,233.0
2006-06-06,225.815
2006-06-07,222.261
2006-06-08,214.488
2006-06-09,217.396
2006-06-12,214.325
2006-06-13,206.615
2006-06-14,209.279
2006-06-15,216.067
2006-06-16,217.612
2006-06-19,214.519
2006-06-20,215.647
2006-06-21,218.675
2006-06-22,219.531
2006-06-23,219.548
2006-06-26,220.93
2006-06-27,220.069
2006-06-28,217.993
2006-06-29,224.554
2006-06-30,231.309
2006-07-03,233.099
2006-07-04,233.712
2006-07-05,229.165
2006-07-06,229.959
2006-07-07,231.368
2006-07-10,231.063
2006-07-11,230.704
2006-07-12,230.666
2006-07-13,226.312
2006-07-14,222.759
2006-07-17,219.349
2006-07-18,216.794
2006-07-19,222.895
2006-07-20,224.056
2006-07-21,220.771
2006-07-24,221.383
2006-07-25,224.171
2006-07-26,224.394
2006-07-27,226.794
2006-07-28,229.64
2006-07-31,230.263
2006-08-01,228.429
2006-08-02,231.849
2006-08-03,231.168
2006-08-04,233.274
2006-08-07,230.756
2006-08-08,230.844
2006-08-09,231.29
2006-08-10,229.751
2006-08-11,228.774
2006-08-14,228.97
2006-08-15,230.896
2006-08-16,234.667
2006-08-17,236.07
2006-08-18,235.023
2006-08-21,236.822
2006-08-22,237.74
2006-08-23,236.859
2006-08-24,234.66
2006-08-25,234.337
2006-08-28,234.689
2006-08-29,234.788
2006-08-30,235.659
2006-08-31,236.038
2006-09-01,238.042
2006-09-04,241.012
2006-09-05,241.4
2006-09-06,238.225
2006-09-07,234.057
2006-09-08,233.086
2006-09-11,226.845
2006-09-12,226.545
2006-09-13,227.349
2006-09-14,228.444
2006-09-15,226.883
2006-09-18,228.559
2006-09-19,227.207
2006-09-20,227.094
2006-09-21,228.272
2006-09-22,226.699
2006-09-25,225.075
2006-09-26,227.938
2006-09-27,231.122
2006-09-28,232.224
2006-09-29,231.674
2006-10-02,233.676
2006-10-03,230.495
2006-10-04,228.051
2006-10-05,232.229
2006-10-06,231.155
2006-10-09,233.057
2006-10-10,233.856
2006-10-11,232.043
2006-10-12,234.718
2006-10-13,236.971
2006-10-16,239.949
2006-10-17,238.283
2006-10-18,239.558
2006-10-19,241.856
2006-10-20,241.893
2006-10-23,242.3
2006-10-24,242.813
2006-10-25,245.112
2006-10-26,246.323
2006-10-27,246.788
2006-10-30,246.19
2006-10-31,247.179
2006-11-01,248.252
2006-11-02,247.511
2006-11-03,246.824
2006-11-06,249.63
2006-11-07,251.476
2006-11-08,249.54
2006-11-09,250.316
2006-11-10,250.46
2006-11-13,247.818
2006-11-14,248.23
2006-11-15,248.32
2006-11-16,247.432
2006-11-17,245.188
2006-11-20,245.119
2006-11-21,246.559
2006-11-22,250.602
2006-11-23,251.316
2006-11-24,251.892
2006-11-27,249.986
2006-11-28,249.548
2006-11-29,253.362
2006-11-30,255.507
2006-12-01,255.524
2006-12-04,258.165
2006-12-05,259.728
2006-12-06,260.612
2006-12-07,260.786
2006-12-08,259.871
2006-12-11,259.957
2006-12-12,258.948
2006-12-13,259.94
2006-12-14,261.734
2006-12-15,261.805
2006-12-18,260.532
2006-12-19,260.429
2006-12-20,261.982
2006-12-21,259.6
2006-12-22,258.238
2006-12-25,258.093
2006-12-26,259.368
2006-12-27,262.292
2006-12-28,263.557
2006-12-29,262.934
2007-01-01,262.934
2007-01-02,266.054
2007-01-03,261.806
2007-01-04,257.04
2007-01-05,252.79
2007-01-08,253.321
2007-01-09,254.464
2007-01-10,252.545
2007-01-11,256.082
2007-01-12,258.942
2007-01-15,260.329
2007-01-16,259.334
2007-01-17,259.854
2007-01-18,259.306
2007-01-19,261.168
2007-01-22,261.33
2007-01-23,265.229
2007-01-24,267.954
2007-01-25,266.432
2007-01-26,264.682
2007-01-29,265.173
2007-01-30,266.324
2007-01-31,267.974
2007-02-01,272.132
2007-02-02,270.86
2007-02-05,269.664
2007-02-06,271.819
2007-02-07,273.965
2007-02-08,271.745
2007-02-09,272.165
2007-02-12,271.493
2007-02-13,275.442
2007-02-14,279.719
2007-02-15,281.562
2007-02-16,280.871
2007-02-19,282.484
2007-02-20,282.954
2007-02-21,282.866
2007-02-22,284.316
2007-02-23,286.402
2007-02-26,289.989
2007-02-27,281.307
2007-02-28,276.212
2007-03-01,274.654
2007-03-02,272.991
2007-03-05,265.936
2007-03-06,272.099
2007-03-07,273.69
2007-03-08,276.925
2007-03-09,276.815
2007-03-12,279.655
2007-03-13,275.462
2007-03-14,270.725
2007-03-15,276.835
2007-03-16,276.04
2007-03-19,279.549
2007-03-20,281.421
2007-03-21,283.816
2007-03-22,287.284
2007-03-23,287.129
2007-03-26,288.58
2007-03-27,287.95
2007-03-28,286.196
2007-03-29,287.87
2007-03-30,287.852
2007-04-02,287.129
2007-04-03,291.343
2007-04-04,293.224
2007-04-05,293.368
2007-04-06,293.321
2007-04-09,293.491
2007-04-10,296.521
2007-04-11,295.283
2007-04-12,296.209
2007-04-13,296.415
2007-04-16,300.07
2007-04-17,299.426
2007-04-18,298.817
2007-04-19,296.127
2007-04-20,298.401
2007-04-23,297.24
2007-04-24,296.143
2007-04-25,298.467
2007-04-26,298.115
2007-04-27,297.368
2007-04-30,296.243
2007-05-01,294.565
2007-05-02,297.942
2007-05-03,300.403
2007-05-04,304.738
2007-05-07,310.216
2007-05-08,307.022
2007-05-09,311.784
2007-05-10,307.172
2007-05-11,309.022
2007-05-14,307.549
2007-05-15,308.504
2007-05-16,307.783
2007-05-17,306.843
2007-05-18,308.153
2007-05-21,310.513
2007-05-22,310.856
2007-05-23,312.073
2007-05-24,308.11
2007-05-25,308.838
2007-05-28,310.231
2007-05-29,310.426
2007-05-30,310.445
2007-05-31,315.168
2007-06-01,319.552
2007-06-04,321.488
2007-06-05,321.59
2007-06-06,317.26
2007-06-07,313.172
2007-06-08,312.021
2007-06-11,313.527
2007-06-12,311.474
2007-06-13,314.519
2007-06-14,319.031
2007-06-15,324.024
2007-06-18,325.641
2007-06-19,326.609
2007-06-20,326.006
2007-06-21,326.313
2007-06-22,325.538
2007-06-25,323.201
2007-06-26,320.528
2007-06-27,317.762
2007-06-28,321.165
2007-06-29,324.587
2007-07-02,329.511
2007-07-03,331.123
2007-07-04,332.393
2007-07-05,333.078
2007-07-06,336.411
2007-07-09,339.917
2007-07-10,336.424
2007-07-11,337.77
2007-07-12,342.673
2007-07-13,344.759
2007-07-16,343.037
2007-07-17,343.493
2007-07-18,341.904
2007-07-19,346.194
2007-07-20,345.666
2007-07-23,347.242
2007-07-24,342.062
2007-07-25,336.131
2007-07-26,326.736
2007-07-27,318.404
2007-07-30,324.158
2007-07-31,326.874
2007-08-01,321.6
2007-08-02,322.436
2007-08-03,319.684
2007-08-06,318.212
2007-08-07,318.264
2007-08-08,323.562
2007-08-09,315.84
2007-08-10,307.863
2007-08-13,312.212
2007-08-14,307.595
2007-08-15,300.426
2007-08-16,289.397
2007-08-17,289.922
2007-08-20,296.814
2007-08-21,301.032
2007-08-22,308.041
2007-08-23,311.278
2007-08-24,314.53
2007-08-27,314.921
2007-08-28,309.879
2007-08-29,311.739
2007-08-30,314.278
2007-08-31,320.353
2007-09-03,321.057
2007-09-04,322.336
2007-09-05,319.043
2007-09-06,324.065
2007-09-07,319.432
2007-09-10,314.486
2007-09-11,319.692
2007-09-12,319.664
2007-09-13,321.886
2007-09-14,322.648
2007-09-17,320.467
2007-09-18,325.593
2007-09-19,337.58
2007-09-20,342.071
2007-09-21,344.414
2007-09-24,348.235
2007-09-25,347.3
2007-09-26,347.754
2007-09-27,352.407
2007-09-28,354.727
2007-10-01,359.177
2007-10-02,356.44
2007-10-03,355.634
2007-10-04,353.313
2007-10-05,357.894
2007-10-08,355.651
2007-10-09,359.312
2007-10-10,362.084
2007-10-11,366.268
2007-10-12,365.995
2007-10-15,364.399
2007-10-16,358.78
2007-10-17,358.579
2007-10-18,362.146
2007-10-19,356.85
2007-10-22,347.464
2007-10-23,354.343
2007-10-24,353.351
2007-10-25,355.863
2007-10-26,362.858
2007-10-29,368.7
2007-10-30,362.444
2007-10-31,366.056
2007-11-01,359.309
2007-11-02,357.727
2007-11-05,352.281
2007-11-06,359.398
2007-11-07,357.953
2007-11-08,361.998
2007-11-09,357.606
2007-11-12,344.567
2007-11-13,345.196
2007-11-14,350.531
2007-11-15,342.749
2007-11-16,339.701
2007-11-19,329.6
2007-11-20,336.02
2007-11-21,328.097
2007-11-22,328.897
2007-11-23,335.103
2007-11-26,335.237
2007-11-27,333.187
2007-11-28,340.637
2007-11-29,346.435
2007-11-30,350.394
2007-12-03,348.389
2007-12-04,345.014
2007-12-05,348.047
2007-12-06,350.508
2007-12-07,356.975
2007-12-10,360.136
2007-12-11,356.109
2007-12-12,357.217
2007-12-13,349.091
2007-12-14,341.939
2007-12-17,331.739
2007-12-18,332.808
2007-12-19,332.232
2007-12-20,333.926
2007-12-21,342.701
2007-12-24,345.817
2007-12-25,346.681
2007-12-26,349.134
2007-12-27,349.873
2007-12-28,351.864
2007-12-31,350.337
2008-01-01,350.337
2008-01-02,350.926
2008-01-03,354.602
2008-01-04,347.921
2008-01-07,341.167
2008-01-08,342.544
2008-01-09,341.498
2008-01-10,339.394
2008-01-11,339.679
2008-01-14,346.473
2008-01-15,337.964
2008-01-16,323.495
2008-01-17,315.824
2008-01-18,317.212
2008-01-21,300.934
2008-01-22,302.247
2008-01-23,302.229
2008-01-24,318.336
2008-01-25,323.33
2008-01-28,321.348
2008-01-29,325.735
2008-01-30,325.057
2008-01-31,330.483
2008-02-01,340.444
2008-02-04,341.373
2008-02-05,329.533
2008-02-06,325.921
2008-02-07,321.342
2008-02-08,323.59
2008-02-11,324.496
2008-02-12,331.36
2008-02-13,331.143
2008-02-14,336.463
2008-02-15,334.887
2008-02-18,337.847
2008-02-19,344.517
2008-02-20,341.271
2008-02-21,346.867
2008-02-22,346.95
2008-02-25,352.181
2008-02-26,355.164
2008-02-27,360.668
2008-02-28,359.515
2008-02-29,353.724
2008-03-03,351.496
2008-03-04,348.189
2008-03-05,354.704
2008-03-06,355.921
2008-03-07,345.661
2008-03-10,332.229
2008-03-11,337.795
2008-03-12,344.541
2008-03-13,346.728
2008-03-14,347.735
2008-03-17,337.146
2008-03-18,343.0
2008-03-19,332.398
2008-03-20,320.272
2008-03-21,320.871
2008-03-24,323.913
2008-03-25,336.594
2008-03-26,341.169
2008-03-27,342.767
2008-03-28,342.483
2008-03-31,341.632
2008-04-01,341.768
2008-04-02,346.99
2008-04-03,353.378
2008-04-04,359.295
2008-04-07,363.616
2008-04-08,362.447
2008-04-09,363.879
2008-04-10,363.71
2008-04-11,361.55
2008-04-14,359.345
2008-04-15,362.713
2008-04-16,377.63
2008-04-17,375.681
2008-04-18,375.534
2008-04-21,381.689
2008-04-22,380.111
2008-04-23,380.206
2008-04-24,372.394
2008-04-25,377.852
2008-04-28,376.389
2008-04-29,367.781
2008-04-30,367.472
2008-05-01,365.474
2008-05-02,371.461
2008-05-05,375.504
2008-05-06,380.781
2008-05-07,379.299
2008-05-08,384.451
2008-05-09,379.792
2008-05-12,383.024
2008-05-13,383.042
2008-05-14,388.347
2008-05-15,393.874
2008-05-16,399.401
2008-05-19,403.805
2008-05-20,399.535
2008-05-21,396.273
2008-05-22,397.3
2008-05-23,390.541
2008-05-26,388.92
2008-05-27,385.289
2008-05-28,388.08
2008-05-29,387.234
2008-05-30,386.048
2008-06-02,387.527
2008-06-03,387.373
2008-06-04,384.185
2008-06-05,386.834
2008-06-06,387.886
2008-06-09,387.534
2008-06-10,377.495
2008-06-11,374.32
2008-06-12,370.41
2008-06-13,374.764
2008-06-16,379.455
2008-06-17,384.435
2008-06-18,382.862
2008-06-19,382.661
2008-06-20,378.729
2008-06-23,378.899
2008-06-24,376.67
2008-06-25,372.171
2008-06-26,370.253
2008-06-27,373.701
2008-06-30,376.785
2008-07-01,369.196
2008-07-02,355.643
2008-07-03,349.521
2008-07-04,349.89
2008-07-07,348.522
2008-07-08,341.401
2008-07-09,346.399
2008-07-10,349.197
2008-07-11,350.478
2008-07-14,354.044
2008-07-15,347.819
2008-07-16,342.992
2008-07-17,343.645
2008-07-18,338.998
2008-07-21,346.598
2008-07-22,345.81
2008-07-23,339.544
2008-07-24,330.379
2008-07-25,331.114
2008-07-28,334.1
2008-07-29,334.567
2008-07-30,344.034
2008-07-31,342.706
2008-08-01,332.533
2008-08-04,321.575
2008-08-05,313.998
2008-08-06,321.074
2008-08-07,318.285
2008-08-08,311.93
2008-08-11,309.119
2008-08-12,306.882
2008-08-13,309.743
2008-08-14,312.849
2008-08-15,305.206
2008-08-18,307.73
2008-08-19,304.253
2008-08-20,311.586
2008-08-21,318.089
2008-08-22,316.428
2008-08-25,313.779
2008-08-26,312.213
2008-08-27,315.892
2008-08-28,318.176
2008-08-29,318.969
2008-09-01,313.003
2008-09-02,303.611
2008-09-03,296.373
2008-09-04,286.733
2008-09-05,281.66
2008-09-08,284.666
2008-09-09,270.47
2008-09-10,269.439
2008-09-11,269.677
2008-09-12,284.395
2008-09-15,274.189
2008-09-16,269.816
2008-09-17,262.414
2008-09-18,263.834
2008-09-19,285.015
2008-09-22,289.309
2008-09-23,280.373
2008-09-24,277.518
2008-09-25,275.271
2008-09-26,265.928
2008-09-29,245.105
2008-09-30,242.238
2008-10-01,240.379
2008-10-02,220.042
2008-10-03,222.338
2008-10-06,203.705
2008-10-07,202.758
2008-10-08,195.204
2008-10-09,193.955
2008-10-10,179.097
2008-10-13,196.62
2008-10-14,203.019
2008-10-15,182.387
2008-10-16,169.781
2008-10-17,173.032
2008-10-20,183.561
2008-10-21,181.044
2008-10-22,164.896
2008-10-23,159.636
2008-10-24,153.855
2008-10-27,144.206
2008-10-28,153.926
2008-10-29,169.372
2008-10-30,177.757
2008-10-31,177.653
2008-11-03,180.316
2008-11-04,192.651
2008-11-05,189.156
2008-11-06,171.717
2008-11-07,173.082
2008-11-10,180.535
2008-11-11,169.772
2008-11-12,160.573
2008-11-13,161.646
2008-11-14,159.918
2008-11-17,155.677
2008-11-18,153.722
2008-11-19,144.323
2008-11-20,133.125
2008-11-21,140.339
2008-11-24,152.477
2008-11-25,156.542
2008-11-26,159.98
2008-11-27,163.926
2008-11-28,165.686
2008-12-01,151.985
2008-12-02,151.631
2008-12-03,150.882
2008-12-04,149.087
2008-12-05,145.763
2008-12-08,159.956
2008-12-09,162.227
2008-12-10,169.707
2008-12-11,168.424
2008-12-12,165.883
2008-12-15,171.494
2008-12-16,175.316
2008-12-17,181.347
2008-12-18,177.832
2008-12-19,171.662
2008-12-22,166.936
2008-12-23,167.164
2008-12-24,166.434
2008-12-25,166.919
2008-12-26,167.856
2008-12-29,172.284
2008-12-30,174.427
2008-12-31,174.979
2009-01-01,174.979
2009-01-02,181.662
2009-01-05,182.435
2009-01-06,186.322
2009-01-07,185.735
2009-01-08,183.448
2009-01-09,180.081
2009-01-12,173.706
2009-01-13,169.797
2009-01-14,163.577
2009-01-15,161.717
2009-01-16,167.638
2009-01-19,165.894
2009-01-20,159.78
2009-01-21,161.093
2009-01-22,160.234
2009-01-23,158.857
2009-01-26,162.418
2009-01-27,165.073
2009-01-28,168.99
2009-01-29,166.783
2009-01-30,160.324
2009-02-02,157.482
2009-02-03,160.216
2009-02-04,167.04
2009-02-05,170.145
2009-02-06,175.532
2009-02-09,177.406
2009-02-10,171.594
2009-02-11,170.619
2009-02-12,168.702
2009-02-13,169.834
2009-02-16,167.874
2009-02-17,160.789
2009-02-18,159.829
2009-02-19,159.876
2009-02-20,156.256
2009-02-23,152.61
2009-02-24,151.265
2009-02-25,150.054
2009-02-26,152.141
2009-02-27,150.449
2009-03-02,141.384
2009-03-03,140.774
2009-03-04,146.757
2009-03-05,144.305
2009-03-06,143.755
2009-03-09,142.338
2009-03-10,148.557
2009-03-11,153.725
2009-03-12,153.233
2009-03-13,156.262
2009-03-16,158.555
2009-03-17,157.505
2009-03-18,159.189
2009-03-19,168.657
2009-03-20,167.826
2009-03-23,174.724
2009-03-24,174.885
2009-03-25,175.112
2009-03-26,178.811
2009-03-27,175.829
2009-03-30,166.783
2009-03-31,169.148
2009-04-01,172.291
2009-04-02,181.546
2009-04-03,182.191
2009-04-06,178.498
2009-04-07,174.128
2009-04-08,173.899
2009-04-09,180.888
2009-04-10,181.002
2009-04-13,183.43
2009-04-14,185.666
2009-04-15,184.905
2009-04-16,185.764
2009-04-17,186.703
2009-04-20,180.368
2009-04-21,179.907
2009-04-22,182.779
2009-04-23,183.638
2009-04-24,190.067
2009-04-27,188.171
2009-04-28,183.079
2009-04-29,187.666
2009-04-30,191.986
2009-05-01,193.375
2009-05-04,201.459
2009-05-05,203.11
2009-05-06,204.304
2009-05-07,205.239
2009-05-08,209.285
2009-05-11,208.124
2009-05-12,207.637
2009-05-13,200.556
2009-05-14,199.192
2009-05-15,201.887
2009-05-18,203.828
2009-05-19,210.435
2009-05-20,216.075
2009-05-21,211.494
2009-05-22,213.622
2009-05-25,214.177
2009-05-26,215.641
2009-05-27,214.832
2009-05-28,215.38
2009-05-29,221.421
2009-06-01,229.353
2009-06-02,233.803
2009-06-03,227.0
2009-06-04,224.632
2009-06-05,226.194
2009-06-08,221.854
2009-06-09,224.014
2009-06-10,228.268
2009-06-11,232.192
2009-06-12,229.123
2009-06-15,220.604
2009-06-16,217.899
2009-06-17,211.374
2009-06-18,210.628
2009-06-19,212.783
2009-06-22,204.943
2009-06-23,204.702
2009-06-24,210.353
2009-06-25,210.765
2009-06-26,212.632
2009-06-29,213.518
2009-06-30,211.994
2009-07-01,214.02
2009-07-02,209.381
2009-07-03,208.135
2009-07-06,202.378
2009-07-07,201.326
2009-07-08,197.641
2009-07-09,200.204
2009-07-10,198.211
2009-07-13,199.807
2009-07-14,204.9
2009-07-15,212.582
2009-07-16,215.374
2009-07-17,216.741
2009-07-20,221.681
2009-07-21,225.517
2009-07-22,226.314
2009-07-23,232.767
2009-07-24,233.233
2009-07-27,234.807
2009-07-28,231.61
2009-07-29,228.322
2009-07-30,234.208
2009-07-31,237.96
2009-08-03,245.965
2009-08-04,245.929
2009-08-05,244.569
2009-08-06,243.737
2009-08-07,241.292
2009-08-10,238.732
2009-08-11,236.106
2009-08-12,237.793
2009-08-13,244.701
2009-08-14,241.138
2009-08-17,231.388
2009-08-18,234.132
2009-08-19,235.702
2009-08-20,239.054
2009-08-21,242.766
2009-08-24,246.646
2009-08-25,245.977
2009-08-26,242.395
2009-08-27,241.08
2009-08-28,245.403
2009-08-31,242.016
2009-09-01,238.058
2009-09-02,237.556
2009-09-03,241.071
2009-09-04,243.173
2009-09-07,247.337
2009-09-08,252.4
2009-09-09,252.895
2009-09-10,254.216
2009-09-11,257.343
2009-09-14,255.632
2009-09-15,257.894
2009-09-16,264.162
2009-09-17,266.022
2009-09-18,262.615
2009-09-21,257.766
2009-09-22,261.857
2009-09-23,259.874
2009-09-24,254.728
2009-09-25,251.492
2009-09-28,253.113
2009-09-29,253.457
2009-09-30,254.15
2009-10-01,246.172
2009-10-02,241.595
2009-10-05,244.561
2009-10-06,253.967
2009-10-07,256.241
2009-10-08,263.094
2009-10-09,262.468
2009-10-12,264.095
2009-10-13,264.862
2009-10-14,271.559
2009-10-15,272.232
2009-10-16,269.954
2009-10-19,274.45
2009-10-20,272.799
2009-10-21,272.756
2009-10-22,270.944
2009-10-23,269.85
2009-10-26,264.526
2009-10-27,259.098
2009-10-28,249.412
2009-10-29,255.356
2009-10-30,249.438
2009-11-02,250.797
2009-11-03,251.13
2009-11-04,256.39
2009-11-05,258.583
2009-11-06,260.887
2009-11-09,269.135
2009-11-10,269.123
2009-11-11,271.993
2009-11-12,270.183
2009-11-13,271.606
2009-11-16,279.399
2009-11-17,277.911
2009-11-18,279.902
2009-11-19,274.238
2009-11-20,272.91
2009-11-23,279.092
2009-11-24,276.31
2009-11-25,281.42
2009-11-26,274.911
2009-11-27,273.026
2009-11-30,275.095
2009-12-01,284.022
2009-12-02,288.462
2009-12-03,286.275
2009-12-04,280.491
2009-12-07,279.843
2009-12-08,274.794
2009-12-09,275.904
2009-12-10,275.52
2009-12-11,276.876
2009-12-14,279.884
2009-12-15,277.886
2009-12-16,280.461
2009-12-17,273.359
2009-12-18,271.63
2009-12-21,274.767
2009-12-22,275.181
2009-12-23,279.282
2009-12-24,281.781
2009-12-25,281.614
2009-12-28,283.34
2009-12-29,284.494
2009-12-30,282.095
2009-12-31,282.618
2010-01-01,282.618
2010-01-04,290.062
2010-01-05,292.089
2010-01-06,295.545
2010-01-07,294.725
2010-01-08,296.614
2010-01-11,299.48
2010-01-12,294.277
2010-01-13,293.818
2010-01-14,295.259
2010-01-15,291.049
2010-01-18,292.451
2010-01-19,293.015
2010-01-20,284.872
2010-01-21,276.326
2010-01-22,273.137
2010-01-25,271.542
2010-01-26,269.328
2010-01-27,265.16
2010-01-28,261.155
2010-01-29,258.083
2010-02-01,262.047
2010-02-02,267.099
2010-02-03,266.304
2010-02-04,255.994
2010-02-05,253.515
2010-02-08,253.783
2010-02-09,257.635
2010-02-10,256.33
2010-02-11,260.224
2010-02-12,260.501
2010-02-15,260.841
2010-02-16,266.352
2010-02-17,269.016
2010-02-18,270.669
2010-02-19,267.906
2010-02-22,270.156
2010-02-23,266.174
2010-02-24,264.263
2010-02-25,260.921
2010-02-26,264.671
2010-03-01,267.591
2010-03-02,271.887
2010-03-03,277.475
2010-03-04,275.56
2010-03-05,280.997
2010-03-08,282.63
2010-03-09,281.174
2010-03-10,282.481
2010-03-11,281.623
2010-03-12,284.803
2010-03-15,281.273
2010-03-16,285.245
2010-03-17,289.074
2010-03-18,286.371
2010-03-19,283.185
2010-03-22,284.204
2010-03-23,286.808
2010-03-24,283.81
2010-03-25,283.113
2010-03-26,284.347
2010-03-29,287.903
2010-03-30,289.118
2010-03-31,289.382
2010-04-01,294.742
2010-04-02,294.842
2010-04-05,295.789
2010-04-06,296.964
2010-04-07,296.016
2010-04-08,294.006
2010-04-09,297.593
2010-04-12,297.693
2010-04-13,294.084
2010-04-14,297.433
2010-04-15,297.386
2010-04-16,291.13
2010-04-19,287.921
2010-04-20,289.838
2010-04-21,288.998
2010-04-22,287.109
2010-04-23,289.771
2010-04-26,293.123
2010-04-27,286.378
2010-04-28,283.487
2010-04-29,286.12
2010-04-30,284.06
2010-05-03,281.453
2010-05-04,270.473
2010-05-05,267.94
2010-05-06,262.571
2010-05-07,256.858
2010-05-10,271.538
2010-05-11,268.017
2010-05-12,270.911
2010-05-13,271.618
2010-05-14,263.789
2010-05-17,258.436
2010-05-18,259.021
2010-05-19,250.61
2010-05-20,242.177
2010-05-21,245.906
2010-05-24,245.516
2010-05-25,240.261
2010-05-26,245.528
2010-05-27,254.572
2010-05-28,253.346
2010-05-31,253.136
2010-06-01,250.955
2010-06-02,250.588
2010-06-03,252.577
2010-06-04,245.042
2010-06-07,240.046
2010-06-08,241.724
2010-06-09,245.279
2010-06-10,252.03
2010-06-11,253.289
2010-06-14,257.289
2010-06-15,259.794
2010-06-16,261.928
2010-06-17,261.625
2010-06-18,263.133
2010-06-21,267.929
2010-06-22,263.854
2010-06-23,260.709
2010-06-24,257.72
2010-06-25,256.321
2010-06-28,257.392
2010-06-29,246.972
2010-06-30,243.72
2010-07-01,240.807
2010-07-02,241.066
2010-07-05,238.671
2010-07-06,244.615
2010-07-07,247.352
2010-07-08,251.298
2010-07-09,254.988
2010-07-12,253.42
2010-07-13,256.738
2010-07-14,258.16
2010-07-15,257.215
2010-07-16,252.709
2010-07-19,251.117
2010-07-20,254.655
2010-07-21,257.057
2010-07-22,261.947
2010-07-23,265.666
2010-07-26,267.584
2010-07-27,266.163
2010-07-28,266.845
2010-07-29,267.695
2010-07-30,266.877
2010-08-02,274.813
2010-08-03,274.841
2010-08-04,274.858
2010-08-05,276.116
2010-08-06,276.978
2010-08-09,277.871
2010-08-10,272.797
2010-08-11,263.966
2010-08-12,263.227
2010-08-13,263.119
2010-08-16,264.749
2010-08-17,270.814
2010-08-18,270.545
2010-08-19,267.461
2010-08-20,262.991
2010-08-23,262.65
2010-08-24,257.414
2010-08-25,254.933
2010-08-26,258.709
2010-08-27,261.456
2010-08-30,261.769
2010-08-31,261.289
2010-09-01,269.409
2010-09-02,271.688
2010-09-03,274.357
2010-09-06,276.231
2010-09-07,273.648
2010-09-08,275.04
2010-09-09,276.743
2010-09-10,277.028
2010-09-13,282.058
2010-09-14,284.373
2010-09-15,284.014
2010-09-16,283.945
2010-09-17,284.16
2010-09-20,286.985
2010-09-21,285.935
2010-09-22,289.461
2010-09-23,287.868
2010-09-24,291.279
2010-09-27,291.767
2010-09-28,293.551
2010-09-29,293.275
2010-09-30,290.854
2010-10-01,293.174
2010-10-04,290.726
2010-10-05,297.193
2010-10-06,303.332
2010-10-07,301.499
2010-10-08,305.302
2010-10-11,305.478
2010-10-12,302.84
2010-10-13,309.852
2010-10-14,313.266
2010-10-15,311.786
2010-10-18,310.039
2010-10-19,302.266
2010-10-20,307.718
2010-10-21,308.675
2010-10-22,307.099
2010-10-25,312.657
2010-10-26,310.31
2010-10-27,304.554
2010-10-28,307.686
2010-10-29,308.489
2010-11-01,310.093
2010-11-02,313.544
2010-11-03,313.05
2010-11-04,325.325
2010-11-05,328.309
2010-11-08,328.225
2010-11-09,328.357
2010-11-10,323.228
2010-11-11,326.175
2010-11-12,320.549
2010-11-15,319.179
2010-11-16,310.309
2010-11-17,310.63
2010-11-18,317.212
2010-11-19,317.2
2010-11-22,317.342
2010-11-23,311.381
2010-11-24,314.78
2010-11-25,316.874
2010-11-26,311.646
2010-11-29,307.683
2010-11-30,307.837
2010-12-01,314.777
2010-12-02,322.36
2010-12-03,327.237
2010-12-06,329.25
2010-12-07,331.372
2010-12-08,326.073
2010-12-09,327.017
2010-12-10,328.879
2010-12-13,333.407
2010-12-14,333.822
2010-12-15,331.696
2010-12-16,330.618
2010-12-17,330.726
2010-12-20,331.122
2010-12-21,336.544
2010-12-22,336.825
2010-12-23,337.355
2010-12-24,337.48
2010-12-27,337.231
2010-12-28,338.589
2010-12-29,341.458
2010-12-30,341.297
2010-12-31,342.729
2011-01-03,342.735
2011-01-04,340.979
2011-01-05,336.779
2011-01-06,335.717
2011-01-07,334.627
2011-01-10,332.567
2011-01-11,335.708
2011-01-12,341.683
2011-01-13,342.251
2011-01-14,339.338
2011-01-17,338.282
2011-01-18,342.14
2011-01-19,339.049
2011-01-20,329.326
2011-01-21,330.345
2011-01-24,333.713
2011-01-25,332.472
2011-01-26,338.436
2011-01-27,337.605
2011-01-28,332.655
2011-01-31,334.458
2011-02-01,343.028
2011-02-02,346.148
2011-02-03,346.474
2011-02-04,347.409
2011-02-07,350.285
2011-02-08,352.99
2011-02-09,349.35
2011-02-10,347.958
2011-02-11,348.572
2011-02-14,352.348
2011-02-15,350.751
2011-02-16,350.864
2011-02-17,352.828
2011-02-18,351.887
2011-02-21,349.407
2011-02-22,344.404
2011-02-23,341.183
2011-02-24,339.727
2011-02-25,344.921
2011-02-28,349.567
2011-03-01,348.587
2011-03-02,347.792
2011-03-03,351.462
2011-03-04,351.54
2011-03-07,347.497
2011-03-08,344.913
2011-03-09,341.358
2011-03-10,331.308
2011-03-11,331.946
2011-03-14,329.526
2011-03-15,320.462
2011-03-16,319.301
2011-03-17,325.698
2011-03-18,330.159
2011-03-21,334.957
2011-03-22,336.158
2011-03-23,338.986
2011-03-24,343.013
2011-03-25,343.888
2011-03-28,341.819
2011-03-29,343.465
2011-03-30,348.867
2011-03-31,350.434
2011-04-01,352.192
2011-04-04,356.12
2011-04-05,358.643
2011-04-06,360.053
2011-04-07,357.465
2011-04-08,362.06
2011-04-11,361.629
2011-04-12,353.383
2011-04-13,353.793
2011-04-14,353.355
2011-04-15,353.062
2011-04-18,346.056
2011-04-19,349.985
2011-04-20,359.102
2011-04-21,364.594
2011-04-22,364.542
2011-04-25,362.182
2011-04-26,363.211
2011-04-27,362.134
2011-04-28,365.421
2011-04-29,366.621
2011-05-02,367.214
2011-05-03,361.167
2011-05-04,355.081
2011-05-05,348.937
2011-05-06,351.5
2011-05-09,350.4
2011-05-10,354.021
2011-05-11,348.722
2011-05-12,342.38
2011-05-13,340.474
2011-05-16,340.562
2011-05-17,337.496
2011-05-18,342.416
2011-05-19,343.04
2011-05-20,340.217
2011-05-23,333.412
2011-05-24,336.575
2011-05-25,338.127
2011-05-26,340.986
2011-05-27,346.471
2011-05-30,346.727
2011-05-31,351.116
2011-06-01,347.194
2011-06-02,341.635
2011-06-03,340.044
2011-06-06,338.83
2011-06-07,339.913
2011-06-08,335.388
2011-06-09,339.034
2011-06-10,333.751
2011-06-13,332.906
2011-06-14,338.028
2011-06-15,332.22
2011-06-16,325.322
2011-06-17,326.346
2011-06-20,325.93
2011-06-21,334.633
2011-06-22,336.086
2011-06-23,329.122
2011-06-24,329.746
2011-06-27,329.475
2011-06-28,334.407
2011-06-29,342.347
2011-06-30,347.707
2011-07-01,349.197
2011-07-04,350.815
2011-07-05,350.831
2011-07-06,350.77
2011-07-07,354.558
2011-07-08,352.335
2011-07-11,344.363
2011-07-12,342.575
2011-07-13,349.598
2011-07-14,346.65
2011-07-15,346.315
2011-07-18,342.115
2011-07-19,346.72
2011-07-20,349.126
2011-07-21,352.603
2011-07-22,353.95
2011-07-25,353.129
2011-07-26,353.952
2011-07-27,348.371
2011-07-28,344.167
2011-07-29,341.736
2011-08-01,339.441
2011-08-02,331.942
2011-08-03,327.503
2011-08-04,310.405
2011-08-05,302.918
2011-08-08,287.593
2011-08-09,295.907
2011-08-10,293.616
2011-08-11,301.254
2011-08-12,304.857
2011-08-15,311.618
2011-08-16,308.682
2011-08-17,310.819
2011-08-18,294.636
2011-08-19,290.578
2011-08-22,290.421
2011-08-23,294.216
2011-08-24,296.809
2011-08-25,295.704
2011-08-26,298.465
2011-08-29,305.48
2011-08-30,309.33
2011-08-31,314.135
2011-09-01,312.451
2011-09-02,306.426
2011-09-05,297.933
2011-09-06,295.999
2011-09-07,304.74
2011-09-08,305.858
2011-09-09,295.141
2011-09-12,287.591
2011-09-13,291.196
2011-09-14,291.642
2011-09-15,297.538
2011-09-16,300.017
2011-09-19,291.941
2011-09-20,293.38
2011-09-21,285.318
2011-09-22,265.057
2011-09-23,261.834
2011-09-26,262.301
2011-09-27,274.667
2011-09-28,267.441
2011-09-29,266.047
2011-09-30,259.487
2011-10-03,252.177
2011-10-04,248.813
2011-10-05,259.009
2011-10-06,270.148
2011-10-07,271.718
2011-10-10,279.04
2011-10-11,281.079
2011-10-12,286.432
2011-10-13,283.685
2011-10-14,288.689
2011-10-17,284.444
2011-10-18,282.439
2011-10-19,279.119
2011-10-20,274.115
2011-10-21,282.622
2011-10-24,292.249
2011-10-25,289.878
2011-10-26,290.271
2011-10-27,307.73
2011-10-28,311.044
2011-10-31,297.393
2011-11-01,285.532
2011-11-02,290.518
2011-11-03,295.219
2011-11-04,296.22
2011-11-07,296.458
2011-11-08,298.635
2011-11-09,290.04
2011-11-10,287.33
2011-11-11,295.347
2011-11-14,291.812
2011-11-15,289.662
2011-11-16,286.287
2011-11-17,279.947
2011-11-18,277.291
2011-11-21,268.647
2011-11-22,268.425
2011-11-23,261.455
2011-11-24,260.773
2011-11-25,260.434
2011-11-28,270.857
2011-11-29,273.31
2011-11-30,287.665
2011-12-01,287.767
2011-12-02,287.768
2011-12-05,290.489
2011-12-06,288.623
2011-12-07,289.235
2011-12-08,282.221
2011-12-09,282.886
2011-12-12,276.52
2011-12-13,272.63
2011-12-14,265.37
2011-12-15,265.376
2011-12-16,268.115
2011-12-19,263.434
2011-12-20,271.441
2011-12-21,272.133
2011-12-22,273.975
2011-12-23,275.748
2011-12-26,276.067
2011-12-27,276.436
2011-12-28,269.908
2011-12-29,271.812
2011-12-30,274.735
2012-01-02,275.761
2012-01-03,285.431
2012-01-04,286.031
2012-01-05,283.393
2012-01-06,281.015
2012-01-09,280.702
2012-01-10,287.733
2012-01-11,288.672
2012-01-12,291.551
2012-01-13,290.543
2012-01-16,291.178
2012-01-17,294.141
2012-01-18,297.199
2012-01-19,299.445
2012-01-20,299.622
2012-01-23,302.366
2012-01-24,299.246
2012-01-25,302.509
2012-01-26,308.523
2012-01-27,308.131
2012-01-30,305.355
2012-01-31,305.164
2012-02-01,310.289
2012-02-02,313.082
2012-02-03,314.725
2012-02-06,314.087
2012-02-07,313.894
2012-02-08,313.887
2012-02-09,314.102
2012-02-10,307.18
2012-02-13,309.608
2012-02-14,305.025
2012-02-15,305.035
2012-02-16,305.985
2012-02-17,307.718
2012-02-20,312.559
2012-02-21,313.903
2012-02-22,313.212
2012-02-23,314.319
2012-02-24,315.516
2012-02-27,314.661
2012-02-28,316.588
2012-02-29,313.524
2012-03-01,314.229
2012-03-02,311.745
2012-03-05,305.538
2012-03-06,296.344
2012-03-07,296.936
2012-03-08,303.301
2012-03-09,304.779
2012-03-12,302.308
2012-03-13,306.287
2012-03-14,302.958
2012-03-15,305.389
2012-03-16,308.065
2012-03-19,309.069
2012-03-20,305.118
2012-03-21,303.886
2012-03-22,299.509
2012-03-23,301.796
2012-03-26,305.212
2012-03-27,305.063
2012-03-28,300.492
2012-03-29,299.198
2012-03-30,302.592
2012-04-02,307.292
2012-04-03,304.208
2012-04-04,295.264
2012-04-05,295.16
2012-04-06,294.852
2012-04-09,293.135
2012-04-10,288.187
2012-04-11,289.493
2012-04-12,297.43
2012-04-13,293.997
2012-04-16,293.193
2012-04-17,298.236
2012-04-18,298.306
2012-04-19,297.727
2012-04-20,298.851
2012-04-23,291.616
2012-04-24,292.633
2012-04-25,297.76
2012-04-26,298.05
2012-04-27,300.61
2012-04-30,298.643
2012-05-01,299.896
2012-05-02,297.444
2012-05-03,294.385
2012-05-04,288.366
2012-05-07,285.592
2012-05-08,280.641
2012-05-09,279.127
2012-05-10,280.405
2012-05-11,278.98
2012-05-14,272.684
2012-05-15,267.586
2012-05-16,264.197
2012-05-17,262.748
2012-05-18,258.989
2012-05-21,262.691
2012-05-22,266.112
2012-05-23,261.973
2012-05-24,263.901
2012-05-25,261.983
2012-05-28,263.73
2012-05-29,267.658
2012-05-30,261.785
2012-05-31,259.607
2012-06-01,255.927
2012-06-04,254.651
2012-06-05,256.767
2012-06-06,263.465
2012-06-07,266.219
2012-06-08,263.224
2012-06-11,262.735
2012-06-12,264.511
2012-06-13,264.508
2012-06-14,263.997
2012-06-15,267.498
2012-06-18,270.352
2012-06-19,274.875
2012-06-20,275.361
2012-06-21,267.593
2012-06-22,263.769
2012-06-25,260.223
2012-06-26,259.901
2012-06-27,261.085
2012-06-28,260.084
2012-06-29,270.243
2012-07-02,270.843
2012-07-03,275.917
2012-07-04,276.234
2012-07-05,274.532
2012-07-06,270.184
2012-07-09,266.887
2012-07-10,264.723
2012-07-11,263.495
2012-07-12,258.927
2012-07-13,263.88
2012-07-16,263.984
2012-07-17,263.869
2012-07-18,265.542
2012-07-19,270.237
2012-07-20,266.965
2012-07-23,259.548
2012-07-24,258.042
2012-07-25,257.959
2012-07-26,263.5
2012-07-27,268.583
2012-07-30,269.978
2012-07-31,269.224
2012-08-01,268.341
2012-08-02,264.132
2012-08-03,269.156
2012-08-06,272.697
2012-08-07,276.699
2012-08-08,277.59
2012-08-09,279.514
2012-08-10,279.627
2012-08-13,278.096
2012-08-14,277.124
2012-08-15,275.728
2012-08-16,280.021
2012-08-17,280.323
2012-08-20,279.84
2012-08-21,282.927
2012-08-22,281.705
2012-08-23,282.071
2012-08-24,279.631
2012-08-27,279.088
2012-08-28,278.041
2012-08-29,276.785
2012-08-30,271.865
2012-08-31,274.729
2012-09-03,275.591
2012-09-04,272.481
2012-09-05,272.303
2012-09-06,279.527
2012-09-07,288.43
2012-09-10,288.75
2012-09-11,289.839
2012-09-12,290.915
2012-09-13,294.342
2012-09-14,304.967
2012-09-17,302.698
2012-09-18,301.114
2012-09-19,303.382
2012-09-20,299.963
2012-09-21,299.871
2012-09-24,295.502
2012-09-25,294.268
2012-09-26,289.283
2012-09-27,292.631
2012-09-28,291.368
2012-10-01,294.048
2012-10-02,292.731
2012-10-03,290.424
2012-10-04,292.25
2012-10-05,295.149
2012-10-08,292.864
2012-10-09,290.149
2012-10-10,288.065
2012-10-11,289.992
2012-10-12,288.594
2012-10-15,288.617
2012-10-16,293.735
2012-10-17,298.826
2012-10-18,300.111
2012-10-19,296.804
2012-10-22,296.354
2012-10-23,289.416
2012-10-24,289.177
2012-10-25,290.489
2012-10-26,289.852
2012-10-29,289.234
2012-10-30,291.595
2012-10-31,291.802
2012-11-01,294.516
2012-11-02,291.967
2012-11-05,291.274
2012-11-06,293.6
2012-11-07,290.501
2012-11-08,288.444
2012-11-09,286.928
2012-11-12,285.656
2012-11-13,284.641
2012-11-14,279.541
2012-11-15,277.522
2012-11-16,276.307
2012-11-19,283.845
2012-11-20,284.698
2012-11-21,284.475
2012-11-22,286.904
2012-11-23,290.186
2012-11-26,290.206
2012-11-27,289.38
2012-11-28,288.81
2012-11-29,292.702
2012-11-30,293.008
2012-12-03,291.807
2012-12-04,291.451
2012-12-05,290.717
2012-12-06,292.652
2012-12-07,293.245
2012-12-10,295.211
2012-12-11,297.422
2012-12-12,299.048
2012-12-13,298.287
2012-12-14,300.153
2012-12-17,302.031
2012-12-18,304.437
2012-12-19,305.877
2012-12-20,305.708
2012-12-21,302.757
2012-12-24,302.911
2012-12-25,303.109
2012-12-26,303.853
2012-12-27,305.012
2012-12-28,303.547
2012-12-31,305.783
2013-01-01,305.823
2013-01-02,314.089
2013-01-03,311.767
2013-01-04,311.871
2013-01-07,310.369
2013-01-08,309.029
2013-01-09,309.956
2013-01-10,312.556
2013-01-11,311.605
2013-01-14,311.422
2013-01-15,311.803
2013-01-16,309.458
2013-01-17,310.642
2013-01-18,311.065
2013-01-21,312.578
2013-01-22,313.807
2013-01-23,312.241
2013-01-24,312.948
2013-01-25,313.794
2013-01-28,311.234
2013-01-29,314.151
2013-01-30,313.808
2013-01-31,312.593
2013-02-01,316.639
2013-02-04,313.057
2013-02-05,312.036
2013-02-06,313.251
2013-02-07,311.818
2013-02-08,313.54
2013-02-11,311.386
2013-02-12,312.435
2013-02-13,313.883
2013-02-14,313.509
2013-02-15,310.972
2013-02-18,310.679
2013-02-19,311.927
2013-02-20,306.476
2013-02-21,300.203
2013-02-22,301.803
2013-02-25,301.719
2013-02-26,299.837
2013-02-27,302.561
2013-02-28,303.567
2013-03-01,300.194
2013-03-04,297.037
2013-03-05,300.676
2013-03-06,302.754
2013-03-07,303.07
2013-03-08,303.51
2013-03-11,304.805
2013-03-12,306.049
2013-03-13,304.312
2013-03-14,305.695
2013-03-15,307.524
2013-03-18,303.825
2013-03-19,300.909
2013-03-20,301.365
2013-03-21,299.51
2013-03-22,298.373
2013-03-25,295.666
2013-03-26,295.895
2013-03-27,295.589
2013-03-28,295.491
2013-03-29,295.477
2013-04-01,293.787
2013-04-02,291.786
2013-04-03,288.347
2013-04-04,287.54
2013-04-05,286.608
2013-04-08,287.514
2013-04-09,292.394
2013-04-10,294.705
2013-04-11,295.694
2013-04-12,291.001
2013-04-15,280.439
2013-04-16,281.457
2013-04-17,276.154
2013-04-18,274.798
2013-04-19,277.48
2013-04-22,278.452
2013-04-23,280.496
2013-04-24,286.073
2013-04-25,289.682
2013-04-26,288.027
2013-04-29,290.824
2013-04-30,292.131
2013-05-01,288.804
2013-05-02,287.989
2013-05-03,293.008
2013-05-06,293.431
2013-05-07,296.695
2013-05-08,301.487
2013-05-09,300.498
2013-05-10,298.023
2013-05-13,296.637
2013-05-14,297.052
2013-05-15,295.265
2013-05-16,295.29
2013-05-17,295.23
2013-05-20,296.591
2013-05-21,299.021
2013-05-22,298.618
2013-05-23,293.966
2013-05-24,293.091
2013-05-27,291.866
2013-05-28,292.561
2013-05-29,294.148
2013-05-30,296.021
2013-05-31,292.66
2013-06-03,293.249
2013-06-04,293.086
2013-06-05,287.717
2013-06-06,287.36
2013-06-07,287.644
2013-06-10,288.433
2013-06-11,285.277
2013-06-12,285.077
2013-06-13,285.612
2013-06-14,286.917
2013-06-17,288.526
2013-06-18,288.065
2013-06-19,288.04
2013-06-20,274.731
2013-06-21,273.359
2013-06-24,267.302
2013-06-25,268.637
2013-06-26,269.133
2013-06-27,269.792
2013-06-28,269.835
2013-07-01,271.864
2013-07-02,271.422
2013-07-03,269.494
2013-07-04,271.759
2013-07-05,268.502
2013-07-08,269.701
2013-07-09,273.637
2013-07-10,274.302
2013-07-11,282.153
2013-07-12,281.409
2013-07-15,281.735
2013-07-16,283.004
2013-07-17,284.821
2013-07-18,284.95
2013-07-19,285.623
2013-07-22,288.108
2013-07-23,290.46
2013-07-24,288.964
2013-07-25,287.457
2013-07-26,286.904
2013-07-29,286.58
2013-07-30,285.177
2013-07-31,282.691
2013-08-01,285.748
2013-08-02,287.867
2013-08-05,287.299
2013-08-06,285.352
2013-08-07,283.564
2013-08-08,289.132
2013-08-09,292.798
2013-08-12,294.871
2013-08-13,296.22
2013-08-14,297.689
2013-08-15,296.081
2013-08-16,296.321
2013-08-19,294.122
2013-08-20,293.378
2013-08-21,290.035
2013-08-22,292.346
2013-08-23,295.75
2013-08-26,295.96
2013-08-27,291.456
2013-08-28,288.224
2013-08-29,288.074
2013-08-30,286.293
2013-09-02,289.457
2013-09-03,291.51
2013-09-04,294.188
2013-09-05,293.269
2013-09-06,294.527
2013-09-09,298.284
2013-09-10,301.979
2013-09-11,303.393
2013-09-12,301.607
2013-09-13,301.129
2013-09-16,305.194
2013-09-17,303.989
2013-09-18,307.692
2013-09-19,311.68
2013-09-20,307.281
2013-09-23,306.318
2013-09-24,305.409
2013-09-25,306.841
2013-09-26,307.312
2013-09-27,305.63
2013-09-30,303.024
2013-10-01,302.587
2013-10-02,302.729
2013-10-03,300.922
2013-10-04,301.413
2013-10-07,299.106
2013-10-08,296.107
2013-10-09,294.697
2013-10-10,298.32
2013-10-11,300.628
2013-10-14,301.609
2013-10-15,303.094
2013-10-16,303.748
2013-10-17,308.072
2013-10-18,309.238
2013-10-21,310.643
2013-10-22,315.442
2013-10-23,313.182
2013-10-24,314.369
2013-10-25,314.252
2013-10-28,314.17
2013-10-29,312.945
2013-10-30,313.309
2013-10-31,310.335
2013-11-01,307.033
2013-11-04,310.32
2013-11-05,310.501
2013-11-06,312.678
2013-11-07,308.915
2013-11-08,309.472
2013-11-11,310.353
2013-11-12,309.391
2013-11-13,308.247
2013-11-14,311.452
2013-11-15,313.096
2013-11-18,312.969
2013-11-19,312.046
2013-11-20,310.388
2013-11-21,309.079
2013-11-22,308.856
2013-11-25,308.305
2013-11-26,306.575
2013-11-27,306.713
2013-11-28,308.91
2013-11-29,309.205
2013-12-02,306.42
2013-12-03,303.138
2013-12-04,302.681
2013-12-05,301.632
2013-12-06,304.435
2013-12-09,305.632
2013-12-10,306.272
2013-12-11,302.452
2013-12-12,299.028
2013-12-13,299.827
2013-12-16,301.933
2013-12-17,301.946
2013-12-18,304.373
2013-12-19,305.438
2013-12-20,307.198
2013-12-23,309.037
2013-12-24,310.433
2013-12-25,310.356
2013-12-26,311.323
2013-12-27,314.767
2013-12-30,315.474
2013-12-31,316.284
2014-01-01,316.298
2014-01-02,314.152
2014-01-03,314.244
2014-01-06,312.057
2014-01-07,310.771
2014-01-08,311.325
2014-01-09,308.468
2014-01-10,310.56
2014-01-13,310.609
2014-01-14,311.012
2014-01-15,312.591
2014-01-16,315.387
2014-01-17,317.265
2014-01-20,317.615
2014-01-21,316.682
2014-01-22,315.871
2014-01-23,313.626
2014-01-24,306.969
2014-01-27,304.575
2014-01-28,306.146
2014-01-29,308.729
2014-01-30,307.282
2014-01-31,305.533
2014-02-03,301.752
2014-02-04,300.151
2014-02-05,300.473
2014-02-06,305.037
2014-02-07,310.198
2014-02-10,312.307
2014-02-11,316.773
2014-02-12,317.845
2014-02-13,319.226
2014-02-14,321.708
2014-02-17,323.01
2014-02-18,324.622
2014-02-19,324.177
2014-02-20,323.655
2014-02-21,324.702
2014-02-24,324.151
2014-02-25,324.044
2014-02-26,323.135
2014-02-27,323.439
2014-02-28,325.042
2014-03-03,321.558
2014-03-04,325.093
2014-03-05,326.127
2014-03-06,329.034
2014-03-07,325.584
2014-03-10,321.905
2014-03-11,320.328
2014-03-12,318.769
2014-03-13,317.677
2014-03-14,315.949
2014-03-17,317.662
2014-03-18,319.431
2014-03-19,316.424
2014-03-20,314.286
2014-03-21,316.451
2014-03-24,314.204
2014-03-25,317.609
2014-03-26,317.258
2014-03-27,317.351
2014-03-28,319.683
2014-03-31,321.99
2014-04-01,323.426
2014-04-02,324.995
2014-04-03,323.809
2014-04-04,325.102
2014-04-07,322.034
2014-04-08,324.59
2014-04-09,326.212
2014-04-10,324.268
2014-04-11,320.136
2014-04-14,321.287
2014-04-15,320.203
2014-04-16,323.734
2014-04-17,324.583
2014-04-18,324.698
2014-04-21,324.331
2014-04-22,326.309
2014-04-23,326.35
2014-04-24,326.354
2014-04-25,325.478
2014-04-28,323.451
2014-04-29,325.512
2014-04-30,327.588
2014-05-01,326.733
2014-05-02,327.746
2014-05-05,328.099
2014-05-06,327.878
2014-05-07,327.499
2014-05-08,328.226
2014-05-09,326.758
2014-05-12,330.657
2014-05-13,331.852
2014-05-14,332.973
2014-05-15,330.138
2014-05-16,328.74
2014-05-19,328.685
2014-05-20,327.36
2014-05-21,327.372
2014-05-22,329.321
2014-05-23,330.517
2014-05-26,331.847
2014-05-27,330.916
2014-05-28,329.868
2014-05-29,331.165
2014-05-30,329.202
2014-06-02,330.023
2014-06-03,329.086
2014-06-04,329.807
2014-06-05,331.246
2014-06-06,333.015
2014-06-09,332.716
2014-06-10,332.213
2014-06-11,331.862
2014-06-12,330.522
2014-06-13,329.714
2014-06-16,330.326
2014-06-17,330.542
2014-06-18,333.252
2014-06-19,337.0
2014-06-20,336.455
2014-06-23,337.847
2014-06-24,335.957
2014-06-25,335.158
2014-06-26,335.281
2014-06-27,335.321
2014-06-30,336.794
2014-07-01,339.572
2014-07-02,341.072
2014-07-03,343.403
2014-07-04,343.962
2014-07-07,341.884
2014-07-08,340.34
2014-07-09,341.082
2014-07-10,337.746
2014-07-11,338.048
2014-07-14,339.999
2014-07-15,338.526
2014-07-16,341.972
2014-07-17,340.337
2014-07-18,340.452
2014-07-21,339.515
2014-07-22,341.907
2014-07-23,343.508
2014-07-24,343.389
2014-07-25,343.305
2014-07-28,343.859
2014-07-29,343.529
2014-07-30,340.611
2014-07-31,335.054
2014-08-01,332.637
2014-08-04,333.326
2014-08-05,331.249
2014-08-06,332.174
2014-08-07,330.058
2014-08-08,330.285
2014-08-11,333.628
2014-08-12,334.001
2014-08-13,334.808
2014-08-14,334.51
2014-08-15,334.315
2014-08-18,337.439
2014-08-19,337.358
2014-08-20,336.814
2014-08-21,336.113
2014-08-22,334.03
2014-08-25,335.032
2014-08-26,336.384
2014-08-27,336.825
2014-08-28,334.437
2014-08-29,334.873
2014-09-01,334.561
2014-09-02,333.77
2014-09-03,335.317
2014-09-04,333.837
2014-09-05,332.952
2014-09-08,331.094
2014-09-09,328.897
2014-09-10,327.639
2014-09-11,327.378
2014-09-12,326.026
2014-09-15,325.761
2014-09-16,325.875
2014-09-17,327.214
2014-09-18,327.771
2014-09-19,326.057
2014-09-22,322.566
2014-09-23,321.894
2014-09-24,323.417
2014-09-25,319.109
2014-09-26,318.314
2014-09-29,316.186
2014-09-30,314.425
2014-10-01,309.155
2014-10-02,306.611
2014-10-03,303.986
2014-10-06,306.067
2014-10-07,303.795
2014-10-08,304.248
2014-10-09,302.091
2014-10-10,294.582
2014-10-13,293.986
2014-10-14,295.767
2014-10-15,294.45
2014-10-16,294.988
2014-10-17,298.007
2014-10-20,300.502
2014-10-21,305.095
2014-10-22,303.751
2014-10-23,303.401
2014-10-24,303.534
2014-10-27,300.806
2014-10-28,304.258
2014-10-29,303.663
2014-10-30,301.042
2014-10-31,303.644
2014-11-03,300.535
2014-11-04,299.439
2014-11-05,300.684
2014-11-06,302.061
2014-11-07,304.822
2014-11-10,305.722
2014-11-11,306.19
2014-11-12,306.661
2014-11-13,306.465
2014-11-14,307.307
2014-11-17,307.241
2014-11-18,311.216
2014-11-19,309.038
2014-11-20,308.882
2014-11-21,313.972
2014-11-24,312.797
2014-11-25,313.287
2014-11-26,314.381
2014-11-27,312.492
2014-11-28,306.837
2014-12-01,305.148
2014-12-02,306.249
2014-12-03,309.477
2014-12-04,309.61
2014-12-05,308.278
2014-12-08,304.95
2014-12-09,304.683
2014-12-10,300.212
2014-12-11,297.893
2014-12-12,291.759
2014-12-15,286.542
2014-12-16,288.21
2014-12-17,291.977
2014-12-18,296.812
2014-12-19,300.086
2014-12-22,300.128
2014-12-23,300.574
2014-12-24,300.829
2014-12-25,300.665
2014-12-26,301.128
2014-12-29,302.399
2014-12-30,301.787
2014-12-31,300.287
2015-01-01,300.303
2015-01-02,299.23
2015-01-05,292.009
2015-01-06,290.647
2015-01-07,290.584
2015-01-08,297.114
2015-01-09,297.221
2015-01-12,296.642
2015-01-13,294.57
2015-01-14,289.15
2015-01-15,290.772
2015-01-16,293.377
2015-01-19,295.288
2015-01-20,296.772
2015-01-21,299.241
2015-01-22,301.484
2015-01-23,298.054
2015-01-26,299.564
2015-01-27,300.216
2015-01-28,298.273
2015-01-29,297.522
2015-01-30,298.116
2015-02-02,301.677
2015-02-03,306.038
2015-02-04,307.47
2015-02-05,311.293
2015-02-06,308.629
2015-02-09,309.655
2015-02-10,309.27
2015-02-11,307.622
2015-02-12,313.506
2015-02-13,318.234
2015-02-16,318.509
2015-02-17,317.728
2015-02-18,320.215
2015-02-19,320.043
2015-02-20,321.277
2015-02-23,320.464
2015-02-24,322.944
2015-02-25,324.029
2015-02-26,322.798
2015-02-27,322.926
2015-03-02,322.526
2015-03-03,320.091
2015-03-04,317.241
2015-03-05,317.306
2015-03-06,312.641
2015-03-09,311.651
2015-03-10,305.608
2015-03-11,305.42
2015-03-12,308.244
2015-03-13,305.244
2015-03-16,306.567
2015-03-17,304.86
2015-03-18,307.455
2015-03-19,305.902
2015-03-20,311.876
2015-03-23,314.24
2015-03-24,313.315
2015-03-25,312.073
2015-03-26,309.44
2015-03-27,307.855
2015-03-30,309.197
2015-03-31,306.068
2015-04-01,306.233
2015-04-02,306.82
2015-04-03,306.934
2015-04-06,310.28
2015-04-07,311.462
2015-04-08,311.429
2015-04-09,311.418
2015-04-10,311.754
2015-04-13,308.936
2015-04-14,312.213
2015-04-15,313.57
2015-04-16,313.841
2015-04-17,311.159
2015-04-20,312.981
2015-04-21,313.201
2015-04-22,312.533
2015-04-23,314.672
2015-04-24,318.507
2015-04-27,321.981
2015-04-28,322.899
2015-04-29,321.539
2015-04-30,318.067
2015-05-01,321.01
2015-05-04,322.34
2015-05-05,320.111
2015-05-06,320.703
2015-05-07,318.642
2015-05-08,324.139
2015-05-11,324.054
2015-05-12,323.244
2015-05-13,324.815
2015-05-14,326.349
2015-05-15,327.267
2015-05-18,326.27
2015-05-19,322.717
2015-05-20,322.272
2015-05-21,323.988
2015-05-22,322.394
2015-05-25,322.614
2015-05-26,317.585
2015-05-27,319.038
2015-05-28,318.957
2015-05-29,317.146
2015-06-01,315.683
2015-06-02,318.111
2015-06-03,319.915
2015-06-04,315.469
2015-06-05,311.554
2015-06-08,310.541
2015-06-09,310.555
2015-06-10,315.572
2015-06-11,315.607
2015-06-12,314.077
2015-06-15,311.446
2015-06-16,311.422
2015-06-17,311.235
2015-06-18,315.726
2015-06-19,313.839
2015-06-22,317.226
2015-06-23,316.804
2015-06-24,314.644
2015-06-25,313.751
2015-06-26,311.448
2015-06-29,305.232
2015-06-30,303.44
2015-07-01,304.025
2015-07-02,303.952
2015-07-03,303.023
2015-07-06,299.187
2015-07-07,293.888
2015-07-08,290.542
2015-07-09,293.059
2015-07-10,298.034
2015-07-13,299.873
2015-07-14,301.844
2015-07-15,300.684
2015-07-16,301.28
2015-07-17,299.082
2015-07-20,296.937
2015-07-21,296.691
2015-07-22,292.444
2015-07-23,289.718
2015-07-24,284.566
2015-07-27,281.624
2015-07-28,283.916
2015-07-29,286.039
2015-07-30,286.243
2015-07-31,288.546
2015-08-03,285.897
2015-08-04,286.601
2015-08-05,288.292
2015-08-06,287.589
2015-08-07,286.241
2015-08-10,291.058
2015-08-11,286.278
2015-08-12,284.445
2015-08-13,283.556
2015-08-14,283.359
2015-08-17,284.025
2015-08-18,282.257
2015-08-19,277.561
2015-08-20,274.977
2015-08-21,268.982
2015-08-24,257.635
2015-08-25,257.613
2015-08-26,257.779
2015-08-27,264.851
2015-08-28,268.68
2015-08-31,266.902
2015-09-01,258.945
2015-09-02,259.065
2015-09-03,261.187
2015-09-04,255.437
2015-09-07,256.542
2015-09-08,261.6
2015-09-09,264.228
2015-09-10,262.448
2015-09-11,261.743
2015-09-14,260.177
2015-09-15,260.85
2015-09-16,265.072
2015-09-17,264.33
2015-09-18,260.269
2015-09-21,257.881
2015-09-22,250.775
2015-09-23,247.707
2015-09-24,246.018
2015-09-25,246.854
2015-09-28,239.631
2015-09-29,238.6
2015-09-30,244.023
2015-10-01,245.734
2015-10-02,250.162
2015-10-05,257.099
2015-10-06,260.73
2015-10-07,266.12
2015-10-08,268.67
2015-10-09,273.479
2015-10-12,271.479
2015-10-13,268.433
2015-10-14,268.924
2015-10-15,271.009
2015-10-16,270.448
2015-10-19,267.267
2015-10-20,267.344
2015-10-21,267.755
2015-10-22,271.859
2015-10-23,274.843
2015-10-26,273.78
2015-10-27,269.809
2015-10-28,272.214
2015-10-29,269.532
2015-10-30,270.817
2015-11-02,271.415
2015-11-03,272.649
2015-11-04,271.906
2015-11-05,269.896
2015-11-06,268.354
2015-11-09,266.583
2015-11-10,264.487
2015-11-11,265.107
2015-11-12,260.555
2015-11-13,260.851
2015-11-16,261.621
2015-11-17,263.265
2015-11-18,264.875
2015-11-19,267.901
2015-11-20,267.207
2015-11-23,265.783
2015-11-24,266.162
2015-11-25,266.071
2015-11-26,267.15
2015-11-27,264.65
2015-11-30,265.26
2015-12-01,265.859
2015-12-02,262.768
2015-12-03,260.829
2015-12-04,262.276
2015-12-07,259.708
2015-12-08,253.524
2015-12-09,257.322
2015-12-10,256.868
2015-12-11,252.426
2015-12-14,248.053
2015-12-15,248.699
2015-12-16,252.08
2015-12-17,249.056
2015-12-18,247.601
2015-12-21,248.27
2015-12-22,250.928
2015-12-23,256.635
2015-12-24,258.077
2015-12-25,257.821
2015-12-28,257.174
2015-12-29,258.157
2015-12-30,256.242
2015-12-31,254.472
2016-01-01,254.472
2016-01-04,249.042
2016-01-05,248.218
2016-01-06,243.051
2016-01-07,237.262
2016-01-08,235.076
2016-01-11,231.395
2016-01-12,230.249
2016-01-13,229.582
2016-01-14,229.339
2016-01-15,225.416
2016-01-18,223.516
2016-01-19,223.418
2016-01-20,218.818
2016-01-21,221.143
2016-01-22,226.749
2016-01-25,223.164
2016-01-26,225.782
2016-01-27,225.738
2016-01-28,225.575
2016-01-29,228.671
2016-02-01,230.071
2016-02-02,226.028
2016-02-03,230.232
2016-02-04,238.102
2016-02-05,237.238
2016-02-08,233.194
2016-02-09,231.398
2016-02-10,229.977
2016-02-11,227.426
2016-02-12,230.511
2016-02-15,234.541
2016-02-16,235.093
2016-02-17,240.268
2016-02-18,242.187
2016-02-19,239.886
2016-02-22,244.622
2016-02-23,241.131
2016-02-24,238.004
2016-02-25,241.045
2016-02-26,242.839
2016-02-29,243.093
2016-03-01,246.904
2016-03-02,249.797
2016-03-03,253.572
2016-03-04,258.08
2016-03-07,261.473
2016-03-08,256.083
2016-03-09,256.85
2016-03-10,256.481
2016-03-11,261.555
2016-03-14,261.916
2016-03-15,258.228
2016-03-16,259.676
2016-03-17,267.798
2016-03-18,268.315
2016-03-21,267.163
2016-03-22,267.031
2016-03-23,262.99
2016-03-24,260.717
2016-03-25,261.021
2016-03-28,262.338
2016-03-29,262.717
2016-03-30,267.394
2016-03-31,265.808
2016-04-01,263.52
2016-04-04,262.929
2016-04-05,258.975
2016-04-06,260.235
2016-04-07,258.622
2016-04-08,262.453
2016-04-11,265.757
2016-04-12,268.94
2016-04-13,274.826
2016-04-14,275.777
2016-04-15,276.502
2016-04-18,277.48
2016-04-19,285.609
2016-04-20,286.951
2016-04-21,286.586
2016-04-22,285.167
2016-04-25,282.894
2016-04-26,283.358
2016-04-27,284.572
2016-04-28,286.118
2016-04-29,287.58
2016-05-02,287.834
2016-05-03,281.711
2016-05-04,276.36
2016-05-05,275.445
2016-05-06,276.826
2016-05-09,271.416
2016-05-10,275.188
2016-05-11,276.527
2016-05-12,275.431
2016-05-13,273.172
2016-05-16,276.69
2016-05-17,278.174
2016-05-18,274.48
2016-05-19,271.578
2016-05-20,273.528
2016-05-23,273.924
2016-05-24,274.465
2016-05-25,277.747
2016-05-26,278.287
2016-05-27,277.222
2016-05-30,277.077
2016-05-31,276.444
2016-06-01,275.639
2016-06-02,275.592
2016-06-03,280.213
2016-06-06,284.431
2016-06-07,286.113
2016-06-08,288.07
2016-06-09,284.51
2016-06-10,279.829
2016-06-13,276.344
2016-06-14,271.683
2016-06-15,274.702
2016-06-16,272.383
2016-06-17,275.85
2016-06-20,282.038
2016-06-21,280.578
2016-06-22,281.1
2016-06-23,286.28
2016-06-24,271.576
2016-06-27,262.825
2016-06-28,265.505
2016-06-29,272.576
2016-06-30,276.26
2016-07-01,278.875
2016-07-04,281.142
2016-07-05,276.329
2016-07-06,274.438
2016-07-07,275.199
2016-07-08,279.157
2016-07-11,284.167
2016-07-12,288.088
2016-07-13,290.214
2016-07-14,292.471
2016-07-15,292.395
2016-07-18,293.567
2016-07-19,289.909
2016-07-20,288.277
2016-07-21,289.256
2016-07-22,288.394
2016-07-25,287.965
2016-07-26,289.883
2016-07-27,292.24
2016-07-28,292.831
2016-07-29,294.773
2016-08-01,293.437
2016-08-02,292.556
2016-08-03,291.392
2016-08-04,293.24
2016-08-05,294.253
2016-08-08,297.183
2016-08-09,299.413
2016-08-10,299.724
2016-08-11,301.059
2016-08-12,299.635
2016-08-15,300.1
2016-08-16,301.12
2016-08-17,300.858
2016-08-18,303.503
2016-08-19,302.789
2016-08-22,302.485
2016-08-23,304.382
2016-08-24,300.727
2016-08-25,300.602
2016-08-26,301.499
2016-08-29,301.286
2016-08-30,299.795
2016-08-31,297.031
2016-09-01,298.677
2016-09-02,300.961
2016-09-05,302.215
2016-09-06,304.146
2016-09-07,304.897
2016-09-08,302.802
2016-09-09,296.032
2016-09-12,294.097
2016-09-13,290.808
2016-09-14,290.593
2016-09-15,292.404
2016-09-16,290.233
2016-09-19,292.885
2016-09-20,292.486
2016-09-21,297.118
2016-09-22,302.134
2016-09-23,300.541
2016-09-26,298.854
2016-09-27,298.532
2016-09-28,301.017
2016-09-29,303.041
2016-09-30,302.881
2016-10-03,302.928
2016-10-04,300.347
2016-10-05,300.726
2016-10-06,300.778
2016-10-07,298.649
2016-10-10,300.274
2016-10-11,296.61
2016-10-12,295.714
2016-10-13,293.381
2016-10-14,294.399
2016-10-17,294.13
2016-10-18,298.27
2016-10-19,300.443
2016-10-20,299.513
2016-10-21,299.448
2016-10-24,299.396
2016-10-25,300.142
2016-10-26,299.332
2016-10-27,297.821
2016-10-28,299.232
2016-10-31,300.887
2016-11-01,300.444
2016-11-02,299.354
2016-11-03,298.29
2016-11-04,297.546
2016-11-07,300.472
2016-11-08,302.883
2016-11-09,305.537
2016-11-10,309.069
2016-11-11,305.284
2016-11-14,304.995
2016-11-15,304.23
2016-11-16,302.31
2016-11-17,303.364
2016-11-18,300.019
2016-11-21,303.187
2016-11-22,306.362
2016-11-23,306.137
2016-11-24,307.481
2016-11-25,308.571
2016-11-28,307.507
2016-11-29,306.735
2016-11-30,306.956
2016-12-01,308.458
2016-12-02,308.592
2016-12-05,311.944
2016-12-06,312.832
2016-12-07,318.418
2016-12-08,320.235
2016-12-09,318.79
2016-12-12,318.783
2016-12-13,317.807
2016-12-14,315.553
2016-12-15,310.517
2016-12-16,309.953
2016-12-19,310.074
2016-12-20,309.654
2016-12-21,310.531
2016-12-22,309.798
2016-12-23,309.581
2016-12-26,309.396
2016-12-27,309.795
2016-12-28,310.9
2016-12-29,312.366
2016-12-30,311.616
2017-01-02,312.01
2017-01-03,311.844
2017-01-04,315.81
2017-01-05,318.591
2017-01-06,316.63
2017-01-09,316.299
2017-01-10,318.937
2017-01-11,320.753
2017-01-12,323.671
2017-01-13,324.13
2017-01-16,323.666
2017-01-17,324.095
2017-01-18,325.827
2017-01-19,323.602
2017-01-20,325.891
2017-01-23,328.017
2017-01-24,334.457
2017-01-25,337.295
2017-01-26,336.181
2017-01-27,336.067
2017-01-30,333.073
2017-01-31,332.699
2017-02-01,334.59
2017-02-02,335.003
2017-02-03,332.718
2017-02-06,330.917
2017-02-07,330.922
2017-02-08,331.463
2017-02-09,329.953
2017-02-10,333.997
2017-02-13,337.196
2017-02-14,335.538
2017-02-15,336.534
2017-02-16,337.649
2017-02-17,335.56
2017-02-20,336.203
2017-02-21,336.793
2017-02-22,336.165
2017-02-23,334.878
2017-02-24,331.56
2017-02-27,330.765
2017-02-28,330.377
2017-03-01,334.278
2017-03-02,332.394
2017-03-03,331.586
2017-03-06,330.138
2017-03-07,328.564
2017-03-08,326.963
2017-03-09,325.239
2017-03-10,326.741
2017-03-13,329.207
2017-03-14,327.387
2017-03-15,330.981
2017-03-16,335.328
2017-03-17,336.004
2017-03-20,336.632
2017-03-21,333.372
2017-03-22,331.91
2017-03-23,333.031
2017-03-24,332.124
2017-03-27,330.97
2017-03-28,334.081
2017-03-29,333.937
2017-03-30,335.163
2017-03-31,333.265
2017-04-03,332.83
2017-04-04,333.966
2017-04-05,334.747
2017-04-06,334.521
2017-04-07,334.118
2017-04-10,335.258
2017-04-11,335.866
2017-04-12,333.005
2017-04-13,330.71
2017-04-14,330.684
2017-04-17,332.447
2017-04-18,329.078
2017-04-19,329.008
2017-04-20,331.198
2017-04-21,330.787
2017-04-24,336.758
2017-04-25,338.656
2017-04-26,338.681
2017-04-27,336.396
2017-04-28,336.056
2017-05-01,336.152
2017-05-02,336.246
2017-05-03,333.122
2017-05-04,332.452
2017-05-05,336.092
2017-05-08,334.129
2017-05-09,333.484
2017-05-10,334.499
2017-05-11,334.251
2017-05-12,333.866
2017-05-15,336.229
2017-05-16,338.042
2017-05-17,334.807
2017-05-18,333.143
2017-05-19,337.116
2017-05-22,338.917
2017-05-23,338.548
2017-05-24,338.388
2017-05-25,338.315
2017-05-26,337.533
2017-05-29,337.513
2017-05-30,337.113
2017-05-31,337.055
2017-06-01,339.01
2017-06-02,342.15
2017-06-05,340.59
2017-06-06,341.021
2017-06-07,340.909
2017-06-08,341.085
2017-06-09,344.22
2017-06-12,342.894
2017-06-13,345.483
2017-06-14,343.905
2017-06-15,337.407
2017-06-16,339.03
2017-06-19,342.096
2017-06-20,338.993
2017-06-21,337.461
2017-06-22,337.973
2017-06-23,339.431
2017-06-26,339.768
2017-06-27,340.135
2017-06-28,343.284
2017-06-29,342.63
2017-06-30,342.224
2017-07-03,345.457
2017-07-04,345.215
2017-07-05,345.448
2017-07-06,344.158
2017-07-07,343.694
2017-07-10,346.197
2017-07-11,347.139
2017-07-12,351.298
2017-07-13,352.002
2017-07-14,355.465
2017-07-17,357.176
2017-07-18,356.558
2017-07-19,358.131
2017-07-20,357.56
2017-07-21,355.709
2017-07-24,354.885
2017-07-25,358.08
2017-07-26,358.084
2017-07-27,358.331
2017-07-28,357.064
2017-07-31,358.05
2017-08-01,359.616
2017-08-02,358.706
2017-08-03,357.991
2017-08-04,357.692
2017-08-07,359.832
2017-08-08,357.796
2017-08-09,356.53
2017-08-10,354.496
2017-08-11,352.496
2017-08-14,354.993
2017-08-15,353.148
2017-08-16,357.302
2017-08-17,356.356
2017-08-18,354.864
2017-08-21,355.769
2017-08-22,358.809
2017-08-23,359.59
2017-08-24,360.504
2017-08-25,362.051
2017-08-28,362.961
2017-08-29,362.286
2017-08-30,362.439
2017-08-31,365.27
2017-09-01,368.279
2017-09-04,367.81
2017-09-05,366.34
2017-09-06,367.059
2017-09-07,369.928
2017-09-08,369.212
2017-09-11,371.832
2017-09-12,374.267
2017-09-13,372.041
2017-09-14,370.993
2017-09-15,370.985
2017-09-18,372.55
2017-09-19,374.395
2017-09-20,375.796
2017-09-21,373.375
2017-09-22,373.52
2017-09-25,371.701
2017-09-26,369.29
2017-09-27,369.624
2017-09-28,371.703
2017-09-29,372.795
2017-10-02,374.511
2017-10-03,376.467
2017-10-04,377.538
2017-10-05,378.199
2017-10-06,377.484
2017-10-09,376.939
2017-10-10,378.743
2017-10-11,377.735
2017-10-12,378.389
2017-10-13,381.705
2017-10-16,381.625
2017-10-17,379.905
2017-10-18,379.127
2017-10-19,381.086
2017-10-20,382.074
2017-10-23,383.07
2017-10-24,383.938
2017-10-25,383.452
2017-10-26,384.928
2017-10-27,383.805
2017-10-30,384.437
2017-10-31,384.428
2017-11-01,388.032
2017-11-02,388.669
2017-11-03,388.225
2017-11-06,388.132
2017-11-07,388.739
2017-11-08,390.208
2017-11-09,386.762
2017-11-10,386.337
2017-11-13,385.115
2017-11-14,382.212
2017-11-15,379.049
2017-11-16,382.195
2017-11-17,382.509
2017-11-20,383.413
2017-11-21,385.732
2017-11-22,386.322
2017-11-23,387.888
2017-11-24,390.01
2017-11-27,387.064
2017-11-28,386.648
2017-11-29,386.442
2017-11-30,387.237
2017-12-01,384.529
2017-12-04,387.102
2017-12-05,384.779
2017-12-06,381.721
2017-12-07,382.631
2017-12-08,384.03
2017-12-11,386.063
2017-12-12,385.801
2017-12-13,387.212
2017-12-14,386.245
2017-12-15,386.889
2017-12-18,393.457
2017-12-19,392.407
2017-12-20,394.039
2017-12-21,395.961
2017-12-22,396.454
2017-12-25,396.622
2017-12-26,396.71
2017-12-27,399.305
2017-12-28,401.221
2017-12-29,401.798
2018-01-01,401.794
2018-01-02,406.112
2018-01-03,407.933
2018-01-04,413.302
2018-01-05,415.932
2018-01-08,416.302
2018-01-09,417.178
2018-01-10,416.337
2018-01-11,419.585
2018-01-12,422.645
2018-01-15,425.969
2018-01-16,421.731
2018-01-17,420.898
2018-01-18,420.88
2018-01-19,423.285
2018-01-22,422.89
2018-01-23,422.854
2018-01-24,424.972
2018-01-25,427.412
2018-01-26,427.69
2018-01-29,426.062
2018-01-30,422.148
2018-01-31,421.498
2018-02-01,419.271
2018-02-02,408.97
2018-02-05,400.489
2018-02-06,396.844
2018-02-07,397.005
2018-02-08,387.197
2018-02-09,386.002
2018-02-12,392.918
2018-02-13,394.65
2018-02-14,399.842
2018-02-15,405.208
2018-02-16,405.519
2018-02-19,404.298
2018-02-20,402.939
2018-02-21,402.463
2018-02-22,403.198
2018-02-23,405.999
2018-02-26,408.167
2018-02-27,404.517
2018-02-28,398.177
2018-03-01,392.165
2018-03-02,388.801
2018-03-05,391.891
2018-03-06,396.696
2018-03-07,395.566
2018-03-08,395.563
2018-03-09,399.296
2018-03-12,401.016
2018-03-13,400.053
2018-03-14,397.605
2018-03-15,395.922
2018-03-16,395.281
2018-03-19,390.352
2018-03-20,389.459
2018-03-21,393.147
2018-03-22,386.57
2018-03-23,380.634
2018-03-26,383.101
2018-03-27,384.866
2018-03-28,379.851
2018-03-29,383.112
2018-03-30,383.595
2018-04-02,380.71
2018-04-03,381.92
2018-04-04,380.029
2018-04-05,386.43
2018-04-06,381.704
2018-04-09,382.905
2018-04-10,390.316
2018-04-11,389.394
2018-04-12,390.995
2018-04-13,392.966
2018-04-16,394.719
2018-04-17,398.17
2018-04-18,404.389
2018-04-19,404.016
2018-04-20,400.931
2018-04-23,398.878
2018-04-24,394.806
2018-04-25,392.079
2018-04-26,393.01
2018-04-27,393.246
2018-04-30,390.032
2018-05-01,387.783
2018-05-02,390.296
2018-05-03,390.035
2018-05-04,393.435
2018-05-07,394.851
2018-05-08,393.194
2018-05-09,397.394
2018-05-10,400.749
2018-05-11,403.758
2018-05-14,405.236
2018-05-15,402.303
2018-05-16,406.423
2018-05-17,408.793
2018-05-18,407.591
2018-05-21,408.742
2018-05-22,408.58
2018-05-23,403.563
2018-05-24,402.133
2018-05-25,399.84
2018-05-28,398.368
2018-05-29,393.103
2018-05-30,395.732
2018-05-31,395.695
2018-06-01,399.637
2018-06-04,402.418
2018-06-05,403.509
2018-06-06,411.156
2018-06-07,410.648
2018-06-08,409.071
2018-06-11,410.805
2018-06-12,408.985
2018-06-13,407.727
2018-06-14,406.86
2018-06-15,401.461
2018-06-18,398.492
2018-06-19,390.565
2018-06-20,390.3
2018-06-21,387.941
2018-06-22,392.135
2018-06-25,386.112
2018-06-26,386.692
2018-06-27,387.205
2018-06-28,385.528
2018-06-29,389.802
2018-07-02,384.852
2018-07-03,384.407
2018-07-04,382.897
2018-07-05,386.696
2018-07-06,390.113
2018-07-09,393.992
2018-07-10,395.211
2018-07-11,387.548
2018-07-12,387.741
2018-07-13,388.184
2018-07-16,386.768
2018-07-17,389.515
2018-07-18,391.371
2018-07-19,387.993
2018-07-20,387.259
2018-07-23,384.896
2018-07-24,391.762
2018-07-25,392.7
2018-07-26,394.742
2018-07-27,395.505
2018-07-30,394.784
2018-07-31,396.959
2018-08-01,395.095
2018-08-02,389.882
2018-08-03,391.866
2018-08-06,390.267
2018-08-07,391.811
2018-08-08,391.104
2018-08-09,392.204
2018-08-10,384.073
2018-08-13,380.4
2018-08-14,381.335
2018-08-15,372.344
2018-08-16,374.906
2018-08-17,376.297
2018-08-20,379.231
2018-08-21,380.753
2018-08-22,381.924
2018-08-23,379.416
2018-08-24,383.529
2018-08-27,388.459
2018-08-28,390.111
2018-08-29,391.542
2018-08-30,388.515
2018-08-31,384.702
2018-09-03,383.556
2018-09-04,378.239
2018-09-05,377.367
2018-09-06,376.932
2018-09-07,374.589
2018-09-10,374.309
2018-09-11,373.708
2018-09-12,375.429
2018-09-13,377.991
2018-09-14,379.737
2018-09-17,381.162
2018-09-18,383.551
2018-09-19,389.76
2018-09-20,394.483
2018-09-21,396.668
2018-09-24,393.581
2018-09-25,394.295
2018-09-26,392.402
2018-09-27,389.329
2018-09-28,387.742
2018-10-01,389.65
2018-10-02,390.685
2018-10-03,389.422
2018-10-04,386.75
2018-10-05,382.242
2018-10-08,379.686
2018-10-09,374.117
2018-10-10,365.948
2018-10-11,360.638
2018-10-12,362.167
2018-10-15,361.99
2018-10-16,366.788
2018-10-17,364.725
2018-10-18,359.906
2018-10-19,357.132
2018-10-22,355.432
2018-10-23,348.935
2018-10-24,340.673
2018-10-25,341.083
2018-10-26,340.77
2018-10-29,342.085
2018-10-30,345.582
2018-10-31,350.994
2018-11-01,358.956
2018-11-02,360.951
2018-11-05,360.262
2018-11-06,362.315
2018-11-07,367.16
2018-11-08,366.047
2018-11-09,360.005
2018-11-12,355.32
2018-11-13,353.832
2018-11-14,352.53
2018-11-15,355.089
2018-11-16,357.603
2018-11-19,355.311
2018-11-20,348.336
2018-11-21,350.199
2018-11-22,348.771
2018-11-23,345.044
2018-11-26,346.818
2018-11-27,342.308
2018-11-28,344.634
2018-11-29,348.93
2018-11-30,347.853
2018-12-03,355.553
2018-12-04,348.819
2018-12-05,346.158
2018-12-06,338.932
2018-12-07,336.935
2018-12-10,332.356
2018-12-11,333.324
2018-12-12,338.776
2018-12-13,337.899
2018-12-14,333.959
2018-12-17,332.199
2018-12-18,332.683
2018-12-19,332.397
2018-12-20,326.602
2018-12-21,325.941
2018-12-24,323.265
2018-12-25,321.849
2018-12-26,327.383
2018-12-27,329.854
2018-12-28,331.305
2018-12-31,333.789
2019-01-01,333.793
2019-01-02,331.641
2019-01-03,326.899
2019-01-04,336.985
2019-01-07,340.214
2019-01-08,342.661
2019-01-09,346.155
2019-01-10,347.44
2019-01-11,346.419
2019-01-14,344.816
2019-01-15,344.663
2019-01-16,344.832
2019-01-17,347.874
2019-01-18,352.968
2019-01-21,352.929
2019-01-22,348.969
2019-01-23,346.762
2019-01-24,346.413
2019-01-25,353.807
2019-01-28,353.324
2019-01-29,356.581
2019-01-30,360.57
2019-01-31,360.598
2019-02-01,361.441
2019-02-04,360.954
2019-02-05,364.103
2019-02-06,363.086
2019-02-07,357.427
2019-02-08,353.713
2019-02-11,354.271
2019-02-12,359.734
2019-02-13,361.42
2019-02-14,360.62
2019-02-15,364.265
2019-02-18,366.517
2019-02-19,368.119
2019-02-20,373.911
2019-02-21,371.199
2019-02-22,373.311
2019-02-25,374.783
2019-02-26,374.879
2019-02-27,374.308
2019-02-28,370.066
2019-03-01,370.296
2019-03-04,371.539
2019-03-05,370.184
2019-03-06,370.632
2019-03-07,366.754
2019-03-08,364.55
2019-03-11,368.543
2019-03-12,370.891
2019-03-13,373.404
2019-03-14,371.265
2019-03-15,372.645
2019-03-18,374.378
2019-03-19,376.089
2019-03-20,374.49
2019-03-21,377.108
2019-03-22,369.844
2019-03-25,368.784
2019-03-26,370.932
2019-03-27,370.272
2019-03-28,371.342
2019-03-29,373.98
2019-04-01,380.73
