date,3055
1994-12-30,30.011
1995-01-31,30.909
1995-02-28,31.766
1995-03-31,33.321
1995-04-28,34.248
1995-05-31,34.714
1995-06-30,36.061
1995-07-31,37.436
1995-08-31,36.913
1995-09-29,39.544
1995-10-31,40.723
1995-11-30,42.284
1995-12-29,44.102
1996-01-31,45.441
1996-02-29,45.479
1996-03-29,46.213
1996-04-30,45.649
1996-05-31,46.359
1996-06-28,47.484
1996-07-31,45.968
1996-08-30,47.58
1996-09-30,50.215
1996-10-31,51.121
1996-11-29,54.683
1996-12-31,53.473
1997-01-31,57.279
1997-02-28,58.389
1997-03-31,56.94
1997-04-30,60.487
1997-05-30,63.644
1997-06-30,69.431
1997-07-31,71.082
1997-08-29,64.758
1997-09-30,68.996
1997-10-31,68.68
1997-11-28,70.603
1997-12-31,73.32
1998-01-30,78.971
1998-02-27,83.353
1998-03-31,84.326
1998-04-30,84.993
1998-05-29,83.153
1998-06-30,87.409
1998-07-31,87.486
1998-08-31,80.262
1998-09-30,86.008
1998-10-30,90.991
1998-11-30,95.66
1998-12-31,100.0
1999-01-29,99.239
1999-02-26,98.552
1999-03-31,100.125
1999-04-30,93.508
1999-05-31,91.297
1999-06-30,93.34
1999-07-30,90.011
1999-08-31,92.842
1999-09-30,88.869
1999-10-29,96.712
1999-11-30,96.617
1999-12-31,89.666
2000-01-31,90.079
2000-02-29,83.745
2000-03-31,90.365
2000-04-28,94.47
2000-05-31,97.25
2000-06-30,104.686
2000-07-31,100.428
2000-08-31,100.336
2000-09-29,104.851
2000-10-31,106.106
2000-11-30,110.615
2000-12-29,113.544
2001-01-01,113.544
2001-01-02,112.443
2001-01-03,109.481
2001-01-04,104.328
2001-01-05,103.641
2001-01-08,103.33
2001-01-09,104.199
2001-01-10,103.435
2001-01-11,102.541
2001-01-12,102.495
2001-01-15,102.431
2001-01-16,103.295
2001-01-17,101.885
2001-01-18,102.727
2001-01-19,101.587
2001-01-22,103.232
2001-01-23,103.386
2001-01-24,102.504
2001-01-25,104.326
2001-01-26,105.055
2001-01-29,103.843
2001-01-30,103.79
2001-01-31,104.386
2001-02-01,105.4
2001-02-02,105.569
2001-02-05,106.135
2001-02-06,105.864
2001-02-07,105.407
2001-02-08,105.157
2001-02-09,105.353
2001-02-12,106.881
2001-02-13,105.562
2001-02-14,104.691
2001-02-15,103.795
2001-02-16,103.785
2001-02-19,104.043
2001-02-20,103.27
2001-02-21,104.446
2001-02-22,104.097
2001-02-23,103.049
2001-02-26,104.043
2001-02-27,104.438
2001-02-28,104.788
2001-03-01,104.738
2001-03-02,104.925
2001-03-05,104.702
2001-03-06,103.19
2001-03-07,101.487
2001-03-08,101.819
2001-03-09,102.154
2001-03-12,99.574
2001-03-13,98.45
2001-03-14,96.795
2001-03-15,97.322
2001-03-16,94.408
2001-03-19,95.254
2001-03-20,94.925
2001-03-21,93.344
2001-03-22,90.617
2001-03-23,92.821
2001-03-26,94.781
2001-03-27,96.55
2001-03-28,96.708
2001-03-29,96.874
2001-03-30,97.989
2001-04-02,96.018
2001-04-03,94.661
2001-04-04,95.941
2001-04-05,98.089
2001-04-06,97.902
2001-04-09,99.048
2001-04-10,98.533
2001-04-11,96.622
2001-04-12,97.811
2001-04-13,97.803
2001-04-16,97.86
2001-04-17,99.875
2001-04-18,98.757
2001-04-19,97.441
2001-04-20,97.077
2001-04-23,97.193
2001-04-24,96.157
2001-04-25,97.902
2001-04-26,98.612
2001-04-27,99.377
2001-04-30,99.855
2001-05-01,100.216
2001-05-02,99.567
2001-05-03,98.753
2001-05-04,100.233
2001-05-07,100.718
2001-05-08,100.493
2001-05-09,100.824
2001-05-10,100.707
2001-05-11,100.268
2001-05-14,100.104
2001-05-15,100.762
2001-05-16,103.098
2001-05-17,103.718
2001-05-18,103.174
2001-05-21,103.255
2001-05-22,102.19
2001-05-23,100.94
2001-05-24,100.681
2001-05-25,99.934
2001-05-28,100.018
2001-05-29,100.926
2001-05-30,100.895
2001-05-31,100.727
2001-06-01,101.593
2001-06-04,102.394
2001-06-05,103.001
2001-06-06,102.254
2001-06-07,103.091
2001-06-08,102.406
2001-06-11,101.127
2001-06-12,101.076
2001-06-13,101.136
2001-06-14,101.63
2001-06-15,101.563
2001-06-18,101.79
2001-06-19,101.88
2001-06-20,103.06
2001-06-21,103.315
2001-06-22,100.748
2001-06-25,100.116
2001-06-26,99.428
2001-06-27,98.525
2001-06-28,99.16
2001-06-29,97.659
2001-07-02,98.832
2001-07-03,98.141
2001-07-04,97.9
2001-07-05,96.999
2001-07-06,96.689
2001-07-09,98.167
2001-07-10,97.803
2001-07-11,97.017
2001-07-12,96.101
2001-07-13,96.955
2001-07-16,96.626
2001-07-17,97.223
2001-07-18,99.755
2001-07-19,100.269
2001-07-20,100.466
2001-07-23,98.9
2001-07-24,97.664
2001-07-25,98.263
2001-07-26,98.354
2001-07-27,99.031
2001-07-30,99.631
2001-07-31,101.482
2001-08-01,101.299
2001-08-02,100.895
2001-08-03,100.471
2001-08-06,100.109
2001-08-07,100.418
2001-08-08,99.256
2001-08-09,99.054
2001-08-10,100.103
2001-08-13,100.481
2001-08-14,100.795
2001-08-15,101.097
2001-08-16,100.706
2001-08-17,99.982
2001-08-20,100.455
2001-08-21,100.941
2001-08-22,101.651
2001-08-23,101.097
2001-08-24,101.755
2001-08-27,101.241
2001-08-28,100.183
2001-08-29,99.376
2001-08-30,98.234
2001-08-31,97.899
2001-09-03,97.574
2001-09-04,98.323
2001-09-05,99.139
2001-09-06,98.152
2001-09-07,96.836
2001-09-10,96.973
2001-09-11,95.565
2001-09-12,96.947
2001-09-13,97.607
2001-09-14,96.854
2001-09-17,97.232
2001-09-18,96.416
2001-09-19,95.483
2001-09-20,94.166
2001-09-21,91.783
2001-09-24,92.97
2001-09-25,94.213
2001-09-26,95.939
2001-09-27,98.723
2001-09-28,99.721
2001-10-01,100.298
2001-10-02,101.042
2001-10-03,100.549
2001-10-04,100.081
2001-10-05,101.046
2001-10-08,100.772
2001-10-09,99.987
2001-10-10,101.607
2001-10-11,100.78
2001-10-12,101.082
2001-10-15,101.422
2001-10-16,101.627
2001-10-17,101.495
2001-10-18,101.012
2001-10-19,100.813
2001-10-22,102.232
2001-10-23,101.132
2001-10-24,100.779
2001-10-25,100.57
2001-10-26,100.457
2001-10-29,99.563
2001-10-30,98.888
2001-10-31,98.451
2001-11-01,99.722
2001-11-02,99.586
2001-11-05,99.762
2001-11-06,100.302
2001-11-07,99.819
2001-11-08,99.508
2001-11-09,99.225
2001-11-12,98.606
2001-11-13,99.142
2001-11-14,98.861
2001-11-15,99.113
2001-11-16,99.438
2001-11-19,99.816
2001-11-20,100.373
2001-11-21,101.353
2001-11-22,101.507
2001-11-23,101.307
2001-11-26,101.598
2001-11-27,100.667
2001-11-28,100.311
2001-11-29,100.525
2001-11-30,100.82
2001-12-03,100.696
2001-12-04,100.921
2001-12-05,100.671
2001-12-06,100.289
2001-12-07,99.97
2001-12-10,98.732
2001-12-11,97.562
2001-12-12,96.703
2001-12-13,96.068
2001-12-14,96.135
2001-12-17,96.805
2001-12-18,97.303
2001-12-19,97.627
2001-12-20,98.117
2001-12-21,98.831
2001-12-24,98.354
2001-12-25,98.328
2001-12-26,98.493
2001-12-27,98.934
2001-12-28,99.12
2001-12-31,98.513
2002-01-01,98.513
2002-01-02,98.129
2002-01-03,97.632
2002-01-04,97.216
2002-01-07,96.618
2002-01-08,96.196
2002-01-09,96.354
2002-01-10,97.103
2002-01-11,97.402
2002-01-14,97.198
2002-01-15,97.289
2002-01-16,96.888
2002-01-17,96.658
2002-01-18,96.514
2002-01-21,96.519
2002-01-22,97.432
2002-01-23,98.212
2002-01-24,97.2
2002-01-25,96.179
2002-01-28,95.8
2002-01-29,94.759
2002-01-30,94.976
2002-01-31,96.197
2002-02-01,96.289
2002-02-04,95.066
2002-02-05,95.282
2002-02-06,94.871
2002-02-07,94.321
2002-02-08,95.138
2002-02-11,96.091
2002-02-12,97.005
2002-02-13,97.432
2002-02-14,97.209
2002-02-15,97.373
2002-02-18,97.203
2002-02-19,96.105
2002-02-20,97.16
2002-02-21,97.005
2002-02-22,97.618
2002-02-25,97.451
2002-02-26,97.361
2002-02-27,97.999
2002-02-28,97.773
2002-03-01,98.978
2002-03-04,99.131
2002-03-05,97.578
2002-03-06,98.635
2002-03-07,98.628
2002-03-08,98.395
2002-03-11,98.493
2002-03-12,98.651
2002-03-13,99.531
2002-03-14,99.88
2002-03-15,100.558
2002-03-18,100.002
2002-03-19,100.277
2002-03-20,98.368
2002-03-21,98.523
2002-03-22,98.559
2002-03-25,97.741
2002-03-26,97.699
2002-03-27,97.694
2002-03-28,98.222
2002-03-29,98.1
2002-04-01,98.645
2002-04-02,98.161
2002-04-03,97.715
2002-04-04,96.051
2002-04-05,95.621
2002-04-08,95.29
2002-04-09,95.34
2002-04-10,96.721
2002-04-11,95.508
2002-04-12,95.774
2002-04-15,96.006
2002-04-16,96.77
2002-04-17,96.084
2002-04-18,97.22
2002-04-19,97.062
2002-04-22,96.285
2002-04-23,95.603
2002-04-24,95.703
2002-04-25,95.954
2002-04-26,95.347
2002-04-29,94.179
2002-04-30,94.4
2002-05-01,95.467
2002-05-02,95.123
2002-05-03,94.611
2002-05-06,93.722
2002-05-07,92.052
2002-05-08,94.056
2002-05-09,93.295
2002-05-10,92.761
2002-05-13,93.478
2002-05-14,94.053
2002-05-15,93.562
2002-05-16,93.095
2002-05-17,94.579
2002-05-20,93.792
2002-05-21,93.307
2002-05-22,93.84
2002-05-23,94.069
2002-05-24,92.623
2002-05-27,92.667
2002-05-28,92.581
2002-05-29,92.833
2002-05-30,92.401
2002-05-31,92.186
2002-06-03,90.365
2002-06-04,89.531
2002-06-05,89.568
2002-06-06,87.826
2002-06-07,87.856
2002-06-10,89.183
2002-06-11,86.705
2002-06-12,85.692
2002-06-13,85.659
2002-06-14,85.497
2002-06-17,87.918
2002-06-18,87.927
2002-06-19,87.371
2002-06-20,86.484
2002-06-21,84.593
2002-06-24,84.348
2002-06-25,83.884
2002-06-26,84.86
2002-06-27,86.605
2002-06-28,86.052
2002-07-01,83.896
2002-07-02,81.694
2002-07-03,81.017
2002-07-04,81.659
2002-07-05,84.344
2002-07-08,83.812
2002-07-09,81.492
2002-07-10,77.617
2002-07-11,77.524
2002-07-12,78.482
2002-07-15,76.87
2002-07-16,76.247
2002-07-17,77.618
2002-07-18,75.277
2002-07-19,72.003
2002-07-22,69.986
2002-07-23,69.315
2002-07-24,72.306
2002-07-25,74.741
2002-07-26,76.636
2002-07-29,79.845
2002-07-30,80.544
2002-07-31,82.0
2002-08-01,79.898
2002-08-02,80.235
2002-08-05,77.722
2002-08-06,78.903
2002-08-07,80.851
2002-08-08,83.986
2002-08-09,84.201
2002-08-12,84.093
2002-08-13,82.452
2002-08-14,84.197
2002-08-15,84.786
2002-08-16,84.289
2002-08-19,84.789
2002-08-20,83.331
2002-08-21,84.327
2002-08-22,85.94
2002-08-23,84.468
2002-08-26,84.953
2002-08-27,83.795
2002-08-28,82.427
2002-08-29,81.988
2002-08-30,82.05
2002-09-02,81.664
2002-09-03,78.89
2002-09-04,80.678
2002-09-05,80.239
2002-09-06,80.463
2002-09-09,80.817
2002-09-10,81.37
2002-09-11,81.887
2002-09-12,80.215
2002-09-13,80.101
2002-09-16,80.234
2002-09-17,79.034
2002-09-18,78.831
2002-09-19,76.829
2002-09-20,77.205
2002-09-23,76.252
2002-09-24,75.956
2002-09-25,77.967
2002-09-26,80.156
2002-09-27,78.13
2002-09-30,77.574
2002-10-01,79.609
2002-10-02,80.292
2002-10-03,80.239
2002-10-04,78.233
2002-10-07,77.58
2002-10-08,78.672
2002-10-09,78.066
2002-10-10,79.009
2002-10-11,80.287
2002-10-14,82.076
2002-10-15,84.124
2002-10-16,83.619
2002-10-17,84.543
2002-10-18,84.384
2002-10-21,84.041
2002-10-22,83.267
2002-10-23,82.152
2002-10-24,81.461
2002-10-25,82.827
2002-10-28,82.357
2002-10-29,81.109
2002-10-30,81.984
2002-10-31,81.835
2002-11-01,82.012
2002-11-04,82.572
2002-11-05,83.437
2002-11-06,84.758
2002-11-07,84.501
2002-11-08,84.017
2002-11-11,82.979
2002-11-12,83.641
2002-11-13,82.767
2002-11-14,83.606
2002-11-15,84.276
2002-11-18,83.998
2002-11-19,83.987
2002-11-20,84.316
2002-11-21,84.795
2002-11-22,84.226
2002-11-25,83.642
2002-11-26,82.451
2002-11-27,83.578
2002-11-28,83.441
2002-11-29,82.906
2002-12-02,82.349
2002-12-03,81.813
2002-12-04,82.305
2002-12-05,81.798
2002-12-06,82.095
2002-12-09,81.736
2002-12-10,82.116
2002-12-11,82.201
2002-12-12,81.544
2002-12-13,81.039
2002-12-16,81.992
2002-12-17,81.389
2002-12-18,80.58
2002-12-19,80.089
2002-12-20,80.613
2002-12-23,81.128
2002-12-24,81.35
2002-12-25,81.346
2002-12-26,80.481
2002-12-27,79.201
2002-12-30,80.271
2002-12-31,80.803
2003-01-01,80.803
2003-01-02,82.206
2003-01-03,83.265
2003-01-06,84.0
2003-01-07,82.874
2003-01-08,82.11
2003-01-09,83.092
2003-01-10,83.173
2003-01-13,83.032
2003-01-14,83.304
2003-01-15,82.424
2003-01-16,82.205
2003-01-17,81.938
2003-01-20,81.568
2003-01-21,81.15
2003-01-22,80.679
2003-01-23,80.955
2003-01-24,79.112
2003-01-27,76.966
2003-01-28,78.018
2003-01-29,79.361
2003-01-30,78.842
2003-01-31,79.817
2003-02-03,80.072
2003-02-04,78.762
2003-02-05,78.426
2003-02-06,78.096
2003-02-07,77.593
2003-02-10,77.786
2003-02-11,77.698
2003-02-12,76.432
2003-02-13,75.94
2003-02-14,76.668
2003-02-17,76.887
2003-02-18,78.357
2003-02-19,77.702
2003-02-20,77.325
2003-02-21,78.162
2003-02-24,76.859
2003-02-25,76.638
2003-02-26,76.62
2003-02-27,77.199
2003-02-28,77.694
2003-03-03,77.749
2003-03-04,76.723
2003-03-05,77.448
2003-03-06,77.293
2003-03-07,77.935
2003-03-10,76.453
2003-03-11,75.605
2003-03-12,75.346
2003-03-13,76.418
2003-03-14,76.683
2003-03-17,78.748
2003-03-18,79.232
2003-03-19,80.269
2003-03-20,80.542
2003-03-21,82.479
2003-03-24,80.316
2003-03-25,81.705
2003-03-26,80.903
2003-03-27,80.918
2003-03-28,81.014
2003-03-31,79.929
2003-04-01,80.973
2003-04-02,82.246
2003-04-03,81.95
2003-04-04,82.631
2003-04-07,82.571
2003-04-08,82.494
2003-04-09,81.872
2003-04-10,81.391
2003-04-11,80.983
2003-04-14,82.287
2003-04-15,82.155
2003-04-16,80.385
2003-04-17,81.125
2003-04-18,81.101
2003-04-21,81.098
2003-04-22,82.534
2003-04-23,83.306
2003-04-24,83.709
2003-04-25,82.922
2003-04-28,83.693
2003-04-29,83.543
2003-04-30,84.301
2003-05-01,84.899
2003-05-02,86.021
2003-05-05,86.153
2003-05-06,86.628
2003-05-07,86.2
2003-05-08,85.432
2003-05-09,86.394
2003-05-12,87.254
2003-05-13,87.135
2003-05-14,87.317
2003-05-15,87.88
2003-05-16,88.228
2003-05-19,85.735
2003-05-20,84.883
2003-05-21,85.05
2003-05-22,86.163
2003-05-23,86.095
2003-05-26,86.027
2003-05-27,86.919
2003-05-28,86.927
2003-05-29,86.565
2003-05-30,86.723
2003-06-02,86.79
2003-06-03,87.349
2003-06-04,88.352
2003-06-05,89.3
2003-06-06,89.803
2003-06-09,88.99
2003-06-10,89.368
2003-06-11,90.594
2003-06-12,90.721
2003-06-13,90.041
2003-06-16,92.464
2003-06-17,94.144
2003-06-18,93.994
2003-06-19,92.32
2003-06-20,92.54
2003-06-23,90.946
2003-06-24,90.85
2003-06-25,90.582
2003-06-26,91.107
2003-06-27,90.017
2003-06-30,89.346
2003-07-01,89.429
2003-07-02,90.194
2003-07-03,90.282
2003-07-04,90.102
2003-07-07,90.816
2003-07-08,90.482
2003-07-09,90.134
2003-07-10,89.676
2003-07-11,90.293
2003-07-14,90.753
2003-07-15,89.926
2003-07-16,88.979
2003-07-17,88.669
2003-07-18,89.137
2003-07-21,88.077
2003-07-22,88.033
2003-07-23,89.003
2003-07-24,88.839
2003-07-25,89.446
2003-07-28,89.227
2003-07-29,88.764
2003-07-30,88.947
2003-07-31,88.275
2003-08-01,86.994
2003-08-04,87.151
2003-08-05,86.151
2003-08-06,85.759
2003-08-07,87.205
2003-08-08,87.299
2003-08-11,87.447
2003-08-12,87.727
2003-08-13,86.836
2003-08-14,86.945
2003-08-15,87.163
2003-08-18,87.304
2003-08-19,86.662
2003-08-20,86.39
2003-08-21,85.796
2003-08-22,84.928
2003-08-25,85.222
2003-08-26,85.263
2003-08-27,85.289
2003-08-28,85.38
2003-08-29,85.572
2003-09-01,86.029
2003-09-02,86.72
2003-09-03,86.919
2003-09-04,87.394
2003-09-05,87.667
2003-09-08,89.029
2003-09-09,89.133
2003-09-10,89.501
2003-09-11,89.627
2003-09-12,89.866
2003-09-15,89.653
2003-09-16,90.08
2003-09-17,90.194
2003-09-18,90.762
2003-09-19,90.082
2003-09-22,89.203
2003-09-23,89.679
2003-09-24,88.465
2003-09-25,87.878
2003-09-26,87.243
2003-09-29,87.844
2003-09-30,87.49
2003-10-01,88.868
2003-10-02,89.321
2003-10-03,89.334
2003-10-06,88.986
2003-10-07,88.981
2003-10-08,88.626
2003-10-09,89.111
2003-10-10,89.093
2003-10-13,89.367
2003-10-14,89.588
2003-10-15,89.001
2003-10-16,89.459
2003-10-17,88.687
2003-10-20,89.185
2003-10-21,89.964
2003-10-22,87.873
2003-10-23,88.445
2003-10-24,88.652
2003-10-27,88.809
2003-10-28,89.407
2003-10-29,89.04
2003-10-30,88.564
2003-10-31,88.852
2003-11-03,88.653
2003-11-04,87.942
2003-11-05,88.047
2003-11-06,88.183
2003-11-07,87.961
2003-11-10,87.282
2003-11-11,87.644
2003-11-12,88.986
2003-11-13,91.011
2003-11-14,92.454
2003-11-17,91.976
2003-11-18,92.067
2003-11-19,92.254
2003-11-20,91.499
2003-11-21,90.943
2003-11-24,91.923
2003-11-25,91.333
2003-11-26,91.352
2003-11-27,91.373
2003-11-28,91.071
2003-12-01,92.425
2003-12-02,92.583
2003-12-03,92.741
2003-12-04,92.645
2003-12-05,92.28
2003-12-08,92.876
2003-12-09,92.697
2003-12-10,92.339
2003-12-11,93.034
2003-12-12,93.145
2003-12-15,93.23
2003-12-16,93.494
2003-12-17,93.691
2003-12-18,94.496
2003-12-19,94.326
2003-12-22,94.333
2003-12-23,94.748
2003-12-24,94.965
2003-12-25,94.94
2003-12-26,95.019
2003-12-29,95.924
2003-12-30,96.223
2003-12-31,96.562
2004-01-01,96.562
2004-01-02,97.044
2004-01-05,97.647
2004-01-06,97.72
2004-01-07,97.744
2004-01-08,97.365
2004-01-09,96.908
2004-01-12,96.677
2004-01-13,96.386
2004-01-14,96.817
2004-01-15,96.416
2004-01-16,96.648
2004-01-19,96.671
2004-01-20,96.922
2004-01-21,98.181
2004-01-22,98.8
2004-01-23,98.388
2004-01-26,99.205
2004-01-27,98.601
2004-01-28,98.274
2004-01-29,98.772
2004-01-30,98.228
2004-02-02,99.397
2004-02-03,99.962
2004-02-04,100.247
2004-02-05,100.063
2004-02-06,100.813
2004-02-09,100.273
2004-02-10,100.767
2004-02-11,101.081
2004-02-12,100.758
2004-02-13,100.294
2004-02-16,100.182
2004-02-17,100.554
2004-02-18,100.28
2004-02-19,99.883
2004-02-20,99.178
2004-02-23,99.028
2004-02-24,99.325
2004-02-25,99.356
2004-02-26,99.181
2004-02-27,99.019
2004-03-01,99.764
2004-03-02,99.074
2004-03-03,99.016
2004-03-04,99.59
2004-03-05,100.235
2004-03-08,99.94
2004-03-09,99.485
2004-03-10,97.969
2004-03-11,96.057
2004-03-12,96.518
2004-03-15,95.652
2004-03-16,96.256
2004-03-17,96.183
2004-03-18,96.187
2004-03-19,95.489
2004-03-22,94.356
2004-03-23,94.414
2004-03-24,93.945
2004-03-25,94.508
2004-03-26,94.433
2004-03-29,95.653
2004-03-30,95.631
2004-03-31,96.064
2004-04-01,97.027
2004-04-02,97.563
2004-04-05,98.094
2004-04-06,97.996
2004-04-07,98.238
2004-04-08,97.833
2004-04-09,97.79
2004-04-12,98.184
2004-04-13,97.174
2004-04-14,97.53
2004-04-15,99.379
2004-04-16,100.23
2004-04-19,100.343
2004-04-20,98.951
2004-04-21,99.539
2004-04-22,100.11
2004-04-23,99.988
2004-04-26,100.127
2004-04-27,100.26
2004-04-28,98.895
2004-04-29,99.0
2004-04-30,99.083
2004-05-03,99.981
2004-05-04,100.392
2004-05-05,101.056
2004-05-06,100.654
2004-05-07,99.948
2004-05-10,98.232
2004-05-11,98.378
2004-05-12,98.649
2004-05-13,98.428
2004-05-14,98.602
2004-05-17,98.217
2004-05-18,98.454
2004-05-19,98.425
2004-05-20,97.569
2004-05-21,97.767
2004-05-24,97.243
2004-05-25,98.228
2004-05-26,98.744
2004-05-27,99.95
2004-05-28,99.452
2004-05-31,99.454
2004-06-01,99.846
2004-06-02,100.273
2004-06-03,100.127
2004-06-04,100.467
2004-06-07,101.41
2004-06-08,101.56
2004-06-09,100.387
2004-06-10,100.252
2004-06-11,100.076
2004-06-14,99.303
2004-06-15,99.595
2004-06-16,99.96
2004-06-17,99.965
2004-06-18,100.217
2004-06-21,99.744
2004-06-22,99.263
2004-06-23,99.759
2004-06-24,100.009
2004-06-25,98.796
2004-06-28,98.884
2004-06-29,98.939
2004-06-30,98.972
2004-07-01,98.142
2004-07-02,98.398
2004-07-05,98.147
2004-07-06,97.49
2004-07-07,97.485
2004-07-08,97.624
2004-07-09,97.398
2004-07-12,97.206
2004-07-13,97.421
2004-07-14,97.718
2004-07-15,96.752
2004-07-16,96.319
2004-07-19,95.713
2004-07-20,96.41
2004-07-21,95.672
2004-07-22,95.817
2004-07-23,95.076
2004-07-26,94.296
2004-07-27,94.448
2004-07-28,94.295
2004-07-29,94.751
2004-07-30,95.264
2004-08-02,95.364
2004-08-03,95.289
2004-08-04,95.152
2004-08-05,93.781
2004-08-06,92.855
2004-08-09,92.474
2004-08-10,93.485
2004-08-11,94.33
2004-08-12,94.143
2004-08-13,93.687
2004-08-16,94.557
2004-08-17,94.59
2004-08-18,95.447
2004-08-19,95.399
2004-08-20,95.764
2004-08-23,95.611
2004-08-24,95.459
2004-08-25,96.18
2004-08-26,96.528
2004-08-27,97.144
2004-08-30,96.385
2004-08-31,96.917
2004-09-01,97.384
2004-09-02,98.016
2004-09-03,97.83
2004-09-06,98.069
2004-09-07,98.219
2004-09-08,98.215
2004-09-09,97.814
2004-09-10,97.802
2004-09-13,98.033
2004-09-14,98.51
2004-09-15,97.915
2004-09-16,97.919
2004-09-17,98.143
2004-09-20,97.576
2004-09-21,98.282
2004-09-22,97.281
2004-09-23,96.866
2004-09-24,96.903
2004-09-27,96.534
2004-09-28,97.3
2004-09-29,97.728
2004-09-30,96.296
2004-10-01,97.253
2004-10-04,97.549
2004-10-05,97.303
2004-10-06,96.901
2004-10-07,94.701
2004-10-08,94.414
2004-10-11,94.578
2004-10-12,94.249
2004-10-13,93.709
2004-10-14,93.132
2004-10-15,93.293
2004-10-18,94.066
2004-10-19,93.376
2004-10-20,93.403
2004-10-21,93.031
2004-10-22,92.416
2004-10-25,91.82
2004-10-26,93.009
2004-10-27,95.233
2004-10-28,95.38
2004-10-29,95.221
2004-11-01,94.839
2004-11-02,94.62
2004-11-03,97.131
2004-11-04,97.511
2004-11-05,98.132
2004-11-08,97.981
2004-11-09,97.762
2004-11-10,97.83
2004-11-11,98.16
2004-11-12,98.66
2004-11-15,98.963
2004-11-16,98.489
2004-11-17,98.89
2004-11-18,98.423
2004-11-19,96.9
2004-11-22,96.597
2004-11-23,96.415
2004-11-24,96.601
2004-11-25,96.994
2004-11-26,97.182
2004-11-29,97.34
2004-11-30,97.031
2004-12-01,98.442
2004-12-02,99.282
2004-12-03,99.282
2004-12-06,98.826
2004-12-07,98.393
2004-12-08,99.024
2004-12-09,99.347
2004-12-10,99.067
2004-12-13,99.814
2004-12-14,100.292
2004-12-15,100.713
2004-12-16,101.742
2004-12-17,99.946
2004-12-20,99.716
2004-12-21,100.005
2004-12-22,100.692
2004-12-23,101.099
2004-12-24,101.345
2004-12-27,101.474
2004-12-28,102.24
2004-12-29,102.375
2004-12-30,102.645
2004-12-31,102.356
2005-01-03,101.468
2005-01-04,100.617
2005-01-05,100.224
2005-01-06,100.465
2005-01-07,100.272
2005-01-10,100.849
2005-01-11,100.327
2005-01-12,100.694
2005-01-13,99.562
2005-01-14,99.748
2005-01-17,99.838
2005-01-18,100.153
2005-01-19,99.71
2005-01-20,99.116
2005-01-21,98.546
2005-01-24,98.162
2005-01-25,98.482
2005-01-26,99.289
2005-01-27,99.312
2005-01-28,98.564
2005-01-31,98.724
2005-02-01,99.322
2005-02-02,99.626
2005-02-03,99.33
2005-02-04,100.187
2005-02-07,100.213
2005-02-08,100.09
2005-02-09,99.57
2005-02-10,100.013
2005-02-11,100.683
2005-02-14,101.11
2005-02-15,101.231
2005-02-16,100.911
2005-02-17,100.861
2005-02-18,102.129
2005-02-21,103.038
2005-02-22,102.29
2005-02-23,102.215
2005-02-24,102.594
2005-02-25,103.459
2005-02-28,102.12
2005-03-01,102.931
2005-03-02,103.035
2005-03-03,103.255
2005-03-04,104.028
2005-03-07,103.941
2005-03-08,103.588
2005-03-09,103.005
2005-03-10,103.256
2005-03-11,102.788
2005-03-14,102.958
2005-03-15,102.597
2005-03-16,102.154
2005-03-17,102.062
2005-03-18,101.723
2005-03-21,101.275
2005-03-22,101.299
2005-03-23,101.618
2005-03-24,101.762
2005-03-25,101.759
2005-03-28,101.435
2005-03-29,101.165
2005-03-30,102.263
2005-03-31,101.668
2005-04-01,101.142
2005-04-04,100.943
2005-04-05,102.807
2005-04-06,103.316
2005-04-07,103.976
2005-04-08,103.37
2005-04-11,103.498
2005-04-12,103.693
2005-04-13,104.211
2005-04-14,104.136
2005-04-15,105.267
2005-04-18,104.285
2005-04-19,104.794
2005-04-20,103.899
2005-04-21,104.649
2005-04-22,104.541
2005-04-25,104.54
2005-04-26,104.307
2005-04-27,104.947
2005-04-28,104.856
2005-04-29,105.909
2005-05-02,105.892
2005-05-03,106.563
2005-05-04,107.704
2005-05-05,107.521
2005-05-06,107.378
2005-05-09,107.559
2005-05-10,107.042
2005-05-11,107.112
2005-05-12,106.864
2005-05-13,106.274
2005-05-16,106.793
2005-05-17,106.959
2005-05-18,107.145
2005-05-19,107.156
2005-05-20,106.813
2005-05-23,107.307
2005-05-24,107.649
2005-05-25,107.408
2005-05-26,107.678
2005-05-27,107.605
2005-05-30,107.555
2005-05-31,106.88
2005-06-01,107.437
2005-06-02,107.439
2005-06-03,106.961
2005-06-06,107.046
2005-06-07,107.253
2005-06-08,106.804
2005-06-09,106.794
2005-06-10,106.282
2005-06-13,106.486
2005-06-14,107.019
2005-06-15,106.738
2005-06-16,106.8
2005-06-17,107.664
2005-06-20,107.51
2005-06-21,107.659
2005-06-22,107.356
2005-06-23,106.512
2005-06-24,106.003
2005-06-27,105.619
2005-06-28,106.338
2005-06-29,106.317
2005-06-30,105.86
2005-07-01,105.523
2005-07-04,105.311
2005-07-05,105.843
2005-07-06,105.532
2005-07-07,105.352
2005-07-08,106.32
2005-07-11,106.966
2005-07-12,107.037
2005-07-13,106.509
2005-07-14,107.02
2005-07-15,107.312
2005-07-18,106.858
2005-07-19,106.553
2005-07-20,107.65
2005-07-21,107.325
2005-07-22,107.082
2005-07-25,106.671
2005-07-26,106.75
2005-07-27,107.549
2005-07-28,108.705
2005-07-29,108.578
2005-08-01,109.248
2005-08-02,109.828
2005-08-03,110.18
2005-08-04,109.434
2005-08-05,108.531
2005-08-08,108.459
2005-08-09,109.217
2005-08-10,109.372
2005-08-11,110.001
2005-08-12,109.499
2005-08-15,109.343
2005-08-16,108.803
2005-08-17,108.957
2005-08-18,108.811
2005-08-19,108.44
2005-08-22,108.521
2005-08-23,107.768
2005-08-24,107.41
2005-08-25,107.563
2005-08-26,107.111
2005-08-29,107.663
2005-08-30,107.633
2005-08-31,108.894
2005-09-01,109.599
2005-09-02,109.947
2005-09-05,110.0
2005-09-06,111.172
2005-09-07,111.744
2005-09-08,111.31
2005-09-09,111.958
2005-09-12,111.555
2005-09-13,110.303
2005-09-14,110.381
2005-09-15,110.171
2005-09-16,110.68
2005-09-19,110.125
2005-09-20,109.829
2005-09-21,109.353
2005-09-22,109.42
2005-09-23,109.525
2005-09-26,109.575
2005-09-27,108.872
2005-09-28,108.946
2005-09-29,109.262
2005-09-30,109.763
2005-10-03,109.813
2005-10-04,110.323
2005-10-05,109.347
2005-10-06,108.919
2005-10-07,108.614
2005-10-10,108.361
2005-10-11,107.802
2005-10-12,107.635
2005-10-13,107.556
2005-10-14,108.467
2005-10-17,108.154
2005-10-18,108.156
2005-10-19,109.021
2005-10-20,107.312
2005-10-21,106.701
2005-10-24,107.419
2005-10-25,107.221
2005-10-26,106.289
2005-10-27,105.936
2005-10-28,106.951
2005-10-31,107.735
2005-11-01,107.525
2005-11-02,107.734
2005-11-03,108.541
2005-11-04,108.496
2005-11-07,108.938
2005-11-08,108.81
2005-11-09,108.627
2005-11-10,109.577
2005-11-11,110.108
2005-11-14,109.121
2005-11-15,109.459
2005-11-16,108.928
2005-11-17,109.57
2005-11-18,109.877
2005-11-21,109.957
2005-11-22,109.604
2005-11-23,110.079
2005-11-24,109.797
2005-11-25,109.83
2005-11-28,108.989
2005-11-29,109.061
2005-11-30,108.593
2005-12-01,109.721
2005-12-02,110.299
2005-12-05,110.35
2005-12-06,110.191
2005-12-07,109.867
2005-12-08,110.397
2005-12-09,110.372
2005-12-12,110.557
2005-12-13,111.513
2005-12-14,111.759
2005-12-15,111.521
2005-12-16,111.92
2005-12-19,112.861
2005-12-20,112.523
2005-12-21,112.599
2005-12-22,113.011
2005-12-23,112.984
2005-12-26,112.989
2005-12-27,112.363
2005-12-28,112.629
2005-12-29,112.44
2005-12-30,111.572
2006-01-02,111.679
2006-01-03,113.138
2006-01-04,114.689
2006-01-05,114.787
2006-01-06,115.546
2006-01-09,115.803
2006-01-10,115.063
2006-01-11,115.092
2006-01-12,114.871
2006-01-13,114.847
2006-01-16,114.963
2006-01-17,114.325
2006-01-18,114.323
2006-01-19,114.525
2006-01-20,112.974
2006-01-23,113.205
2006-01-24,113.01
2006-01-25,112.883
2006-01-26,113.302
2006-01-27,114.318
2006-01-30,113.507
2006-01-31,113.96
2006-02-01,114.347
2006-02-02,113.316
2006-02-03,113.002
2006-02-06,112.164
2006-02-07,111.947
2006-02-08,112.762
2006-02-09,113.221
2006-02-10,112.788
2006-02-13,112.765
2006-02-14,113.437
2006-02-15,113.874
2006-02-16,114.241
2006-02-17,114.086
2006-02-20,114.058
2006-02-21,113.624
2006-02-22,114.363
2006-02-23,114.391
2006-02-24,114.199
2006-02-27,115.056
2006-02-28,113.964
2006-03-01,114.381
2006-03-02,114.149
2006-03-03,113.979
2006-03-06,113.694
2006-03-07,113.528
2006-03-08,114.638
2006-03-09,114.677
2006-03-10,115.067
2006-03-13,115.752
2006-03-14,116.411
2006-03-15,116.649
2006-03-16,116.736
2006-03-17,117.311
2006-03-20,117.402
2006-03-21,116.491
2006-03-22,117.72
2006-03-23,116.762
2006-03-24,116.931
2006-03-27,116.149
2006-03-28,115.501
2006-03-29,115.431
2006-03-30,115.784
2006-03-31,115.049
2006-04-03,115.282
2006-04-04,115.453
2006-04-05,115.338
2006-04-06,114.715
2006-04-07,113.462
2006-04-10,113.396
2006-04-11,112.525
2006-04-12,112.797
2006-04-13,112.929
2006-04-14,112.944
2006-04-17,113.121
2006-04-18,113.458
2006-04-19,113.433
2006-04-20,114.077
2006-04-21,114.297
2006-04-24,113.929
2006-04-25,113.477
2006-04-26,113.542
2006-04-27,113.897
2006-04-28,114.873
2006-05-01,114.76
2006-05-02,114.803
2006-05-03,113.704
2006-05-04,114.104
2006-05-05,115.044
2006-05-08,115.082
2006-05-09,115.136
2006-05-10,114.916
2006-05-11,114.655
2006-05-12,114.391
2006-05-15,114.959
2006-05-16,115.933
2006-05-17,114.321
2006-05-18,113.742
2006-05-19,112.972
2006-05-22,112.241
2006-05-23,112.384
2006-05-24,111.893
2006-05-25,112.827
2006-05-26,113.728
2006-05-29,113.852
2006-05-30,112.684
2006-05-31,113.154
2006-06-01,114.189
2006-06-02,115.115
2006-06-05,113.951
2006-06-06,113.109
2006-06-07,113.675
2006-06-08,112.501
2006-06-09,112.388
2006-06-12,111.326
2006-06-13,110.431
2006-06-14,110.858
2006-06-15,111.884
2006-06-16,111.578
2006-06-19,110.964
2006-06-20,111.135
2006-06-21,111.714
2006-06-22,111.486
2006-06-23,111.314
2006-06-26,111.176
2006-06-27,110.074
2006-06-28,110.098
2006-06-29,112.219
2006-06-30,113.904
2006-07-03,114.289
2006-07-04,114.185
2006-07-05,113.4
2006-07-06,114.384
2006-07-07,114.755
2006-07-10,115.111
2006-07-11,115.236
2006-07-12,114.61
2006-07-13,113.601
2006-07-14,112.167
2006-07-17,112.049
2006-07-18,112.092
2006-07-19,114.323
2006-07-20,115.032
2006-07-21,115.349
2006-07-24,117.328
2006-07-25,118.189
2006-07-26,118.308
2006-07-27,117.999
2006-07-28,118.682
2006-07-31,118.242
2006-08-01,117.951
2006-08-02,118.471
2006-08-03,117.486
2006-08-04,118.124
2006-08-07,117.294
2006-08-08,117.315
2006-08-09,117.832
2006-08-10,117.238
2006-08-11,116.801
2006-08-14,117.243
2006-08-15,118.46
2006-08-16,119.292
2006-08-17,119.287
2006-08-18,119.213
2006-08-21,119.179
2006-08-22,119.156
2006-08-23,119.025
2006-08-24,119.799
2006-08-25,119.469
2006-08-28,120.196
2006-08-29,120.771
2006-08-30,121.263
2006-08-31,121.138
2006-09-01,121.641
2006-09-04,121.925
2006-09-05,121.192
2006-09-06,120.278
2006-09-07,119.398
2006-09-08,119.71
2006-09-11,119.762
2006-09-12,121.217
2006-09-13,120.993
2006-09-14,120.937
2006-09-15,120.696
2006-09-18,120.882
2006-09-19,120.698
2006-09-20,121.413
2006-09-21,121.128
2006-09-22,120.523
2006-09-25,120.698
2006-09-26,120.897
2006-09-27,121.476
2006-09-28,121.247
2006-09-29,121.268
2006-10-02,121.258
2006-10-03,121.611
2006-10-04,122.045
2006-10-05,122.28
2006-10-06,121.519
2006-10-09,121.471
2006-10-10,121.222
2006-10-11,121.3
2006-10-12,121.739
2006-10-13,121.252
2006-10-16,121.537
2006-10-17,121.736
2006-10-18,122.842
2006-10-19,123.459
2006-10-20,124.113
2006-10-23,124.347
2006-10-24,123.896
2006-10-25,123.969
2006-10-26,123.735
2006-10-27,123.087
2006-10-30,122.543
2006-10-31,122.311
2006-11-01,121.941
2006-11-02,122.513
2006-11-03,121.889
2006-11-06,123.037
2006-11-07,123.968
2006-11-08,122.338
2006-11-09,120.024
2006-11-10,120.003
2006-11-13,119.961
2006-11-14,120.443
2006-11-15,120.923
2006-11-16,121.319
2006-11-17,121.678
2006-11-20,121.313
2006-11-21,121.235
2006-11-22,121.741
2006-11-23,121.679
2006-11-24,121.437
2006-11-27,120.718
2006-11-28,120.81
2006-11-29,122.114
2006-11-30,122.402
2006-12-01,122.422
2006-12-04,121.931
2006-12-05,122.139
2006-12-06,122.44
2006-12-07,122.469
2006-12-08,122.626
2006-12-11,122.423
2006-12-12,122.767
2006-12-13,122.584
2006-12-14,123.065
2006-12-15,123.068
2006-12-18,123.209
2006-12-19,123.419
2006-12-20,123.392
2006-12-21,123.284
2006-12-22,122.73
2006-12-25,122.773
2006-12-26,122.831
2006-12-27,123.505
2006-12-28,123.531
2006-12-29,123.25
2007-01-01,123.25
2007-01-02,123.787
2007-01-03,123.973
2007-01-04,124.939
2007-01-05,124.186
2007-01-08,123.888
2007-01-09,123.706
2007-01-10,123.476
2007-01-11,124.664
2007-01-12,125.491
2007-01-15,125.883
2007-01-16,126.092
2007-01-17,126.711
2007-01-18,126.976
2007-01-19,127.206
2007-01-22,126.337
2007-01-23,126.003
2007-01-24,126.654
2007-01-25,125.95
2007-01-26,124.914
2007-01-29,124.865
2007-01-30,125.436
2007-01-31,125.602
2007-02-01,126.988
2007-02-02,127.112
2007-02-05,126.938
2007-02-06,127.204
2007-02-07,127.233
2007-02-08,127.031
2007-02-09,126.583
2007-02-12,126.378
2007-02-13,126.929
2007-02-14,128.048
2007-02-15,128.563
2007-02-16,128.409
2007-02-19,128.363
2007-02-20,128.308
2007-02-21,127.399
2007-02-22,126.876
2007-02-23,126.976
2007-02-26,127.088
2007-02-27,124.558
2007-02-28,124.376
2007-03-01,123.706
2007-03-02,122.965
2007-03-05,121.984
2007-03-06,123.334
2007-03-07,123.469
2007-03-08,124.09
2007-03-09,124.027
2007-03-12,124.25
2007-03-13,122.853
2007-03-14,122.382
2007-03-15,122.861
2007-03-16,122.698
2007-03-19,123.871
2007-03-20,124.619
2007-03-21,125.555
2007-03-22,126.087
2007-03-23,125.537
2007-03-26,125.535
2007-03-27,124.678
2007-03-28,124.093
2007-03-29,124.338
2007-03-30,124.457
2007-04-02,124.669
2007-04-03,125.813
2007-04-04,126.437
2007-04-05,127.211
2007-04-06,127.163
2007-04-09,126.911
2007-04-10,127.279
2007-04-11,126.98
2007-04-12,127.91
2007-04-13,129.524
2007-04-16,130.925
2007-04-17,131.353
2007-04-18,131.424
2007-04-19,131.686
2007-04-20,132.428
2007-04-23,132.054
2007-04-24,131.993
2007-04-25,132.234
2007-04-26,132.268
2007-04-27,131.808
2007-04-30,131.326
2007-05-01,131.437
2007-05-02,132.058
2007-05-03,131.953
2007-05-04,132.82
2007-05-07,133.196
2007-05-08,132.556
2007-05-09,132.732
2007-05-10,130.701
2007-05-11,131.174
2007-05-14,131.247
2007-05-15,131.296
2007-05-16,131.98
2007-05-17,131.424
2007-05-18,132.15
2007-05-21,131.762
2007-05-22,131.68
2007-05-23,131.849
2007-05-24,131.224
2007-05-25,131.406
2007-05-28,131.429
2007-05-29,131.369
2007-05-30,131.285
2007-05-31,131.506
2007-06-01,131.686
2007-06-04,131.633
2007-06-05,131.114
2007-06-06,130.012
2007-06-07,128.393
2007-06-08,128.439
2007-06-11,128.726
2007-06-12,127.849
2007-06-13,128.378
2007-06-14,128.404
2007-06-15,129.458
2007-06-18,128.897
2007-06-19,129.0
2007-06-20,127.915
2007-06-21,127.687
2007-06-22,126.274
2007-06-25,126.255
2007-06-26,126.736
2007-06-27,127.477
2007-06-28,127.656
2007-06-29,127.698
2007-07-02,128.744
2007-07-03,128.912
2007-07-04,129.025
2007-07-05,128.857
2007-07-06,128.939
2007-07-09,128.783
2007-07-10,128.004
2007-07-11,128.505
2007-07-12,130.01
2007-07-13,130.035
2007-07-16,130.291
2007-07-17,129.819
2007-07-18,128.92
2007-07-19,129.146
2007-07-20,128.43
2007-07-23,128.948
2007-07-24,127.681
2007-07-25,127.663
2007-07-26,125.354
2007-07-27,123.335
2007-07-30,123.746
2007-07-31,123.677
2007-08-01,123.937
2007-08-02,124.883
2007-08-03,123.65
2007-08-06,125.749
2007-08-07,126.277
2007-08-08,127.729
2007-08-09,125.282
2007-08-10,124.065
2007-08-13,124.355
2007-08-14,123.085
2007-08-15,122.186
2007-08-16,120.957
2007-08-17,122.334
2007-08-20,122.688
2007-08-21,123.018
2007-08-22,123.882
2007-08-23,124.467
2007-08-24,125.294
2007-08-27,125.139
2007-08-28,123.723
2007-08-29,124.474
2007-08-30,124.492
2007-08-31,125.553
2007-09-03,125.54
2007-09-04,126.427
2007-09-05,125.69
2007-09-06,126.442
2007-09-07,125.54
2007-09-10,125.325
2007-09-11,126.721
2007-09-12,127.319
2007-09-13,127.915
2007-09-14,127.274
2007-09-17,126.373
2007-09-18,127.746
2007-09-19,129.203
2007-09-20,129.156
2007-09-21,129.51
2007-09-24,129.318
2007-09-25,129.321
2007-09-26,129.586
2007-09-27,129.776
2007-09-28,129.621
2007-10-01,130.793
2007-10-02,130.502
2007-10-03,130.557
2007-10-04,130.956
2007-10-05,131.742
2007-10-08,131.199
2007-10-09,131.878
2007-10-10,131.964
2007-10-11,131.563
2007-10-12,131.503
2007-10-15,130.677
2007-10-16,129.381
2007-10-17,129.477
2007-10-18,129.704
2007-10-19,128.033
2007-10-22,127.635
2007-10-23,129.038
2007-10-24,128.511
2007-10-25,128.773
2007-10-26,129.119
2007-10-29,129.453
2007-10-30,128.857
2007-10-31,130.288
2007-11-01,128.74
2007-11-02,128.22
2007-11-05,127.98
2007-11-06,128.529
2007-11-07,127.094
2007-11-08,127.244
2007-11-09,126.647
2007-11-12,126.542
2007-11-13,128.262
2007-11-14,128.57
2007-11-15,127.857
2007-11-16,128.009
2007-11-19,126.91
2007-11-20,127.872
2007-11-21,126.228
2007-11-22,127.869
2007-11-23,129.501
2007-11-26,128.412
2007-11-27,130.213
2007-11-28,131.704
2007-11-29,132.295
2007-11-30,132.682
2007-12-03,131.847
2007-12-04,131.695
2007-12-05,132.714
2007-12-06,132.77
2007-12-07,132.86
2007-12-10,133.236
2007-12-11,131.797
2007-12-12,131.94
2007-12-13,130.851
2007-12-14,129.837
2007-12-17,128.157
2007-12-18,128.539
2007-12-19,128.001
2007-12-20,128.361
2007-12-21,129.228
2007-12-24,129.363
2007-12-25,129.439
2007-12-26,129.646
2007-12-27,128.687
2007-12-28,128.892
2007-12-31,128.111
2008-01-01,128.111
2008-01-02,127.606
2008-01-03,127.848
2008-01-04,126.552
2008-01-07,128.657
2008-01-08,130.521
2008-01-09,132.553
2008-01-10,132.857
2008-01-11,132.545
2008-01-14,132.254
2008-01-15,130.116
2008-01-16,130.379
2008-01-17,128.402
2008-01-18,126.833
2008-01-21,124.952
2008-01-22,122.318
2008-01-23,121.535
2008-01-24,122.274
2008-01-25,120.724
2008-01-28,121.75
2008-01-29,122.186
2008-01-30,121.156
2008-01-31,122.291
2008-02-01,123.252
2008-02-04,123.32
2008-02-05,120.751
2008-02-06,120.809
2008-02-07,120.03
2008-02-08,119.126
2008-02-11,119.012
2008-02-12,120.541
2008-02-13,121.106
2008-02-14,120.338
2008-02-15,120.557
2008-02-18,120.692
2008-02-19,121.333
2008-02-20,120.496
2008-02-21,120.322
2008-02-22,120.334
2008-02-25,122.413
2008-02-26,122.988
2008-02-27,122.971
2008-02-28,121.979
2008-02-29,120.348
2008-03-03,120.1
2008-03-04,119.701
2008-03-05,119.719
2008-03-06,118.075
2008-03-07,116.968
2008-03-10,115.634
2008-03-11,115.296
2008-03-12,115.69
2008-03-13,115.672
2008-03-14,113.723
2008-03-17,113.029
2008-03-18,115.592
2008-03-19,114.938
2008-03-20,115.742
2008-03-21,115.826
2008-03-24,116.034
2008-03-25,117.368
2008-03-26,116.85
2008-03-27,117.153
2008-03-28,116.657
2008-03-31,116.602
2008-04-01,118.724
2008-04-02,118.833
2008-04-03,118.701
2008-04-04,120.011
2008-04-07,120.009
2008-04-08,119.223
2008-04-09,118.294
2008-04-10,119.058
2008-04-11,117.302
2008-04-14,116.428
2008-04-15,116.259
2008-04-16,117.304
2008-04-17,116.062
2008-04-18,117.024
2008-04-21,117.349
2008-04-22,116.426
2008-04-23,117.542
2008-04-24,117.456
2008-04-25,118.664
2008-04-28,118.803
2008-04-29,117.697
2008-04-30,117.579
2008-05-01,118.53
2008-05-02,118.898
2008-05-05,118.653
2008-05-06,118.479
2008-05-07,117.258
2008-05-08,117.659
2008-05-09,116.659
2008-05-12,117.298
2008-05-13,116.964
2008-05-14,117.332
2008-05-15,117.907
2008-05-16,118.578
2008-05-19,119.256
2008-05-20,119.149
2008-05-21,118.688
2008-05-22,119.051
2008-05-23,118.024
2008-05-26,117.714
2008-05-27,118.235
2008-05-28,118.027
2008-05-29,119.43
2008-05-30,119.688
2008-06-02,119.175
2008-06-03,119.237
2008-06-04,119.134
2008-06-05,119.78
2008-06-06,117.773
2008-06-09,116.988
2008-06-10,115.803
2008-06-11,114.685
2008-06-12,114.618
2008-06-13,115.42
2008-06-16,115.378
2008-06-17,115.029
2008-06-18,114.872
2008-06-19,115.18
2008-06-20,114.194
2008-06-23,114.378
2008-06-24,115.026
2008-06-25,115.913
2008-06-26,114.82
2008-06-27,114.8
2008-06-30,116.115
2008-07-01,116.279
2008-07-02,116.813
2008-07-03,116.868
2008-07-04,116.656
2008-07-07,116.359
2008-07-08,118.808
2008-07-09,119.462
2008-07-10,119.663
2008-07-11,117.981
2008-07-14,117.511
2008-07-15,118.719
2008-07-16,118.751
2008-07-17,119.257
2008-07-18,119.169
2008-07-21,118.638
2008-07-22,119.831
2008-07-23,120.284
2008-07-24,120.367
2008-07-25,121.287
2008-07-28,120.185
2008-07-29,120.451
2008-07-30,120.631
2008-07-31,121.241
2008-08-01,120.189
2008-08-04,121.579
2008-08-05,123.842
2008-08-06,123.722
2008-08-07,122.387
2008-08-08,123.879
2008-08-11,124.082
2008-08-12,123.55
2008-08-13,123.107
2008-08-14,123.471
2008-08-15,123.856
2008-08-18,122.974
2008-08-19,121.959
2008-08-20,121.375
2008-08-21,121.348
2008-08-22,122.286
2008-08-25,121.109
2008-08-26,121.067
2008-08-27,121.138
2008-08-28,122.397
2008-08-29,121.775
2008-09-01,121.433
2008-09-02,121.476
2008-09-03,121.017
2008-09-04,118.277
2008-09-05,117.408
2008-09-08,118.659
2008-09-09,117.591
2008-09-10,118.205
2008-09-11,118.473
2008-09-12,119.032
2008-09-15,117.247
2008-09-16,116.43
2008-09-17,114.162
2008-09-18,115.515
2008-09-19,116.512
2008-09-22,114.551
2008-09-23,114.647
2008-09-24,114.739
2008-09-25,116.76
2008-09-26,116.753
2008-09-29,111.088
2008-09-30,112.947
2008-10-01,113.614
2008-10-02,112.111
2008-10-03,112.349
2008-10-06,107.036
2008-10-07,105.048
2008-10-08,101.995
2008-10-09,95.689
2008-10-10,90.638
2008-10-13,100.173
2008-10-14,101.362
2008-10-15,96.643
2008-10-16,97.265
2008-10-17,99.682
2008-10-20,102.689
2008-10-21,101.34
2008-10-22,96.891
2008-10-23,98.045
2008-10-24,95.091
2008-10-27,92.327
2008-10-28,96.661
2008-10-29,97.83
2008-10-30,99.127
2008-10-31,100.571
2008-11-03,101.505
2008-11-04,103.46
2008-11-05,99.962
2008-11-06,96.588
2008-11-07,98.956
2008-11-10,99.223
2008-11-11,97.419
2008-11-12,95.061
2008-11-13,98.311
2008-11-14,96.968
2008-11-17,94.876
2008-11-18,95.554
2008-11-19,91.948
2008-11-20,86.771
2008-11-21,87.318
2008-11-24,91.407
2008-11-25,91.798
2008-11-26,91.947
2008-11-27,92.053
2008-11-28,93.645
2008-12-01,89.114
2008-12-02,90.948
2008-12-03,93.231
2008-12-04,91.879
2008-12-05,93.285
2008-12-08,95.661
2008-12-09,94.202
2008-12-10,94.207
2008-12-11,94.49
2008-12-12,94.666
2008-12-15,94.645
2008-12-16,97.49
2008-12-17,98.388
2008-12-18,99.136
2008-12-19,98.76
2008-12-22,98.407
2008-12-23,97.946
2008-12-24,97.887
2008-12-25,97.978
2008-12-26,98.146
2008-12-29,98.744
2008-12-30,100.308
2008-12-31,100.567
2009-01-01,100.567
2009-01-02,102.077
2009-01-05,101.008
2009-01-06,100.06
2009-01-07,100.149
2009-01-08,100.564
2009-01-09,99.92
2009-01-12,98.651
2009-01-13,98.701
2009-01-14,97.478
2009-01-15,97.38
2009-01-16,98.385
2009-01-19,98.412
2009-01-20,96.094
2009-01-21,96.902
2009-01-22,97.08
2009-01-23,96.75
2009-01-26,97.573
2009-01-27,98.768
2009-01-28,99.186
2009-01-29,97.739
2009-01-30,96.889
2009-02-02,97.189
2009-02-03,99.316
2009-02-04,98.466
2009-02-05,98.892
2009-02-06,99.393
2009-02-09,99.512
2009-02-10,97.307
2009-02-11,97.99
2009-02-12,98.179
2009-02-13,97.91
2009-02-16,97.705
2009-02-17,95.618
2009-02-18,95.367
2009-02-19,95.101
2009-02-20,93.812
2009-02-23,92.61
2009-02-24,93.002
2009-02-25,91.382
2009-02-26,88.214
2009-02-27,85.28
2009-03-02,81.769
2009-03-03,81.36
2009-03-04,82.853
2009-03-05,81.327
2009-03-06,81.815
2009-03-09,81.11
2009-03-10,83.571
2009-03-11,82.557
2009-03-12,85.322
2009-03-13,87.568
2009-03-16,87.569
2009-03-17,88.259
2009-03-18,88.433
2009-03-19,87.847
2009-03-20,87.794
2009-03-23,90.146
2009-03-24,89.557
2009-03-25,90.282
2009-03-26,91.132
2009-03-27,89.942
2009-03-30,89.107
2009-03-31,90.221
2009-04-01,90.048
2009-04-02,91.196
2009-04-03,89.155
2009-04-06,89.29
2009-04-07,88.819
2009-04-08,89.039
2009-04-09,89.332
2009-04-10,89.323
2009-04-13,89.761
2009-04-14,89.336
2009-04-15,89.874
2009-04-16,90.526
2009-04-17,90.814
2009-04-20,89.246
2009-04-21,88.88
2009-04-22,87.528
2009-04-23,87.512
2009-04-24,88.492
2009-04-27,89.531
2009-04-28,89.373
2009-04-29,90.15
2009-04-30,90.189
2009-05-01,89.931
2009-05-04,91.31
2009-05-05,91.527
2009-05-06,91.415
2009-05-07,92.899
2009-05-08,93.693
2009-05-11,93.494
2009-05-12,94.681
2009-05-13,95.119
2009-05-14,95.189
2009-05-15,94.404
2009-05-18,95.08
2009-05-19,95.099
2009-05-20,96.046
2009-05-21,95.159
2009-05-22,95.17
2009-05-25,95.486
2009-05-26,96.441
2009-05-27,95.64
2009-05-28,95.506
2009-05-29,96.992
2009-06-01,97.646
2009-06-02,98.291
2009-06-03,97.644
2009-06-04,97.049
2009-06-05,96.333
2009-06-08,95.499
2009-06-09,95.805
2009-06-10,95.665
2009-06-11,96.877
2009-06-12,97.828
2009-06-15,95.385
2009-06-16,95.644
2009-06-17,96.93
2009-06-18,98.559
2009-06-19,99.131
2009-06-22,97.38
2009-06-23,97.619
2009-06-24,98.135
2009-06-25,98.985
2009-06-26,99.228
2009-06-29,99.663
2009-06-30,99.07
2009-07-01,99.652
2009-07-02,97.427
2009-07-03,97.253
2009-07-06,97.848
2009-07-07,97.632
2009-07-08,98.01
2009-07-09,97.552
2009-07-10,96.739
2009-07-13,97.931
2009-07-14,98.198
2009-07-15,99.17
2009-07-16,100.243
2009-07-17,99.991
2009-07-20,100.826
2009-07-21,102.258
2009-07-22,102.055
2009-07-23,104.005
2009-07-24,104.897
2009-07-27,105.082
2009-07-28,105.502
2009-07-29,105.614
2009-07-30,105.998
2009-07-31,105.858
2009-08-03,106.81
2009-08-04,106.787
2009-08-05,105.987
2009-08-06,105.111
2009-08-07,105.595
2009-08-10,105.91
2009-08-11,105.586
2009-08-12,106.226
2009-08-13,106.311
2009-08-14,105.939
2009-08-17,105.349
2009-08-18,105.582
2009-08-19,106.85
2009-08-20,107.446
2009-08-21,108.683
2009-08-24,108.999
2009-08-25,109.388
2009-08-26,109.042
2009-08-27,109.141
2009-08-28,108.994
2009-08-31,108.732
2009-09-01,107.616
2009-09-02,107.324
2009-09-03,106.981
2009-09-04,107.905
2009-09-07,108.499
2009-09-08,108.732
2009-09-09,109.662
2009-09-10,110.237
2009-09-11,110.518
2009-09-14,110.949
2009-09-15,110.211
2009-09-16,111.17
2009-09-17,111.493
2009-09-18,111.418
2009-09-21,111.768
2009-09-22,112.167
2009-09-23,111.265
2009-09-24,110.394
2009-09-25,110.388
2009-09-28,111.718
2009-09-29,111.502
2009-09-30,111.319
2009-10-01,109.682
2009-10-02,109.182
2009-10-05,109.65
2009-10-06,110.678
2009-10-07,110.565
2009-10-08,111.067
2009-10-09,111.569
2009-10-12,112.395
2009-10-13,111.418
2009-10-14,113.039
2009-10-15,113.742
2009-10-16,112.887
2009-10-19,114.331
2009-10-20,113.407
2009-10-21,112.638
2009-10-22,112.859
2009-10-23,111.768
2009-10-26,110.758
2009-10-27,111.343
2009-10-28,110.336
2009-10-29,110.902
2009-10-30,109.728
2009-11-02,109.949
2009-11-03,109.492
2009-11-04,110.859
2009-11-05,112.071
2009-11-06,112.355
2009-11-09,114.378
2009-11-10,114.779
2009-11-11,114.933
2009-11-12,114.345
2009-11-13,114.634
2009-11-16,116.112
2009-11-17,115.746
2009-11-18,116.138
2009-11-19,115.168
2009-11-20,115.547
2009-11-23,117.354
2009-11-24,117.771
2009-11-25,118.848
2009-11-26,118.138
2009-11-27,117.363
2009-11-30,117.125
2009-12-01,119.044
2009-12-02,119.414
2009-12-03,119.064
2009-12-04,119.055
2009-12-07,118.572
2009-12-08,117.727
2009-12-09,117.91
2009-12-10,118.841
2009-12-11,118.726
2009-12-14,119.69
2009-12-15,119.38
2009-12-16,119.774
2009-12-17,118.205
2009-12-18,118.458
2009-12-21,119.444
2009-12-22,119.969
2009-12-23,120.281
2009-12-24,120.359
2009-12-25,120.325
2009-12-28,120.853
2009-12-29,120.941
2009-12-30,120.209
2009-12-31,119.56
2010-01-01,119.56
2010-01-04,121.274
2010-01-05,120.15
2010-01-06,120.394
2010-01-07,120.395
2010-01-08,120.504
2010-01-11,121.737
2010-01-12,121.228
2010-01-13,122.375
2010-01-14,123.543
2010-01-15,122.641
2010-01-18,122.853
2010-01-19,124.672
2010-01-20,123.828
2010-01-21,121.814
2010-01-22,120.861
2010-01-25,120.401
2010-01-26,120.433
2010-01-27,120.695
2010-01-28,119.385
2010-01-29,118.641
2010-02-01,118.995
2010-02-02,120.801
2010-02-03,119.965
2010-02-04,117.389
2010-02-05,116.017
2010-02-08,116.328
2010-02-09,116.685
2010-02-10,116.08
2010-02-11,116.877
2010-02-12,116.909
2010-02-15,117.005
2010-02-16,117.957
2010-02-17,118.826
2010-02-18,119.314
2010-02-19,119.015
2010-02-22,118.934
2010-02-23,117.883
2010-02-24,118.612
2010-02-25,118.067
2010-02-26,118.767
2010-03-01,119.527
2010-03-02,120.354
2010-03-03,120.45
2010-03-04,119.944
2010-03-05,121.007
2010-03-08,120.797
2010-03-09,120.758
2010-03-10,120.837
2010-03-11,121.188
2010-03-12,120.916
2010-03-15,121.1
2010-03-16,121.734
2010-03-17,121.747
2010-03-18,122.174
2010-03-19,122.2
2010-03-22,122.765
2010-03-23,122.923
2010-03-24,121.854
2010-03-25,121.5
2010-03-26,120.775
2010-03-29,121.495
2010-03-30,121.414
2010-03-31,121.434
2010-04-01,122.002
2010-04-02,121.981
2010-04-05,121.567
2010-04-06,120.984
2010-04-07,120.799
2010-04-08,120.694
2010-04-09,121.51
2010-04-12,121.658
2010-04-13,121.641
2010-04-14,121.517
2010-04-15,121.568
2010-04-16,120.827
2010-04-19,121.087
2010-04-20,121.524
2010-04-21,119.948
2010-04-22,118.216
2010-04-23,118.961
2010-04-26,118.363
2010-04-27,116.694
2010-04-28,116.499
2010-04-29,117.789
2010-04-30,116.954
2010-05-03,116.997
2010-05-04,115.809
2010-05-05,115.472
2010-05-06,113.193
2010-05-07,110.84
2010-05-10,114.207
2010-05-11,113.88
2010-05-12,114.702
2010-05-13,113.937
2010-05-14,111.817
2010-05-17,111.628
2010-05-18,111.207
2010-05-19,110.503
2010-05-20,107.605
2010-05-21,107.283
2010-05-24,106.93
2010-05-25,105.835
2010-05-26,105.855
2010-05-27,107.752
2010-05-28,107.801
2010-05-31,107.832
2010-06-01,107.366
2010-06-02,108.97
2010-06-03,109.968
2010-06-04,107.246
2010-06-07,106.486
2010-06-08,106.426
2010-06-09,106.682
2010-06-10,108.539
2010-06-11,109.37
2010-06-14,110.187
2010-06-15,111.552
2010-06-16,112.029
2010-06-17,112.244
2010-06-18,111.835
2010-06-21,111.772
2010-06-22,110.987
2010-06-23,110.294
2010-06-24,109.908
2010-06-25,109.812
2010-06-28,110.267
2010-06-29,108.074
2010-06-30,108.116
2010-07-01,107.23
2010-07-02,107.37
2010-07-05,107.101
2010-07-06,108.245
2010-07-07,109.52
2010-07-08,110.597
2010-07-09,110.863
2010-07-12,110.743
2010-07-13,111.792
2010-07-14,112.231
2010-07-15,112.843
2010-07-16,110.639
2010-07-19,110.659
2010-07-20,110.095
2010-07-21,108.755
2010-07-22,109.714
2010-07-23,109.179
2010-07-26,109.978
2010-07-27,109.924
2010-07-28,109.25
2010-07-29,109.145
2010-07-30,109.075
2010-08-02,111.334
2010-08-03,112.345
2010-08-04,112.737
2010-08-05,113.092
2010-08-06,113.623
2010-08-09,114.098
2010-08-10,114.002
2010-08-11,111.465
2010-08-12,111.726
2010-08-13,111.488
2010-08-16,111.594
2010-08-17,112.494
2010-08-18,112.549
2010-08-19,111.146
2010-08-20,110.208
2010-08-23,110.599
2010-08-24,108.973
2010-08-25,109.356
2010-08-26,109.168
2010-08-27,110.07
2010-08-30,109.671
2010-08-31,109.342
2010-09-01,111.731
2010-09-02,112.165
2010-09-03,113.072
2010-09-06,113.285
2010-09-07,112.717
2010-09-08,113.306
2010-09-09,114.327
2010-09-10,114.982
2010-09-13,115.644
2010-09-14,116.347
2010-09-15,116.768
2010-09-16,116.301
2010-09-17,116.207
2010-09-20,117.603
2010-09-21,117.672
2010-09-22,118.111
2010-09-23,117.738
2010-09-24,119.154
2010-09-27,118.339
2010-09-28,119.025
2010-09-29,118.761
2010-09-30,118.466
2010-10-01,118.652
2010-10-04,117.624
2010-10-05,119.759
2010-10-06,119.74
2010-10-07,120.217
2010-10-08,120.541
2010-10-11,120.528
2010-10-12,120.401
2010-10-13,121.596
2010-10-14,121.797
2010-10-15,122.028
2010-10-18,122.678
2010-10-19,120.492
2010-10-20,121.73
2010-10-21,121.723
2010-10-22,121.325
2010-10-25,121.979
2010-10-26,121.228
2010-10-27,120.589
2010-10-28,121.134
2010-10-29,120.813
2010-11-01,120.903
2010-11-02,121.84
2010-11-03,121.723
2010-11-04,122.937
2010-11-05,122.543
2010-11-08,121.956
2010-11-09,121.711
2010-11-10,121.041
2010-11-11,121.004
2010-11-12,119.923
2010-11-15,119.911
2010-11-16,118.429
2010-11-17,118.891
2010-11-18,120.552
2010-11-19,120.606
2010-11-22,120.412
2010-11-23,118.603
2010-11-24,119.249
2010-11-25,119.205
2010-11-26,118.47
2010-11-29,117.405
2010-11-30,116.571
2010-12-01,118.333
2010-12-02,119.315
2010-12-03,119.915
2010-12-06,119.167
2010-12-07,119.499
2010-12-08,119.569
2010-12-09,119.947
2010-12-10,120.737
2010-12-13,121.328
2010-12-14,122.423
2010-12-15,122.35
2010-12-16,122.545
2010-12-17,122.14
2010-12-20,122.121
2010-12-21,122.186
2010-12-22,122.306
2010-12-23,122.423
2010-12-24,122.527
2010-12-27,122.315
2010-12-28,122.557
2010-12-29,122.655
2010-12-30,122.325
2010-12-31,122.44
2011-01-03,123.064
2011-01-04,123.471
2011-01-05,123.0
2011-01-06,123.425
2011-01-07,123.118
2011-01-10,122.599
2011-01-11,123.075
2011-01-12,124.12
2011-01-13,124.203
2011-01-14,124.094
2011-01-17,124.13
2011-01-18,124.781
2011-01-19,124.327
2011-01-20,123.469
2011-01-21,123.976
2011-01-24,124.667
2011-01-25,124.681
2011-01-26,124.981
2011-01-27,124.958
2011-01-28,123.021
2011-01-31,123.195
2011-02-01,125.135
2011-02-02,125.015
2011-02-03,124.829
2011-02-04,125.062
2011-02-07,125.184
2011-02-08,125.686
2011-02-09,125.401
2011-02-10,125.309
2011-02-11,125.355
2011-02-14,125.669
2011-02-15,125.76
2011-02-16,126.266
2011-02-17,126.889
2011-02-18,127.392
2011-02-21,127.286
2011-02-22,125.692
2011-02-23,125.099
2011-02-24,125.127
2011-02-25,125.894
2011-02-28,127.203
2011-03-01,126.782
2011-03-02,126.925
2011-03-03,128.708
2011-03-04,128.744
2011-03-07,127.838
2011-03-08,127.906
2011-03-09,128.076
2011-03-10,126.506
2011-03-11,126.626
2011-03-14,125.791
2011-03-15,123.379
2011-03-16,121.636
2011-03-17,123.391
2011-03-18,123.925
2011-03-21,124.903
2011-03-22,125.225
2011-03-23,125.017
2011-03-24,126.387
2011-03-25,126.714
2011-03-28,126.478
2011-03-29,126.935
2011-03-30,128.088
2011-03-31,128.144
2011-04-01,128.714
2011-04-04,129.669
2011-04-05,129.283
2011-04-06,129.689
2011-04-07,129.552
2011-04-08,130.117
2011-04-11,130.682
2011-04-12,130.403
2011-04-13,130.752
2011-04-14,130.994
2011-04-15,131.911
2011-04-18,130.108
2011-04-19,131.245
2011-04-20,133.376
2011-04-21,133.936
2011-04-22,133.845
2011-04-25,133.741
2011-04-26,134.685
2011-04-27,135.778
2011-04-28,137.054
2011-04-29,137.289
2011-05-02,138.539
2011-05-03,138.262
2011-05-04,138.226
2011-05-05,137.251
2011-05-06,138.141
2011-05-09,138.058
2011-05-10,138.883
2011-05-11,138.927
2011-05-12,139.573
2011-05-13,139.578
2011-05-16,139.766
2011-05-17,138.826
2011-05-18,140.072
2011-05-19,140.07
2011-05-20,139.168
2011-05-23,137.385
2011-05-24,137.48
2011-05-25,137.743
2011-05-26,138.022
2011-05-27,138.799
2011-05-30,138.918
2011-05-31,140.676
2011-06-01,139.413
2011-06-02,138.632
2011-06-03,137.986
2011-06-06,137.497
2011-06-07,137.849
2011-06-08,137.339
2011-06-09,137.91
2011-06-10,135.531
2011-06-13,136.108
2011-06-14,137.371
2011-06-15,135.498
2011-06-16,134.867
2011-06-17,135.376
2011-06-20,136.032
2011-06-21,136.8
2011-06-22,136.463
2011-06-23,135.202
2011-06-24,134.394
2011-06-27,134.911
2011-06-28,136.546
2011-06-29,137.415
2011-06-30,138.318
2011-07-01,139.288
2011-07-04,139.618
2011-07-05,139.451
2011-07-06,139.565
2011-07-07,139.688
2011-07-08,139.391
2011-07-11,137.345
2011-07-12,137.361
2011-07-13,138.401
2011-07-14,138.017
2011-07-15,137.951
2011-07-18,136.648
2011-07-19,138.059
2011-07-20,138.043
2011-07-21,139.93
2011-07-22,139.904
2011-07-25,139.344
2011-07-26,138.942
2011-07-27,136.921
2011-07-28,136.545
2011-07-29,136.027
2011-08-01,134.07
2011-08-02,131.346
2011-08-03,130.953
2011-08-04,126.213
2011-08-05,125.511
2011-08-08,120.071
2011-08-09,123.111
2011-08-10,118.875
2011-08-11,122.746
2011-08-12,124.595
2011-08-15,126.737
2011-08-16,126.652
2011-08-17,127.23
2011-08-18,123.185
2011-08-19,122.717
2011-08-22,123.447
2011-08-23,126.315
2011-08-24,127.492
2011-08-25,125.241
2011-08-26,126.037
2011-08-29,128.627
2011-08-30,128.931
2011-08-31,130.557
2011-09-01,130.222
2011-09-02,127.602
2011-09-05,125.939
2011-09-06,125.603
2011-09-07,128.397
2011-09-08,127.616
2011-09-09,124.122
2011-09-12,123.055
2011-09-13,124.108
2011-09-14,125.08
2011-09-15,126.612
2011-09-16,127.024
2011-09-19,125.438
2011-09-20,127.067
2011-09-21,124.743
2011-09-22,121.453
2011-09-23,122.062
2011-09-26,123.832
2011-09-27,126.406
2011-09-28,124.943
2011-09-29,125.754
2011-09-30,124.159
2011-10-03,121.34
2011-10-04,121.258
2011-10-05,122.723
2011-10-06,124.357
2011-10-07,124.68
2011-10-10,127.317
2011-10-11,126.97
2011-10-12,127.577
2011-10-13,126.991
2011-10-14,128.076
2011-10-17,126.364
2011-10-18,126.625
2011-10-19,126.853
2011-10-20,126.581
2011-10-21,129.227
2011-10-24,130.259
2011-10-25,128.212
2011-10-26,129.2
2011-10-27,132.536
2011-10-28,133.269
2011-10-31,130.543
2011-11-01,127.147
2011-11-02,127.883
2011-11-03,129.414
2011-11-04,128.81
2011-11-07,129.254
2011-11-08,130.386
2011-11-09,127.333
2011-11-10,128.103
2011-11-11,130.439
2011-11-14,129.627
2011-11-15,129.59
2011-11-16,128.274
2011-11-17,127.091
2011-11-18,126.573
2011-11-21,124.0
2011-11-22,123.909
2011-11-23,122.261
2011-11-24,121.491
2011-11-25,121.38
2011-11-28,124.555
2011-11-29,125.298
2011-11-30,129.785
2011-12-01,129.802
2011-12-02,128.897
2011-12-05,129.135
2011-12-06,129.456
2011-12-07,130.236
2011-12-08,128.862
2011-12-09,130.203
2011-12-12,128.773
2011-12-13,128.776
2011-12-14,127.739
2011-12-15,129.502
2011-12-16,129.622
2011-12-19,129.49
2011-12-20,131.708
2011-12-21,132.01
2011-12-22,132.723
2011-12-23,133.666
2011-12-26,133.684
2011-12-27,133.908
2011-12-28,132.632
2011-12-29,133.555
2011-12-30,134.017
2012-01-02,134.363
2012-01-03,136.131
2012-01-04,135.254
2012-01-05,135.033
2012-01-06,135.069
2012-01-09,135.007
2012-01-10,136.19
2012-01-11,135.824
2012-01-12,136.155
2012-01-13,135.178
2012-01-16,135.588
2012-01-17,136.639
2012-01-18,137.467
2012-01-19,137.564
2012-01-20,137.079
2012-01-23,136.958
2012-01-24,136.889
2012-01-25,137.091
2012-01-26,137.622
2012-01-27,137.079
2012-01-30,136.9
2012-01-31,137.076
2012-02-01,138.628
2012-02-02,138.138
2012-02-03,138.847
2012-02-06,138.473
2012-02-07,139.331
2012-02-08,139.029
2012-02-09,138.986
2012-02-10,138.275
2012-02-13,139.447
2012-02-14,139.246
2012-02-15,139.419
2012-02-16,139.71
2012-02-17,139.645
2012-02-20,139.91
2012-02-21,139.372
2012-02-22,139.09
2012-02-23,139.712
2012-02-24,140.219
2012-02-27,140.07
2012-02-28,140.593
2012-02-29,139.86
2012-03-01,140.505
2012-03-02,139.934
2012-03-05,140.13
2012-03-06,137.999
2012-03-07,138.468
2012-03-08,140.27
2012-03-09,140.6
2012-03-12,140.568
2012-03-13,142.121
2012-03-14,141.56
2012-03-15,141.936
2012-03-16,142.149
2012-03-19,142.488
2012-03-20,141.929
2012-03-21,141.85
2012-03-22,141.514
2012-03-23,141.722
2012-03-26,143.617
2012-03-27,143.757
2012-03-28,143.386
2012-03-29,143.247
2012-03-30,144.145
2012-04-02,145.491
2012-04-03,145.437
2012-04-04,143.364
2012-04-05,143.163
2012-04-06,143.221
2012-04-09,142.091
2012-04-10,140.63
2012-04-11,140.814
2012-04-12,141.841
2012-04-13,140.417
2012-04-16,140.91
2012-04-17,142.959
2012-04-18,142.825
2012-04-19,143.038
2012-04-20,144.234
2012-04-23,142.703
2012-04-24,143.372
2012-04-25,144.235
2012-04-26,144.318
2012-04-27,144.656
2012-04-30,144.583
2012-05-01,144.903
2012-05-02,144.664
2012-05-03,144.489
2012-05-04,142.902
2012-05-07,142.749
2012-05-08,142.492
2012-05-09,141.381
2012-05-10,141.978
2012-05-11,142.214
2012-05-14,140.833
2012-05-15,140.002
2012-05-16,139.932
2012-05-17,138.696
2012-05-18,137.657
2012-05-21,138.797
2012-05-22,139.022
2012-05-23,137.221
2012-05-24,138.229
2012-05-25,138.411
2012-05-28,138.515
2012-05-29,138.821
2012-05-30,137.402
2012-05-31,137.218
2012-06-01,134.95
2012-06-04,135.299
2012-06-05,135.721
2012-06-06,137.584
2012-06-07,138.141
2012-06-08,138.46
2012-06-11,137.949
2012-06-12,138.828
2012-06-13,139.362
2012-06-14,140.514
2012-06-15,141.195
2012-06-18,141.831
2012-06-19,143.829
2012-06-20,143.619
2012-06-21,142.18
2012-06-22,142.79
2012-06-25,141.403
2012-06-26,141.847
2012-06-27,143.092
2012-06-28,142.536
2012-06-29,145.792
2012-07-02,146.332
2012-07-03,146.835
2012-07-04,146.67
2012-07-05,145.659
2012-07-06,144.679
2012-07-09,145.32
2012-07-10,144.648
2012-07-11,144.591
2012-07-12,144.302
2012-07-13,145.893
2012-07-16,146.257
2012-07-17,147.636
2012-07-18,148.8
2012-07-19,149.252
2012-07-20,147.199
2012-07-23,145.175
2012-07-24,143.896
2012-07-25,144.383
2012-07-26,146.607
2012-07-27,149.443
2012-07-30,149.179
2012-07-31,148.972
2012-08-01,149.012
2012-08-02,147.482
2012-08-03,149.598
2012-08-06,149.716
2012-08-07,149.856
2012-08-08,149.965
2012-08-09,149.805
2012-08-10,150.112
2012-08-13,149.853
2012-08-14,150.655
2012-08-15,151.02
2012-08-16,150.883
2012-08-17,149.763
2012-08-20,150.164
2012-08-21,150.292
2012-08-22,149.764
2012-08-23,149.951
2012-08-24,150.791
2012-08-27,150.91
2012-08-28,150.612
2012-08-29,150.66
2012-08-30,150.017
2012-08-31,150.66
2012-09-03,150.938
2012-09-04,150.561
2012-09-05,151.262
2012-09-06,153.53
2012-09-07,153.753
2012-09-10,152.941
2012-09-11,153.572
2012-09-12,153.613
2012-09-13,154.804
2012-09-14,154.847
2012-09-17,155.217
2012-09-18,155.399
2012-09-19,155.932
2012-09-20,156.019
2012-09-21,157.152
2012-09-24,157.238
2012-09-25,157.572
2012-09-26,156.131
2012-09-27,157.36
2012-09-28,156.358
2012-10-01,157.766
2012-10-02,158.149
2012-10-03,158.506
2012-10-04,159.683
2012-10-05,160.372
2012-10-08,159.659
2012-10-09,157.997
2012-10-10,156.827
2012-10-11,157.112
2012-10-12,156.998
2012-10-15,158.509
2012-10-16,160.498
2012-10-17,160.85
2012-10-18,160.982
2012-10-19,158.979
2012-10-22,158.765
2012-10-23,155.974
2012-10-24,156.157
2012-10-25,157.168
2012-10-26,156.76
2012-10-29,156.374
2012-10-30,156.941
2012-10-31,155.647
2012-11-01,156.802
2012-11-02,155.817
2012-11-05,155.766
2012-11-06,156.011
2012-11-07,153.535
2012-11-08,152.292
2012-11-09,152.942
2012-11-12,153.033
2012-11-13,152.88
2012-11-14,151.4
2012-11-15,150.579
2012-11-16,150.727
2012-11-19,152.784
2012-11-20,153.327
2012-11-21,153.54
2012-11-22,154.043
2012-11-23,155.751
2012-11-26,155.029
2012-11-27,154.763
2012-11-28,155.671
2012-11-29,156.973
2012-11-30,156.925
2012-12-03,157.119
2012-12-04,157.609
2012-12-05,158.019
2012-12-06,158.19
2012-12-07,158.448
2012-12-10,159.278
2012-12-11,160.758
2012-12-12,160.504
2012-12-13,159.316
2012-12-14,158.931
2012-12-17,159.603
2012-12-18,160.752
2012-12-19,159.782
2012-12-20,159.742
2012-12-21,158.894
2012-12-24,158.514
2012-12-25,158.512
2012-12-26,158.091
2012-12-27,157.754
2012-12-28,156.44
2012-12-31,157.518
2013-01-01,157.533
2013-01-02,159.969
2013-01-03,160.083
2013-01-04,160.771
2013-01-07,161.126
2013-01-08,161.458
2013-01-09,162.651
2013-01-10,163.855
2013-01-11,164.343
2013-01-14,164.323
2013-01-15,164.292
2013-01-16,164.118
2013-01-17,165.507
2013-01-18,165.233
2013-01-21,165.423
2013-01-22,165.723
2013-01-23,166.211
2013-01-24,167.242
2013-01-25,168.725
2013-01-28,168.035
2013-01-29,169.297
2013-01-30,169.379
2013-01-31,168.797
2013-02-01,170.103
2013-02-04,168.139
2013-02-05,169.314
2013-02-06,169.276
2013-02-07,167.954
2013-02-08,169.211
2013-02-11,168.444
2013-02-12,169.04
2013-02-13,169.214
2013-02-14,168.987
2013-02-15,169.132
2013-02-18,169.269
2013-02-19,170.736
2013-02-20,170.537
2013-02-21,168.733
2013-02-22,169.816
2013-02-25,169.05
2013-02-26,168.413
2013-02-27,169.796
2013-02-28,170.477
2013-03-01,170.891
2013-03-04,171.996
2013-03-05,173.792
2013-03-06,173.757
2013-03-07,173.922
2013-03-08,173.827
2013-03-11,174.503
2013-03-12,175.129
2013-03-13,174.7
2013-03-14,175.53
2013-03-15,176.06
2013-03-18,174.58
2013-03-19,174.862
2013-03-20,176.4
2013-03-21,175.721
2013-03-22,176.738
2013-03-25,176.277
2013-03-26,177.882
2013-03-27,178.079
2013-03-28,179.862
2013-03-29,179.861
2013-04-01,179.78
2013-04-02,181.726
2013-04-03,181.315
2013-04-04,181.203
2013-04-05,180.276
2013-04-08,181.115
2013-04-09,181.468
2013-04-10,184.092
2013-04-11,186.017
2013-04-12,185.799
2013-04-15,184.625
2013-04-16,185.925
2013-04-17,184.175
2013-04-18,183.39
2013-04-19,185.481
2013-04-22,185.759
2013-04-23,187.663
2013-04-24,186.173
2013-04-25,186.746
2013-04-26,186.763
2013-04-29,187.793
2013-04-30,187.133
2013-05-01,185.757
2013-05-02,186.383
2013-05-03,187.436
2013-05-06,186.42
2013-05-07,187.074
2013-05-08,188.573
2013-05-09,188.044
2013-05-10,189.116
2013-05-13,190.019
2013-05-14,191.418
2013-05-15,192.261
2013-05-16,191.039
2013-05-17,190.876
2013-05-20,190.443
2013-05-21,191.855
2013-05-22,192.404
2013-05-23,191.01
2013-05-24,191.271
2013-05-27,191.23
2013-05-28,192.226
2013-05-29,189.674
2013-05-30,190.56
2013-05-31,186.983
2013-06-03,186.839
2013-06-04,186.416
2013-06-05,184.12
2013-06-06,185.497
2013-06-07,187.671
2013-06-10,188.218
2013-06-11,187.92
2013-06-12,187.358
2013-06-13,188.25
2013-06-14,188.259
2013-06-17,189.396
2013-06-18,189.938
2013-06-19,188.39
2013-06-20,182.025
2013-06-21,182.683
2013-06-24,180.574
2013-06-25,181.581
2013-06-26,184.403
2013-06-27,185.741
2013-06-28,184.82
2013-07-01,186.011
2013-07-02,185.676
2013-07-03,184.989
2013-07-04,185.921
2013-07-05,186.457
2013-07-08,187.792
2013-07-09,188.22
2013-07-10,189.689
2013-07-11,192.161
2013-07-12,193.274
2013-07-15,193.174
2013-07-16,192.343
2013-07-17,192.527
2013-07-18,193.159
2013-07-19,194.573
2013-07-22,195.441
2013-07-23,194.915
2013-07-24,194.958
2013-07-25,195.434
2013-07-26,195.874
2013-07-29,195.394
2013-07-30,195.258
2013-07-31,195.305
2013-08-01,196.337
2013-08-02,197.171
2013-08-05,196.791
2013-08-06,196.734
2013-08-07,196.58
2013-08-08,197.033
2013-08-09,196.701
2013-08-12,196.002
2013-08-13,196.515
2013-08-14,195.944
2013-08-15,193.099
2013-08-16,192.788
2013-08-19,193.19
2013-08-20,193.943
2013-08-21,192.661
2013-08-22,193.477
2013-08-23,194.143
2013-08-26,194.527
2013-08-27,191.888
2013-08-28,191.289
2013-08-29,191.275
2013-08-30,190.127
2013-09-02,191.292
2013-09-03,191.403
2013-09-04,193.049
2013-09-05,192.771
2013-09-06,193.147
2013-09-09,194.134
2013-09-10,195.227
2013-09-11,196.566
2013-09-12,196.121
2013-09-13,196.135
2013-09-16,197.777
2013-09-17,197.603
2013-09-18,198.62
2013-09-19,199.544
2013-09-20,199.443
2013-09-23,198.126
2013-09-24,197.544
2013-09-25,196.621
2013-09-26,197.113
2013-09-27,197.606
2013-09-30,197.061
2013-10-01,198.832
2013-10-02,198.04
2013-10-03,196.986
2013-10-04,197.924
2013-10-07,196.228
2013-10-08,193.852
2013-10-09,192.765
2013-10-10,196.319
2013-10-11,197.782
2013-10-14,198.889
2013-10-15,198.103
2013-10-16,200.647
2013-10-17,202.774
2013-10-18,202.684
2013-10-21,202.173
2013-10-22,204.407
2013-10-23,204.374
2013-10-24,204.825
2013-10-25,204.854
2013-10-28,205.695
2013-10-29,206.56
2013-10-30,206.14
2013-10-31,204.641
2013-11-01,204.793
2013-11-04,205.213
2013-11-05,204.903
2013-11-06,205.068
2013-11-07,203.077
2013-11-08,204.902
2013-11-11,205.744
2013-11-12,205.739
2013-11-13,206.139
2013-11-14,208.068
2013-11-15,209.165
2013-11-18,208.968
2013-11-19,208.739
2013-11-20,209.11
2013-11-21,209.947
2013-11-22,211.777
2013-11-25,212.497
2013-11-26,211.806
2013-11-27,211.919
2013-11-28,212.384
2013-11-29,212.512
2013-12-02,212.504
2013-12-03,210.896
2013-12-04,209.36
2013-12-05,209.295
2013-12-06,211.403
2013-12-09,211.611
2013-12-10,210.704
2013-12-11,208.37
2013-12-12,206.61
2013-12-13,206.474
2013-12-16,207.325
2013-12-17,206.16
2013-12-18,210.043
2013-12-19,210.541
2013-12-20,211.367
2013-12-23,212.397
2013-12-24,212.158
2013-12-25,212.168
2013-12-26,213.248
2013-12-27,214.233
2013-12-30,214.702
2013-12-31,214.643
2014-01-01,214.656
2014-01-02,212.871
2014-01-03,213.586
2014-01-06,213.043
2014-01-07,214.733
2014-01-08,216.275
2014-01-09,217.151
2014-01-10,218.61
2014-01-13,217.281
2014-01-14,219.009
2014-01-15,219.198
2014-01-16,219.936
2014-01-17,219.96
2014-01-20,220.145
2014-01-21,221.062
2014-01-22,221.392
2014-01-23,220.565
2014-01-24,215.714
2014-01-27,213.755
2014-01-28,215.628
2014-01-29,214.454
2014-01-30,217.419
2014-01-31,216.003
2014-02-03,213.112
2014-02-04,213.419
2014-02-05,213.081
2014-02-06,214.12
2014-02-07,217.598
2014-02-10,219.354
2014-02-11,221.954
2014-02-12,222.044
2014-02-13,223.813
2014-02-14,224.993
2014-02-17,225.238
2014-02-18,227.262
2014-02-19,226.661
2014-02-20,227.711
2014-02-21,228.24
2014-02-24,229.779
2014-02-25,230.029
2014-02-26,229.843
2014-02-27,230.521
2014-02-28,231.102
2014-03-03,227.952
2014-03-04,232.05
2014-03-05,231.598
2014-03-06,230.912
2014-03-07,229.76
2014-03-10,230.173
2014-03-11,229.776
2014-03-12,229.12
2014-03-13,226.557
2014-03-14,225.252
2014-03-17,226.942
2014-03-18,229.289
2014-03-19,228.944
2014-03-20,227.936
2014-03-21,225.912
2014-03-24,222.803
2014-03-25,224.723
2014-03-26,225.068
2014-03-27,224.789
2014-03-28,224.763
2014-03-31,227.019
2014-04-01,227.758
2014-04-02,228.271
2014-04-03,227.485
2014-04-04,225.046
2014-04-07,222.632
2014-04-08,221.409
2014-04-09,224.648
2014-04-10,220.223
2014-04-11,217.218
2014-04-14,217.796
2014-04-15,218.792
2014-04-16,220.456
2014-04-17,220.795
2014-04-18,220.838
2014-04-21,222.264
2014-04-22,225.878
2014-04-23,225.451
2014-04-24,225.022
2014-04-25,223.827
2014-04-28,225.599
2014-04-29,226.875
2014-04-30,227.691
2014-05-01,228.491
2014-05-02,227.201
2014-05-05,228.044
2014-05-06,226.73
2014-05-07,226.777
2014-05-08,226.488
2014-05-09,226.803
2014-05-12,228.564
2014-05-13,228.994
2014-05-14,229.468
2014-05-15,228.099
2014-05-16,228.788
2014-05-19,228.861
2014-05-20,227.767
2014-05-21,229.33
2014-05-22,230.324
2014-05-23,230.633
2014-05-26,231.017
2014-05-27,231.539
2014-05-28,230.646
2014-05-29,231.946
2014-05-30,232.346
2014-06-02,232.923
2014-06-03,232.954
2014-06-04,233.541
2014-06-05,233.768
2014-06-06,233.945
2014-06-09,233.209
2014-06-10,234.153
2014-06-11,234.049
2014-06-12,233.229
2014-06-13,232.913
2014-06-16,233.299
2014-06-17,233.3
2014-06-18,234.507
2014-06-19,236.003
2014-06-20,237.705
2014-06-23,236.57
2014-06-24,236.6
2014-06-25,237.839
2014-06-26,237.771
2014-06-27,237.943
2014-06-30,237.801
2014-07-01,240.171
2014-07-02,241.183
2014-07-03,242.149
2014-07-04,241.939
2014-07-07,240.316
2014-07-08,238.245
2014-07-09,238.784
2014-07-10,238.098
2014-07-11,238.57
2014-07-14,239.923
2014-07-15,238.216
2014-07-16,238.102
2014-07-17,235.695
2014-07-18,238.018
2014-07-21,237.504
2014-07-22,239.234
2014-07-23,240.195
2014-07-24,239.839
2014-07-25,238.578
2014-07-28,238.584
2014-07-29,238.718
2014-07-30,239.523
2014-07-31,236.094
2014-08-01,235.612
2014-08-04,236.061
2014-08-05,234.96
2014-08-06,233.724
2014-08-07,231.27
2014-08-08,232.566
2014-08-11,233.152
2014-08-12,232.719
2014-08-13,235.036
2014-08-14,237.38
2014-08-15,236.98
2014-08-18,239.302
2014-08-19,240.728
2014-08-20,240.879
2014-08-21,241.654
2014-08-22,241.293
2014-08-25,242.946
2014-08-26,244.247
2014-08-27,244.396
2014-08-28,243.93
2014-08-29,244.984
2014-09-01,245.463
2014-09-02,245.246
2014-09-03,246.28
2014-09-04,244.882
2014-09-05,245.335
2014-09-08,245.549
2014-09-09,245.073
2014-09-10,246.145
2014-09-11,246.169
2014-09-12,245.158
2014-09-15,244.816
2014-09-16,246.665
2014-09-17,247.481
2014-09-18,249.411
2014-09-19,249.25
2014-09-22,248.131
2014-09-23,246.51
2014-09-24,249.422
2014-09-25,246.584
2014-09-26,246.847
2014-09-29,246.767
2014-09-30,246.032
2014-10-01,243.921
2014-10-02,242.322
2014-10-03,245.105
2014-10-06,244.963
2014-10-07,241.206
2014-10-08,244.559
2014-10-09,241.382
2014-10-10,238.667
2014-10-13,235.077
2014-10-14,233.426
2014-10-15,230.301
2014-10-16,229.321
2014-10-17,233.265
2014-10-20,235.464
2014-10-21,240.241
2014-10-22,240.526
2014-10-23,243.638
2014-10-24,246.209
2014-10-27,246.609
2014-10-28,247.514
2014-10-29,247.53
2014-10-30,250.835
2014-10-31,252.075
2014-11-03,251.094
2014-11-04,251.945
2014-11-05,252.212
2014-11-06,252.816
2014-11-07,250.422
2014-11-10,252.619
2014-11-11,253.649
2014-11-12,253.382
2014-11-13,253.699
2014-11-14,251.876
2014-11-17,252.66
2014-11-18,256.618
2014-11-19,255.858
2014-11-20,254.992
2014-11-21,255.879
2014-11-24,256.529
2014-11-25,256.633
2014-11-26,258.32
2014-11-27,259.006
2014-11-28,260.078
2014-12-01,259.855
2014-12-02,261.043
2014-12-03,261.319
2014-12-04,261.039
2014-12-05,262.366
2014-12-08,262.771
2014-12-09,261.198
2014-12-10,258.113
2014-12-11,258.898
2014-12-12,255.162
2014-12-15,251.644
2014-12-16,250.864
2014-12-17,253.305
2014-12-18,259.472
2014-12-19,259.632
2014-12-22,258.295
2014-12-23,253.287
2014-12-24,254.499
2014-12-25,254.47
2014-12-26,255.767
2014-12-29,256.666
2014-12-30,255.284
2014-12-31,253.483
2015-01-01,253.492
2015-01-02,253.694
2015-01-05,252.055
2015-01-06,250.867
2015-01-07,254.382
2015-01-08,260.043
2015-01-09,258.52
2015-01-12,258.95
2015-01-13,259.217
2015-01-14,258.487
2015-01-15,257.794
2015-01-16,261.285
2015-01-19,262.342
2015-01-20,262.584
2015-01-21,262.294
2015-01-22,263.322
2015-01-23,263.255
2015-01-26,264.392
2015-01-27,264.015
2015-01-28,261.337
2015-01-29,262.601
2015-01-30,259.243
2015-02-02,260.136
2015-02-03,260.861
2015-02-04,259.55
2015-02-05,262.169
2015-02-06,260.527
2015-02-09,258.511
2015-02-10,261.252
2015-02-11,260.93
2015-02-12,262.294
2015-02-13,264.046
2015-02-16,263.954
2015-02-17,265.28
2015-02-18,265.816
2015-02-19,266.755
2015-02-20,268.926
2015-02-23,270.965
2015-02-24,270.88
2015-02-25,271.215
2015-02-26,271.725
2015-02-27,271.007
2015-03-02,272.371
2015-03-03,270.509
2015-03-04,271.131
2015-03-05,272.383
2015-03-06,268.244
2015-03-09,268.898
2015-03-10,265.819
2015-03-11,265.975
2015-03-12,269.359
2015-03-13,269.179
2015-03-16,274.25
2015-03-17,273.577
2015-03-18,276.861
2015-03-19,278.582
2015-03-20,281.691
2015-03-23,281.618
2015-03-24,280.256
2015-03-25,275.779
2015-03-26,273.839
2015-03-27,276.052
2015-03-30,278.438
2015-03-31,274.499
2015-04-01,272.393
2015-04-02,273.463
2015-04-03,273.49
2015-04-06,274.683
2015-04-07,275.621
2015-04-08,277.229
2015-04-09,278.827
2015-04-10,281.207
2015-04-13,279.921
2015-04-14,280.684
2015-04-15,280.378
2015-04-16,280.49
2015-04-17,277.954
2015-04-20,279.39
2015-04-21,281.81
2015-04-22,281.915
2015-04-23,282.784
2015-04-24,282.585
2015-04-27,279.718
2015-04-28,278.999
2015-04-29,276.863
2015-04-30,274.205
2015-05-01,276.666
2015-05-04,277.785
2015-05-05,274.634
2015-05-06,274.442
2015-05-07,274.152
2015-05-08,278.637
2015-05-11,278.495
2015-05-12,277.299
2015-05-13,277.712
2015-05-14,280.84
2015-05-15,281.669
2015-05-18,283.133
2015-05-19,283.788
2015-05-20,284.067
2015-05-21,285.033
2015-05-22,284.043
2015-05-25,284.027
2015-05-26,280.519
2015-05-27,283.512
2015-05-28,283.829
2015-05-29,281.969
2015-06-01,282.825
2015-06-02,282.065
2015-06-03,282.968
2015-06-04,281.12
2015-06-05,279.241
2015-06-08,278.086
2015-06-09,277.7
2015-06-10,281.681
2015-06-11,282.936
2015-06-12,280.35
2015-06-15,278.738
2015-06-16,280.21
2015-06-17,279.831
2015-06-18,284.135
2015-06-19,283.314
2015-06-22,287.217
2015-06-23,287.266
2015-06-24,285.048
2015-06-25,285.535
2015-06-26,284.501
2015-06-29,278.327
2015-06-30,278.673
2015-07-01,281.03
2015-07-02,280.883
2015-07-03,280.453
2015-07-06,279.646
2015-07-07,279.403
2015-07-08,277.153
2015-07-09,279.447
2015-07-10,284.28
2015-07-13,286.752
2015-07-14,289.701
2015-07-15,289.767
2015-07-16,291.61
2015-07-17,290.816
2015-07-20,291.673
2015-07-21,290.363
2015-07-22,289.511
2015-07-23,290.107
2015-07-24,284.645
2015-07-27,284.032
2015-07-28,287.566
2015-07-29,289.447
2015-07-30,288.181
2015-07-31,290.51
2015-08-03,290.787
2015-08-04,290.799
2015-08-05,292.577
2015-08-06,287.57
2015-08-07,285.929
2015-08-10,288.467
2015-08-11,286.24
2015-08-12,285.249
2015-08-13,285.611
2015-08-14,285.918
2015-08-17,288.341
2015-08-18,288.312
2015-08-19,286.037
2015-08-20,280.576
2015-08-21,272.298
2015-08-24,262.748
2015-08-25,261.543
2015-08-26,267.791
2015-08-27,273.218
2015-08-28,272.844
2015-08-31,269.194
2015-09-01,262.028
2015-09-02,265.992
2015-09-03,265.925
2015-09-04,262.45
2015-09-07,262.998
2015-09-08,267.896
2015-09-09,266.445
2015-09-10,267.302
2015-09-11,268.642
2015-09-14,267.553
2015-09-15,270.352
2015-09-16,272.006
2015-09-17,273.268
2015-09-18,270.551
2015-09-21,267.531
2015-09-22,263.009
2015-09-23,262.885
2015-09-24,260.001
2015-09-25,256.483
2015-09-28,247.984
2015-09-29,247.148
2015-09-30,252.584
2015-10-01,254.214
2015-10-02,258.021
2015-10-05,259.587
2015-10-06,255.585
2015-10-07,256.093
2015-10-08,256.834
2015-10-09,258.387
2015-10-12,259.109
2015-10-13,256.539
2015-10-14,255.746
2015-10-15,260.933
2015-10-16,263.884
2015-10-19,264.308
2015-10-20,260.492
2015-10-21,257.44
2015-10-22,256.319
2015-10-23,261.129
2015-10-26,262.174
2015-10-27,265.066
2015-10-28,268.537
2015-10-29,268.38
2015-10-30,267.932
2015-11-02,271.381
2015-11-03,270.354
2015-11-04,269.335
2015-11-05,269.045
2015-11-06,267.274
2015-11-09,265.276
2015-11-10,266.138
2015-11-11,265.2
2015-11-12,261.134
2015-11-13,260.284
2015-11-16,262.23
2015-11-17,264.731
2015-11-18,268.094
2015-11-19,266.397
2015-11-20,268.0
2015-11-23,266.952
2015-11-24,266.652
2015-11-25,268.071
2015-11-26,268.974
2015-11-27,268.904
2015-11-30,266.157
2015-12-01,269.784
2015-12-02,268.194
2015-12-03,263.585
2015-12-04,267.308
2015-12-07,266.764
2015-12-08,266.397
2015-12-09,264.34
2015-12-10,265.535
2015-12-11,262.491
2015-12-14,262.34
2015-12-15,266.014
2015-12-16,269.353
2015-12-17,267.74
2015-12-18,264.989
2015-12-21,266.138
2015-12-22,267.438
2015-12-23,270.595
2015-12-24,271.08
2015-12-25,271.163
2015-12-28,270.572
2015-12-29,273.565
2015-12-30,272.541
2015-12-31,270.205
2016-01-01,270.205
2016-01-04,264.695
2016-01-05,265.964
2016-01-06,264.048
2016-01-07,259.097
2016-01-08,255.756
2016-01-11,252.014
2016-01-12,254.275
2016-01-13,249.922
2016-01-14,252.714
2016-01-15,249.361
2016-01-18,248.873
2016-01-19,249.702
2016-01-20,248.299
2016-01-21,247.846
2016-01-22,252.841
2016-01-25,252.059
2016-01-26,253.455
2016-01-27,251.682
2016-01-28,245.67
2016-01-29,248.917
2016-02-01,250.232
2016-02-02,247.338
2016-02-03,247.402
2016-02-04,245.719
2016-02-05,241.652
2016-02-08,237.343
2016-02-09,237.973
2016-02-10,239.705
2016-02-11,236.317
2016-02-12,238.621
2016-02-15,240.667
2016-02-16,243.389
2016-02-17,246.182
2016-02-18,245.902
2016-02-19,245.337
2016-02-22,247.874
2016-02-23,246.158
2016-02-24,245.731
2016-02-25,249.275
2016-02-26,249.083
2016-02-29,245.81
2016-03-01,249.816
2016-03-02,251.07
2016-03-03,249.829
2016-03-04,249.937
2016-03-07,251.427
2016-03-08,249.435
2016-03-09,249.486
2016-03-10,249.597
2016-03-11,253.944
2016-03-14,253.75
2016-03-15,249.418
2016-03-16,247.994
2016-03-17,246.813
2016-03-18,248.092
2016-03-21,249.239
2016-03-22,251.518
2016-03-23,250.192
2016-03-24,249.34
2016-03-25,249.323
2016-03-28,249.193
2016-03-29,250.924
2016-03-30,252.089
2016-03-31,251.777
2016-04-01,252.579
2016-04-04,255.922
2016-04-05,253.022
2016-04-06,259.432
2016-04-07,258.515
2016-04-08,258.045
2016-04-11,256.813
2016-04-12,257.935
2016-04-13,260.222
2016-04-14,261.205
2016-04-15,261.242
2016-04-18,263.167
2016-04-19,264.984
2016-04-20,265.599
2016-04-21,267.1
2016-04-22,266.885
2016-04-25,266.147
2016-04-26,264.73
2016-04-27,264.194
2016-04-28,263.166
2016-04-29,260.108
2016-05-02,260.989
2016-05-03,260.018
2016-05-04,256.899
2016-05-05,257.171
2016-05-06,255.662
2016-05-09,258.752
2016-05-10,260.919
2016-05-11,258.719
2016-05-12,256.766
2016-05-13,256.526
2016-05-16,258.774
2016-05-17,257.418
2016-05-18,258.011
2016-05-19,254.994
2016-05-20,257.676
2016-05-23,257.013
2016-05-24,260.332
2016-05-25,262.277
2016-05-26,262.432
2016-05-27,263.587
2016-05-30,263.8
2016-05-31,263.752
2016-06-01,264.558
2016-06-02,267.041
2016-06-03,267.371
2016-06-06,268.736
2016-06-07,268.184
2016-06-08,268.863
2016-06-09,267.557
2016-06-10,264.008
2016-06-13,261.437
2016-06-14,259.573
2016-06-15,258.955
2016-06-16,258.185
2016-06-17,257.159
2016-06-20,260.487
2016-06-21,260.502
2016-06-22,261.433
2016-06-23,264.309
2016-06-24,255.532
2016-06-27,252.242
2016-06-28,257.675
2016-06-29,263.436
2016-06-30,265.85
2016-07-01,267.561
2016-07-04,267.843
2016-07-05,267.083
2016-07-06,268.35
2016-07-07,268.705
2016-07-08,270.705
2016-07-11,271.246
2016-07-12,271.934
2016-07-13,272.413
2016-07-14,273.072
2016-07-15,272.644
2016-07-18,272.641
2016-07-19,271.874
2016-07-20,274.518
2016-07-21,274.679
2016-07-22,275.168
2016-07-25,274.898
2016-07-26,275.066
2016-07-27,275.653
2016-07-28,275.853
2016-07-29,277.943
2016-08-01,279.33
2016-08-02,278.096
2016-08-03,276.909
2016-08-04,276.407
2016-08-05,276.264
2016-08-08,273.69
2016-08-09,275.218
2016-08-10,274.097
2016-08-11,275.503
2016-08-12,275.105
2016-08-15,275.632
2016-08-16,273.412
2016-08-17,273.133
2016-08-18,273.134
2016-08-19,272.371
2016-08-22,273.388
2016-08-23,273.917
2016-08-24,270.665
2016-08-25,268.262
2016-08-26,268.698
2016-08-29,268.404
2016-08-30,267.78
2016-08-31,266.395
2016-09-01,265.709
2016-09-02,266.949
2016-09-05,266.978
2016-09-06,268.691
2016-09-07,268.854
2016-09-08,269.015
2016-09-09,263.684
2016-09-12,266.269
2016-09-13,263.801
2016-09-14,264.121
2016-09-15,265.996
2016-09-16,266.176
2016-09-19,266.212
2016-09-20,267.205
2016-09-21,269.057
2016-09-22,271.535
2016-09-23,270.498
2016-09-26,267.558
2016-09-27,268.882
2016-09-28,268.873
2016-09-29,264.687
2016-09-30,266.044
2016-10-03,265.855
2016-10-04,265.426
2016-10-05,265.746
2016-10-06,264.301
2016-10-07,264.393
2016-10-10,265.387
2016-10-11,259.859
2016-10-12,257.62
2016-10-13,257.645
2016-10-14,256.546
2016-10-17,255.515
2016-10-18,258.123
2016-10-19,257.598
2016-10-20,258.176
2016-10-21,255.966
2016-10-24,255.367
2016-10-25,253.754
2016-10-26,252.512
2016-10-27,253.253
2016-10-28,248.861
2016-10-31,247.68
2016-11-01,246.884
2016-11-02,246.083
2016-11-03,243.844
2016-11-04,244.364
2016-11-07,248.755
2016-11-08,248.964
2016-11-09,256.744
2016-11-10,258.904
2016-11-11,255.772
2016-11-14,254.379
2016-11-15,254.552
2016-11-16,253.395
2016-11-17,254.681
2016-11-18,251.438
2016-11-21,252.048
2016-11-22,248.191
2016-11-23,248.235
2016-11-24,248.698
2016-11-25,250.503
2016-11-28,248.769
2016-11-29,250.194
2016-11-30,247.901
2016-12-01,245.645
2016-12-02,246.331
2016-12-05,246.441
2016-12-06,247.006
2016-12-07,245.249
2016-12-08,245.012
2016-12-09,248.454
2016-12-12,249.382
2016-12-13,252.239
2016-12-14,251.158
2016-12-15,251.266
2016-12-16,251.832
2016-12-19,251.398
2016-12-20,251.191
2016-12-21,250.217
2016-12-22,250.68
2016-12-23,252.103
2016-12-26,252.266
2016-12-27,252.492
2016-12-28,251.065
2016-12-29,251.885
2016-12-30,251.798
2017-01-02,252.103
2017-01-03,253.976
2017-01-04,256.173
2017-01-05,258.668
2017-01-06,258.603
2017-01-09,259.332
2017-01-10,260.558
2017-01-11,257.29
2017-01-12,257.335
2017-01-13,258.319
2017-01-16,257.777
2017-01-17,257.065
2017-01-18,257.207
2017-01-19,255.112
2017-01-20,254.646
2017-01-23,253.68
2017-01-24,252.296
2017-01-25,254.728
2017-01-26,254.059
2017-01-27,255.562
2017-01-30,254.639
2017-01-31,257.301
2017-02-01,259.017
2017-02-02,258.945
2017-02-03,260.493
2017-02-06,260.161
2017-02-07,260.437
2017-02-08,260.747
2017-02-09,262.174
2017-02-10,262.672
2017-02-13,264.089
2017-02-14,264.684
2017-02-15,267.527
2017-02-16,268.357
2017-02-17,268.595
2017-02-20,268.402
2017-02-21,269.396
2017-02-22,269.206
2017-02-23,270.831
2017-02-24,271.461
2017-02-27,272.394
2017-02-28,272.181
2017-03-01,274.104
2017-03-02,274.29
2017-03-03,275.123
2017-03-06,273.971
2017-03-07,271.951
2017-03-08,272.223
2017-03-09,273.452
2017-03-10,275.099
2017-03-13,275.281
2017-03-14,274.538
2017-03-15,276.646
2017-03-16,275.994
2017-03-17,275.06
2017-03-20,274.786
2017-03-21,272.787
2017-03-22,272.636
2017-03-23,272.608
2017-03-24,272.762
2017-03-27,274.03
2017-03-28,274.429
2017-03-29,274.076
2017-03-30,274.173
2017-03-31,273.049
2017-04-03,272.964
2017-04-04,273.404
2017-04-05,272.57
2017-04-06,272.382
2017-04-07,272.386
2017-04-10,272.012
2017-04-11,272.215
2017-04-12,272.353
2017-04-13,271.936
2017-04-14,271.761
2017-04-17,272.891
2017-04-18,270.073
2017-04-19,270.687
2017-04-20,271.763
2017-04-21,270.488
2017-04-24,274.053
2017-04-25,275.618
2017-04-26,276.561
2017-04-27,277.877
2017-04-28,278.206
2017-05-01,278.58
2017-05-02,279.812
2017-05-03,279.507
2017-05-04,281.142
2017-05-05,281.32
2017-05-08,280.147
2017-05-09,280.512
2017-05-10,280.013
2017-05-11,280.062
2017-05-12,281.406
2017-05-15,282.732
2017-05-16,282.969
2017-05-17,280.198
2017-05-18,280.33
2017-05-19,281.334
2017-05-22,282.038
2017-05-23,282.484
2017-05-24,282.626
2017-05-25,283.609
2017-05-26,282.936
2017-05-29,282.852
2017-05-30,282.587
2017-05-31,284.272
2017-06-01,286.874
2017-06-02,289.134
2017-06-05,288.495
2017-06-06,286.598
2017-06-07,286.535
2017-06-08,285.887
2017-06-09,286.704
2017-06-12,286.155
2017-06-13,287.121
2017-06-14,288.812
2017-06-15,287.676
2017-06-16,288.662
2017-06-19,291.395
2017-06-20,291.547
2017-06-21,294.105
2017-06-22,297.917
2017-06-23,297.738
2017-06-26,297.403
2017-06-27,295.053
2017-06-28,295.933
2017-06-29,293.087
2017-06-30,291.985
2017-07-03,292.046
2017-07-04,291.584
2017-07-05,292.611
2017-07-06,289.374
2017-07-07,290.134
2017-07-10,289.508
2017-07-11,288.901
2017-07-12,292.088
2017-07-13,291.794
2017-07-14,293.605
2017-07-17,292.97
2017-07-18,293.102
2017-07-19,294.776
2017-07-20,296.722
2017-07-21,296.203
2017-07-24,295.515
2017-07-25,294.31
2017-07-26,293.492
2017-07-27,291.167
2017-07-28,291.97
2017-07-31,292.203
2017-08-01,291.78
2017-08-02,291.316
2017-08-03,291.24
2017-08-04,290.209
2017-08-07,290.299
2017-08-08,288.942
2017-08-09,288.92
2017-08-10,285.91
2017-08-11,286.623
2017-08-14,288.052
2017-08-15,288.076
2017-08-16,288.762
2017-08-17,286.795
2017-08-18,285.406
2017-08-21,286.094
2017-08-22,288.812
2017-08-23,287.502
2017-08-24,288.137
2017-08-25,288.448
2017-08-28,289.888
2017-08-29,290.154
2017-08-30,290.614
2017-08-31,295.082
2017-09-01,295.408
2017-09-04,295.057
2017-09-05,294.292
2017-09-06,295.571
2017-09-07,298.659
2017-09-08,299.89
2017-09-11,301.936
2017-09-12,302.614
2017-09-13,301.39
2017-09-14,301.277
2017-09-15,300.775
2017-09-18,300.488
2017-09-19,299.311
2017-09-20,299.807
2017-09-21,298.261
2017-09-22,298.95
2017-09-25,298.651
2017-09-26,297.116
2017-09-27,296.56
2017-09-28,297.257
2017-09-29,299.049
2017-10-02,301.696
2017-10-03,301.842
2017-10-04,303.039
2017-10-05,302.462
2017-10-06,302.395
2017-10-09,301.028
2017-10-10,301.584
2017-10-11,302.295
2017-10-12,301.923
2017-10-13,301.375
2017-10-16,300.994
2017-10-17,302.952
2017-10-18,303.571
2017-10-19,305.142
2017-10-20,304.505
2017-10-23,303.852
2017-10-24,301.558
2017-10-25,300.122
2017-10-26,297.331
2017-10-27,297.143
2017-10-30,295.354
2017-10-31,295.177
2017-11-01,295.768
2017-11-02,294.639
2017-11-03,296.349
2017-11-06,295.964
2017-11-07,295.765
2017-11-08,296.194
2017-11-09,295.376
2017-11-10,293.869
2017-11-13,293.675
2017-11-14,292.97
2017-11-15,292.259
2017-11-16,295.285
2017-11-17,294.651
2017-11-20,294.396
2017-11-21,296.379
2017-11-22,296.909
2017-11-23,297.335
2017-11-24,297.85
2017-11-27,297.767
2017-11-28,299.332
2017-11-29,300.014
2017-11-30,301.851
2017-12-01,300.97
2017-12-04,298.439
2017-12-05,297.203
2017-12-06,296.331
2017-12-07,296.161
2017-12-08,298.982
2017-12-11,300.472
2017-12-12,301.625
2017-12-13,302.53
2017-12-14,300.228
2017-12-15,302.518
2017-12-18,303.877
2017-12-19,303.1
2017-12-20,302.17
2017-12-21,302.054
2017-12-22,301.001
2017-12-25,301.066
2017-12-26,301.344
2017-12-27,302.157
2017-12-28,302.704
2017-12-29,301.654
2018-01-01,301.654
2018-01-02,304.293
2018-01-03,306.76
2018-01-04,307.806
2018-01-05,310.706
2018-01-08,309.439
2018-01-09,311.738
2018-01-10,311.037
2018-01-11,311.634
2018-01-12,313.835
2018-01-15,314.518
2018-01-16,314.905
2018-01-17,316.719
2018-01-18,316.393
2018-01-19,317.983
2018-01-22,319.952
2018-01-23,320.1
2018-01-24,321.518
2018-01-25,324.109
2018-01-26,329.282
2018-01-29,327.957
2018-01-30,322.591
2018-01-31,318.56
2018-02-01,317.688
2018-02-02,313.791
2018-02-05,302.264
2018-02-06,301.516
2018-02-07,302.384
2018-02-08,294.121
2018-02-09,295.708
2018-02-12,299.003
2018-02-13,299.07
2018-02-14,302.935
2018-02-15,306.55
2018-02-16,309.236
2018-02-19,308.361
2018-02-20,305.993
2018-02-21,304.717
2018-02-22,304.639
2018-02-23,307.82
2018-02-26,311.387
2018-02-27,308.819
2018-02-28,304.278
2018-03-01,299.835
2018-03-02,301.487
2018-03-05,304.55
2018-03-06,304.855
2018-03-07,306.06
2018-03-08,308.281
2018-03-09,311.387
2018-03-12,311.135
2018-03-13,311.205
2018-03-14,309.635
2018-03-15,309.308
2018-03-16,309.515
2018-03-19,305.531
2018-03-20,305.111
2018-03-21,304.235
2018-03-22,297.942
2018-03-23,292.703
2018-03-26,296.391
2018-03-27,295.268
2018-03-28,297.27
2018-03-29,297.904
2018-03-30,297.948
2018-04-02,293.516
2018-04-03,295.557
2018-04-04,298.456
2018-04-05,299.943
2018-04-06,295.022
2018-04-09,297.393
2018-04-10,301.846
2018-04-11,299.315
2018-04-12,300.9
2018-04-13,300.308
2018-04-16,302.294
2018-04-17,304.608
2018-04-18,304.95
2018-04-19,302.756
2018-04-20,300.498
2018-04-23,301.003
2018-04-24,299.337
2018-04-25,299.323
2018-04-26,302.27
2018-04-27,303.823
2018-04-30,300.793
2018-05-01,300.501
2018-05-02,297.854
2018-05-03,295.752
2018-05-04,297.685
2018-05-07,298.055
2018-05-08,296.776
2018-05-09,297.671
2018-05-10,300.665
2018-05-11,304.049
2018-05-14,306.584
2018-05-15,302.898
2018-05-16,304.406
2018-05-17,305.004
2018-05-18,305.563
2018-05-21,305.899
2018-05-22,305.505
2018-05-23,305.184
2018-05-24,304.55
2018-05-25,304.385
2018-05-28,303.854
2018-05-29,301.005
2018-05-30,304.409
2018-05-31,302.215
2018-06-01,305.154
2018-06-04,306.153
2018-06-05,305.267
2018-06-06,308.237
2018-06-07,308.138
2018-06-08,309.214
2018-06-11,309.885
2018-06-12,309.895
2018-06-13,310.151
2018-06-14,311.376
2018-06-15,311.758
2018-06-18,308.782
2018-06-19,308.626
2018-06-20,310.207
2018-06-21,309.273
2018-06-22,311.101
2018-06-25,308.052
2018-06-26,307.128
2018-06-27,304.821
2018-06-28,304.352
2018-06-29,306.234
2018-07-02,305.626
2018-07-03,307.191
2018-07-04,307.653
2018-07-05,310.136
2018-07-06,314.224
2018-07-09,316.169
2018-07-10,317.092
2018-07-11,314.484
2018-07-12,318.499
2018-07-13,319.308
2018-07-16,317.655
2018-07-17,318.955
2018-07-18,319.684
2018-07-19,317.982
2018-07-20,318.786
2018-07-23,319.182
2018-07-24,321.506
2018-07-25,324.038
2018-07-26,324.671
2018-07-27,323.29
2018-07-30,323.123
2018-07-31,325.046
2018-08-01,325.323
2018-08-02,325.327
2018-08-03,326.952
2018-08-06,326.898
2018-08-07,327.761
2018-08-08,327.27
2018-08-09,326.87
2018-08-10,324.698
2018-08-13,323.583
2018-08-14,324.923
2018-08-15,323.726
2018-08-16,326.477
2018-08-17,327.832
2018-08-20,329.322
2018-08-21,330.224
2018-08-22,331.018
2018-08-23,330.143
2018-08-24,331.879
2018-08-27,333.515
2018-08-28,333.923
2018-08-29,335.718
2018-08-30,335.167
2018-08-31,334.656
2018-09-03,334.813
2018-09-04,332.065
2018-09-05,331.584
2018-09-06,330.451
2018-09-07,330.837
2018-09-10,330.498
2018-09-11,330.667
2018-09-12,332.921
2018-09-13,335.673
2018-09-14,335.174
2018-09-17,334.281
2018-09-18,335.768
2018-09-19,335.515
2018-09-20,338.352
2018-09-21,338.944
2018-09-24,338.904
2018-09-25,339.219
2018-09-26,340.105
2018-09-27,341.023
2018-09-28,341.438
2018-10-01,342.857
2018-10-02,342.499
2018-10-03,342.361
2018-10-04,338.433
2018-10-05,337.654
2018-10-08,336.239
2018-10-09,336.038
2018-10-10,330.631
2018-10-11,322.254
2018-10-12,325.562
2018-10-15,324.38
2018-10-16,332.302
2018-10-17,333.097
2018-10-18,330.571
2018-10-19,328.814
2018-10-22,325.772
2018-10-23,323.116
2018-10-24,315.038
2018-10-25,315.6
2018-10-26,313.007
2018-10-29,314.017
2018-10-30,317.132
2018-10-31,318.987
2018-11-01,322.872
2018-11-02,321.09
2018-11-05,323.336
2018-11-06,324.659
2018-11-07,332.626
2018-11-08,333.233
2018-11-09,332.154
2018-11-12,327.913
2018-11-13,326.139
2018-11-14,323.272
2018-11-15,324.893
2018-11-16,327.591
2018-11-19,324.74
2018-11-20,321.766
2018-11-21,320.496
2018-11-22,320.578
2018-11-23,321.353
2018-11-26,323.589
2018-11-27,324.942
2018-11-28,330.986
2018-11-29,333.297
2018-11-30,336.371
2018-12-03,337.601
2018-12-04,331.702
2018-12-05,330.487
2018-12-06,327.679
2018-12-07,322.037
2018-12-10,321.335
2018-12-11,322.62
2018-12-12,326.612
2018-12-13,326.473
2018-12-14,317.802
2018-12-17,312.491
2018-12-18,309.3
2018-12-19,306.403
2018-12-20,302.776
2018-12-21,299.384
2018-12-24,294.279
2018-12-25,293.119
2018-12-26,302.798
2018-12-27,304.51
2018-12-28,306.1
2018-12-31,309.236
2019-01-01,309.236
2019-01-02,306.178
2019-01-03,302.019
2019-01-04,309.693
2019-01-07,310.972
2019-01-08,313.876
2019-01-09,316.3
2019-01-10,317.082
2019-01-11,317.466
2019-01-14,313.995
2019-01-15,318.531
2019-01-16,317.95
2019-01-17,319.919
2019-01-18,323.21
2019-01-21,323.142
2019-01-22,321.275
2019-01-23,321.604
2019-01-24,319.2
2019-01-25,319.762
2019-01-28,316.656
2019-01-29,318.076
2019-01-30,321.26
2019-01-31,325.157
2019-02-01,326.282
2019-02-04,325.809
2019-02-05,326.321
2019-02-06,326.758
2019-02-07,323.544
2019-02-08,323.681
2019-02-11,323.09
2019-02-12,327.113
2019-02-13,327.508
2019-02-14,328.5
2019-02-15,332.809
2019-02-18,333.287
2019-02-19,332.599
2019-02-20,332.866
2019-02-21,330.551
2019-02-22,332.526
2019-02-25,333.328
2019-02-26,332.91
2019-02-27,332.196
2019-02-28,331.574
2019-03-01,335.505
2019-03-04,332.761
2019-03-05,332.919
2019-03-06,329.188
2019-03-07,326.63
2019-03-08,325.468
2019-03-11,328.525
2019-03-12,330.614
2019-03-13,333.891
2019-03-14,333.852
2019-03-15,335.65
2019-03-18,335.468
2019-03-19,337.544
2019-03-20,335.548
2019-03-21,336.789
2019-03-22,331.141
2019-03-25,329.981
2019-03-26,332.871
2019-03-27,330.58
2019-03-28,331.242
2019-03-29,334.399
2019-04-01,335.41
