date,3056
1994-12-30,56.214
1995-01-31,55.237
1995-02-28,55.936
1995-03-31,58.175
1995-04-28,60.939
1995-05-31,62.027
1995-06-30,60.22
1995-07-31,64.057
1995-08-31,61.856
1995-09-29,64.134
1995-10-31,62.346
1995-11-30,65.957
1995-12-29,69.075
1996-01-31,69.463
1996-02-29,68.861
1996-03-29,69.871
1996-04-30,70.641
1996-05-31,69.802
1996-06-28,69.917
1996-07-31,68.314
1996-08-30,69.029
1996-09-30,72.099
1996-10-31,73.328
1996-11-29,77.475
1996-12-31,74.644
1997-01-31,74.177
1997-02-28,76.968
1997-03-31,73.897
1997-04-30,75.867
1997-05-30,81.577
1997-06-30,86.494
1997-07-31,91.915
1997-08-29,85.244
1997-09-30,91.503
1997-10-31,83.818
1997-11-28,84.942
1997-12-31,88.84
1998-01-30,90.098
1998-02-27,98.742
1998-03-31,101.947
1998-04-30,103.156
1998-05-29,100.503
1998-06-30,101.462
1998-07-31,104.439
1998-08-31,83.537
1998-09-30,79.367
1998-10-30,91.111
1998-11-30,98.447
1998-12-31,100.0
1999-01-29,99.975
1999-02-26,98.816
1999-03-31,103.984
1999-04-30,110.378
1999-05-31,102.022
1999-06-30,104.887
1999-07-30,102.905
1999-08-31,102.676
1999-09-30,101.433
1999-10-29,110.78
1999-11-30,107.162
1999-12-31,108.13
2000-01-31,100.687
2000-02-29,95.274
2000-03-31,107.185
2000-04-28,102.62
2000-05-31,105.766
2000-06-30,106.346
2000-07-31,109.37
2000-08-31,114.854
2000-09-29,115.111
2000-10-31,114.863
2000-11-30,110.624
2000-12-29,119.11
2001-01-01,119.11
2001-01-02,117.857
2001-01-03,119.89
2001-01-04,120.699
2001-01-05,119.45
2001-01-08,119.047
2001-01-09,117.304
2001-01-10,117.205
2001-01-11,117.565
2001-01-12,116.171
2001-01-15,115.856
2001-01-16,116.703
2001-01-17,117.449
2001-01-18,117.703
2001-01-19,116.357
2001-01-22,117.21
2001-01-23,118.589
2001-01-24,118.596
2001-01-25,118.547
2001-01-26,118.635
2001-01-29,119.108
2001-01-30,119.679
2001-01-31,119.122
2001-02-01,119.544
2001-02-02,118.712
2001-02-05,119.11
2001-02-06,118.033
2001-02-07,117.542
2001-02-08,116.384
2001-02-09,116.526
2001-02-12,117.735
2001-02-13,117.37
2001-02-14,116.346
2001-02-15,115.921
2001-02-16,115.694
2001-02-19,115.734
2001-02-20,113.305
2001-02-21,111.002
2001-02-22,110.829
2001-02-23,110.328
2001-02-26,111.714
2001-02-27,112.223
2001-02-28,111.713
2001-03-01,111.816
2001-03-02,111.11
2001-03-05,110.661
2001-03-06,111.411
2001-03-07,112.386
2001-03-08,112.895
2001-03-09,111.435
2001-03-12,107.418
2001-03-13,107.094
2001-03-14,103.273
2001-03-15,104.654
2001-03-16,102.353
2001-03-19,102.551
2001-03-20,102.3
2001-03-21,100.501
2001-03-22,96.292
2001-03-23,99.675
2001-03-26,102.472
2001-03-27,104.882
2001-03-28,103.741
2001-03-29,103.176
2001-03-30,104.95
2001-04-02,104.953
2001-04-03,102.812
2001-04-04,102.806
2001-04-05,104.964
2001-04-06,103.6
2001-04-09,103.801
2001-04-10,104.563
2001-04-11,104.89
2001-04-12,105.945
2001-04-13,105.899
2001-04-16,105.287
2001-04-17,105.064
2001-04-18,107.971
2001-04-19,109.398
2001-04-20,108.304
2001-04-23,106.911
2001-04-24,106.898
2001-04-25,107.62
2001-04-26,108.405
2001-04-27,109.88
2001-04-30,109.23
2001-05-01,110.264
2001-05-02,110.468
2001-05-03,109.882
2001-05-04,110.511
2001-05-07,110.331
2001-05-08,109.221
2001-05-09,108.645
2001-05-10,109.783
2001-05-11,108.858
2001-05-14,108.11
2001-05-15,108.983
2001-05-16,110.23
2001-05-17,110.253
2001-05-18,109.991
2001-05-21,110.86
2001-05-22,111.162
2001-05-23,110.443
2001-05-24,110.852
2001-05-25,109.799
2001-05-28,109.609
2001-05-29,109.451
2001-05-30,108.488
2001-05-31,108.525
2001-06-01,108.37
2001-06-04,109.085
2001-06-05,109.921
2001-06-06,109.306
2001-06-07,109.262
2001-06-08,108.691
2001-06-11,107.581
2001-06-12,106.799
2001-06-13,107.168
2001-06-14,106.304
2001-06-15,106.144
2001-06-18,105.956
2001-06-19,106.402
2001-06-20,106.275
2001-06-21,108.513
2001-06-22,108.713
2001-06-25,108.237
2001-06-26,106.943
2001-06-27,106.869
2001-06-28,107.339
2001-06-29,107.639
2001-07-02,108.701
2001-07-03,108.297
2001-07-04,107.925
2001-07-05,106.624
2001-07-06,104.433
2001-07-09,104.601
2001-07-10,104.002
2001-07-11,102.987
2001-07-12,104.148
2001-07-13,104.482
2001-07-16,104.228
2001-07-17,104.104
2001-07-18,104.514
2001-07-19,104.672
2001-07-20,104.039
2001-07-23,103.374
2001-07-24,102.97
2001-07-25,102.805
2001-07-26,103.17
2001-07-27,103.91
2001-07-30,104.152
2001-07-31,105.36
2001-08-01,106.236
2001-08-02,107.082
2001-08-03,106.746
2001-08-06,106.193
2001-08-07,106.51
2001-08-08,105.815
2001-08-09,105.442
2001-08-10,105.65
2001-08-13,105.767
2001-08-14,106.986
2001-08-15,107.669
2001-08-16,107.224
2001-08-17,106.168
2001-08-20,106.246
2001-08-21,106.519
2001-08-22,107.37
2001-08-23,106.766
2001-08-24,107.488
2001-08-27,107.393
2001-08-28,106.302
2001-08-29,105.727
2001-08-30,104.168
2001-08-31,104.318
2001-09-03,103.428
2001-09-04,103.495
2001-09-05,102.09
2001-09-06,100.102
2001-09-07,98.198
2001-09-10,97.486
2001-09-11,94.11
2001-09-12,93.557
2001-09-13,94.736
2001-09-14,93.225
2001-09-17,91.668
2001-09-18,90.876
2001-09-19,89.486
2001-09-20,85.839
2001-09-21,83.09
2001-09-24,87.434
2001-09-25,89.139
2001-09-26,89.791
2001-09-27,90.931
2001-09-28,93.172
2001-10-01,92.685
2001-10-02,93.769
2001-10-03,94.624
2001-10-04,95.561
2001-10-05,94.406
2001-10-08,92.905
2001-10-09,92.561
2001-10-10,93.758
2001-10-11,95.172
2001-10-12,94.481
2001-10-15,93.687
2001-10-16,94.9
2001-10-17,95.536
2001-10-18,94.278
2001-10-19,92.757
2001-10-22,93.964
2001-10-23,95.221
2001-10-24,95.915
2001-10-25,96.073
2001-10-26,96.948
2001-10-29,95.064
2001-10-30,93.557
2001-10-31,93.181
2001-11-01,94.572
2001-11-02,95.076
2001-11-05,96.532
2001-11-06,97.418
2001-11-07,97.871
2001-11-08,98.665
2001-11-09,97.665
2001-11-12,96.578
2001-11-13,97.974
2001-11-14,98.091
2001-11-15,98.044
2001-11-16,98.002
2001-11-19,99.431
2001-11-20,98.675
2001-11-21,98.359
2001-11-22,98.632
2001-11-23,99.012
2001-11-26,99.545
2001-11-27,99.086
2001-11-28,97.316
2001-11-29,97.842
2001-11-30,97.879
2001-12-03,96.311
2001-12-04,97.147
2001-12-05,99.44
2001-12-06,100.3
2001-12-07,99.761
2001-12-10,98.013
2001-12-11,98.022
2001-12-12,97.989
2001-12-13,96.604
2001-12-14,96.074
2001-12-17,97.376
2001-12-18,97.648
2001-12-19,98.18
2001-12-20,97.682
2001-12-21,97.396
2001-12-24,97.106
2001-12-25,97.046
2001-12-26,97.21
2001-12-27,98.519
2001-12-28,99.176
2001-12-31,99.016
2002-01-01,99.016
2002-01-02,99.141
2002-01-03,99.889
2002-01-04,100.585
2002-01-07,100.011
2002-01-08,98.782
2002-01-09,98.792
2002-01-10,98.773
2002-01-11,98.144
2002-01-14,96.994
2002-01-15,97.948
2002-01-16,96.846
2002-01-17,97.906
2002-01-18,97.622
2002-01-21,97.496
2002-01-22,97.406
2002-01-23,97.505
2002-01-24,97.986
2002-01-25,97.429
2002-01-28,97.521
2002-01-29,94.846
2002-01-30,94.433
2002-01-31,95.566
2002-02-01,94.724
2002-02-04,92.652
2002-02-05,91.64
2002-02-06,90.468
2002-02-07,91.749
2002-02-08,93.287
2002-02-11,94.365
2002-02-12,93.898
2002-02-13,94.798
2002-02-14,95.498
2002-02-15,94.287
2002-02-18,93.964
2002-02-19,91.694
2002-02-20,91.839
2002-02-21,91.494
2002-02-22,91.287
2002-02-25,92.696
2002-02-26,92.895
2002-02-27,93.452
2002-02-28,93.919
2002-03-01,95.099
2002-03-04,98.536
2002-03-05,98.588
2002-03-06,99.692
2002-03-07,100.147
2002-03-08,100.472
2002-03-11,100.699
2002-03-12,100.061
2002-03-13,99.417
2002-03-14,100.08
2002-03-15,101.653
2002-03-18,101.493
2002-03-19,102.22
2002-03-20,100.877
2002-03-21,100.529
2002-03-22,100.349
2002-03-25,99.173
2002-03-26,99.674
2002-03-27,100.18
2002-03-28,100.553
2002-03-29,100.424
2002-04-01,100.379
2002-04-02,100.339
2002-04-03,99.992
2002-04-04,100.162
2002-04-05,100.491
2002-04-08,99.848
2002-04-09,100.46
2002-04-10,101.443
2002-04-11,99.825
2002-04-12,100.469
2002-04-15,100.035
2002-04-16,101.88
2002-04-17,102.639
2002-04-18,102.557
2002-04-19,102.933
2002-04-22,102.013
2002-04-23,101.75
2002-04-24,101.76
2002-04-25,100.995
2002-04-26,100.637
2002-04-29,100.136
2002-04-30,100.97
2002-05-01,101.546
2002-05-02,102.222
2002-05-03,102.486
2002-05-06,101.235
2002-05-07,100.226
2002-05-08,102.24
2002-05-09,101.468
2002-05-10,100.592
2002-05-13,101.802
2002-05-14,102.47
2002-05-15,102.819
2002-05-16,103.341
2002-05-17,104.185
2002-05-20,103.161
2002-05-21,102.578
2002-05-22,102.641
2002-05-23,103.167
2002-05-24,103.022
2002-05-27,102.979
2002-05-28,102.391
2002-05-29,102.453
2002-05-30,102.22
2002-05-31,102.236
2002-06-03,101.33
2002-06-04,100.435
2002-06-05,100.411
2002-06-06,99.62
2002-06-07,99.098
2002-06-10,99.257
2002-06-11,98.561
2002-06-12,98.025
2002-06-13,96.079
2002-06-14,95.376
2002-06-17,98.094
2002-06-18,98.089
2002-06-19,96.735
2002-06-20,95.443
2002-06-21,95.17
2002-06-24,94.592
2002-06-25,94.785
2002-06-26,93.341
2002-06-27,94.814
2002-06-28,96.679
2002-07-01,95.937
2002-07-02,93.792
2002-07-03,92.304
2002-07-04,92.839
2002-07-05,95.928
2002-07-08,96.074
2002-07-09,94.833
2002-07-10,92.048
2002-07-11,90.728
2002-07-12,90.267
2002-07-15,88.667
2002-07-16,88.059
2002-07-17,89.055
2002-07-18,88.3
2002-07-19,85.755
2002-07-22,82.214
2002-07-23,78.693
2002-07-24,80.197
2002-07-25,81.564
2002-07-26,82.385
2002-07-29,86.849
2002-07-30,86.993
2002-07-31,87.718
2002-08-01,85.173
2002-08-02,83.651
2002-08-05,81.067
2002-08-06,82.85
2002-08-07,83.55
2002-08-08,86.696
2002-08-09,87.931
2002-08-12,86.888
2002-08-13,86.153
2002-08-14,87.469
2002-08-15,88.806
2002-08-16,88.824
2002-08-19,90.84
2002-08-20,89.741
2002-08-21,90.625
2002-08-22,91.601
2002-08-23,90.077
2002-08-26,90.602
2002-08-27,91.069
2002-08-28,88.935
2002-08-29,88.279
2002-08-30,88.606
2002-09-02,88.012
2002-09-03,84.536
2002-09-04,85.02
2002-09-05,84.21
2002-09-06,85.507
2002-09-09,85.827
2002-09-10,86.08
2002-09-11,86.316
2002-09-12,84.092
2002-09-13,83.478
2002-09-16,83.084
2002-09-17,81.984
2002-09-18,80.312
2002-09-19,78.685
2002-09-20,78.217
2002-09-23,76.772
2002-09-24,75.328
2002-09-25,76.55
2002-09-26,79.185
2002-09-27,77.965
2002-09-30,76.701
2002-10-01,78.684
2002-10-02,77.73
2002-10-03,75.211
2002-10-04,72.886
2002-10-07,71.113
2002-10-08,72.186
2002-10-09,70.543
2002-10-10,73.401
2002-10-11,77.121
2002-10-14,77.025
2002-10-15,82.406
2002-10-16,81.404
2002-10-17,83.497
2002-10-18,83.447
2002-10-21,84.211
2002-10-22,83.665
2002-10-23,82.514
2002-10-24,82.4
2002-10-25,83.353
2002-10-28,83.958
2002-10-29,82.439
2002-10-30,83.428
2002-10-31,83.792
2002-11-01,84.037
2002-11-04,85.926
2002-11-05,86.867
2002-11-06,86.441
2002-11-07,84.375
2002-11-08,83.582
2002-11-11,82.282
2002-11-12,82.779
2002-11-13,82.143
2002-11-14,83.831
2002-11-15,84.766
2002-11-18,84.223
2002-11-19,84.052
2002-11-20,85.236
2002-11-21,87.743
2002-11-22,87.951
2002-11-25,87.473
2002-11-26,85.424
2002-11-27,87.31
2002-11-28,87.978
2002-11-29,87.841
2002-12-02,87.783
2002-12-03,86.311
2002-12-04,85.616
2002-12-05,84.36
2002-12-06,84.747
2002-12-09,82.865
2002-12-10,83.865
2002-12-11,84.241
2002-12-12,83.851
2002-12-13,82.867
2002-12-16,85.127
2002-12-17,84.845
2002-12-18,83.292
2002-12-19,82.655
2002-12-20,83.814
2002-12-23,83.859
2002-12-24,83.606
2002-12-25,83.587
2002-12-26,83.606
2002-12-27,81.986
2002-12-30,82.634
2002-12-31,82.806
2003-01-01,82.806
2003-01-02,84.993
2003-01-03,85.499
2003-01-06,87.125
2003-01-07,86.121
2003-01-08,85.019
2003-01-09,86.295
2003-01-10,86.649
2003-01-13,87.056
2003-01-14,87.794
2003-01-15,86.798
2003-01-16,86.359
2003-01-17,85.597
2003-01-20,85.101
2003-01-21,83.97
2003-01-22,82.707
2003-01-23,83.428
2003-01-24,81.815
2003-01-27,80.009
2003-01-28,80.158
2003-01-29,80.079
2003-01-30,79.643
2003-01-31,80.098
2003-02-03,81.271
2003-02-04,79.663
2003-02-05,79.861
2003-02-06,78.536
2003-02-07,78.001
2003-02-10,77.678
2003-02-11,77.782
2003-02-12,77.087
2003-02-13,77.76
2003-02-14,78.997
2003-02-17,79.706
2003-02-18,80.428
2003-02-19,79.683
2003-02-20,79.106
2003-02-21,79.634
2003-02-24,78.325
2003-02-25,77.484
2003-02-26,76.774
2003-02-27,77.644
2003-02-28,78.429
2003-03-03,78.437
2003-03-04,77.209
2003-03-05,77.57
2003-03-06,76.527
2003-03-07,76.312
2003-03-10,73.803
2003-03-11,73.159
2003-03-12,72.095
2003-03-13,74.843
2003-03-14,76.258
2003-03-17,78.278
2003-03-18,78.447
2003-03-19,79.371
2003-03-20,79.376
2003-03-21,81.356
2003-03-24,79.053
2003-03-25,79.472
2003-03-26,79.414
2003-03-27,78.883
2003-03-28,78.559
2003-03-31,76.885
2003-04-01,78.109
2003-04-02,80.004
2003-04-03,79.887
2003-04-04,80.711
2003-04-07,81.868
2003-04-08,81.705
2003-04-09,80.965
2003-04-10,81.297
2003-04-11,81.402
2003-04-14,82.701
2003-04-15,84.331
2003-04-16,83.606
2003-04-17,84.623
2003-04-18,84.62
2003-04-21,84.339
2003-04-22,86.129
2003-04-23,87.158
2003-04-24,85.804
2003-04-25,84.743
2003-04-28,86.378
2003-04-29,86.541
2003-04-30,87.217
2003-05-01,87.366
2003-05-02,88.122
2003-05-05,88.333
2003-05-06,89.474
2003-05-07,89.025
2003-05-08,87.585
2003-05-09,88.391
2003-05-12,89.33
2003-05-13,89.306
2003-05-14,89.375
2003-05-15,90.072
2003-05-16,90.64
2003-05-19,88.582
2003-05-20,88.533
2003-05-21,88.363
2003-05-22,88.984
2003-05-23,89.233
2003-05-26,89.394
2003-05-27,90.43
2003-05-28,91.224
2003-05-29,91.409
2003-05-30,92.04
2003-06-02,93.336
2003-06-03,93.271
2003-06-04,94.452
2003-06-05,95.211
2003-06-06,95.538
2003-06-09,94.243
2003-06-10,94.691
2003-06-11,96.616
2003-06-12,96.847
2003-06-13,96.514
2003-06-16,98.465
2003-06-17,98.844
2003-06-18,98.276
2003-06-19,96.229
2003-06-20,96.43
2003-06-23,94.864
2003-06-24,94.845
2003-06-25,94.85
2003-06-26,94.741
2003-06-27,94.293
2003-06-30,93.778
2003-07-01,94.3
2003-07-02,95.801
2003-07-03,95.778
2003-07-04,95.534
2003-07-07,97.2
2003-07-08,97.318
2003-07-09,96.774
2003-07-10,95.675
2003-07-11,96.573
2003-07-14,98.338
2003-07-15,98.059
2003-07-16,97.473
2003-07-17,96.063
2003-07-18,96.77
2003-07-21,96.146
2003-07-22,96.657
2003-07-23,96.857
2003-07-24,97.515
2003-07-25,98.567
2003-07-28,98.88
2003-07-29,98.374
2003-07-30,97.921
2003-07-31,98.003
2003-08-01,96.725
2003-08-04,96.617
2003-08-05,95.904
2003-08-06,95.678
2003-08-07,96.096
2003-08-08,96.409
2003-08-11,96.673
2003-08-12,97.651
2003-08-13,97.458
2003-08-14,98.325
2003-08-15,98.271
2003-08-18,98.542
2003-08-19,98.45
2003-08-20,98.376
2003-08-21,98.18
2003-08-22,97.005
2003-08-25,96.857
2003-08-26,96.566
2003-08-27,96.541
2003-08-28,96.89
2003-08-29,97.201
2003-09-01,97.796
2003-09-02,98.491
2003-09-03,99.424
2003-09-04,99.212
2003-09-05,99.039
2003-09-08,99.915
2003-09-09,99.775
2003-09-10,98.605
2003-09-11,98.664
2003-09-12,99.051
2003-09-15,99.074
2003-09-16,100.33
2003-09-17,100.745
2003-09-18,102.64
2003-09-19,102.588
2003-09-22,101.856
2003-09-23,102.077
2003-09-24,101.149
2003-09-25,100.453
2003-09-26,99.833
2003-09-29,100.255
2003-09-30,99.678
2003-10-01,102.381
2003-10-02,103.265
2003-10-03,104.179
2003-10-06,104.471
2003-10-07,105.001
2003-10-08,104.846
2003-10-09,105.611
2003-10-10,105.963
2003-10-13,107.037
2003-10-14,107.565
2003-10-15,107.444
2003-10-16,107.775
2003-10-17,107.043
2003-10-20,107.399
2003-10-21,107.391
2003-10-22,106.037
2003-10-23,105.281
2003-10-24,105.427
2003-10-27,105.659
2003-10-28,106.826
2003-10-29,107.309
2003-10-30,107.718
2003-10-31,107.385
2003-11-03,108.112
2003-11-04,108.037
2003-11-05,107.445
2003-11-06,107.232
2003-11-07,107.434
2003-11-10,107.049
2003-11-11,106.532
2003-11-12,107.295
2003-11-13,107.725
2003-11-14,107.177
2003-11-17,105.77
2003-11-18,105.679
2003-11-19,105.586
2003-11-20,105.26
2003-11-21,105.777
2003-11-24,106.557
2003-11-25,107.121
2003-11-26,108.082
2003-11-27,108.272
2003-11-28,108.315
2003-12-01,109.637
2003-12-02,109.809
2003-12-03,110.211
2003-12-04,110.078
2003-12-05,109.639
2003-12-08,110.128
2003-12-09,109.626
2003-12-10,108.903
2003-12-11,109.333
2003-12-12,110.096
2003-12-15,110.385
2003-12-16,110.612
2003-12-17,110.472
2003-12-18,111.185
2003-12-19,111.53
2003-12-22,111.904
2003-12-23,112.279
2003-12-24,112.398
2003-12-25,112.462
2003-12-26,112.63
2003-12-29,113.737
2003-12-30,114.505
2003-12-31,114.946
2004-01-01,114.946
2004-01-02,115.157
2004-01-05,116.334
2004-01-06,116.779
2004-01-07,116.434
2004-01-08,117.096
2004-01-09,117.365
2004-01-12,117.292
2004-01-13,116.892
2004-01-14,117.707
2004-01-15,118.059
2004-01-16,118.104
2004-01-19,118.157
2004-01-20,118.555
2004-01-21,119.758
2004-01-22,120.272
2004-01-23,120.014
2004-01-26,119.938
2004-01-27,119.705
2004-01-28,118.876
2004-01-29,117.673
2004-01-30,117.741
2004-02-02,118.045
2004-02-03,118.312
2004-02-04,117.312
2004-02-05,117.509
2004-02-06,119.385
2004-02-09,119.864
2004-02-10,120.089
2004-02-11,121.064
2004-02-12,121.449
2004-02-13,121.399
2004-02-16,121.544
2004-02-17,122.503
2004-02-18,122.135
2004-02-19,122.043
2004-02-20,120.914
2004-02-23,120.932
2004-02-24,120.46
2004-02-25,120.337
2004-02-26,120.001
2004-02-27,120.442
2004-03-01,121.41
2004-03-02,120.74
2004-03-03,120.302
2004-03-04,121.257
2004-03-05,122.598
2004-03-08,122.075
2004-03-09,121.617
2004-03-10,119.844
2004-03-11,117.787
2004-03-12,118.135
2004-03-15,116.823
2004-03-16,118.443
2004-03-17,119.64
2004-03-18,119.913
2004-03-19,119.071
2004-03-22,117.656
2004-03-23,117.663
2004-03-24,117.122
2004-03-25,118.489
2004-03-26,118.432
2004-03-29,119.808
2004-03-30,119.991
2004-03-31,120.242
2004-04-01,121.931
2004-04-02,121.621
2004-04-05,121.606
2004-04-06,121.949
2004-04-07,121.991
2004-04-08,121.785
2004-04-09,121.579
2004-04-12,121.981
2004-04-13,120.605
2004-04-14,118.838
2004-04-15,117.783
2004-04-16,118.856
2004-04-19,118.403
2004-04-20,117.762
2004-04-21,116.935
2004-04-22,117.702
2004-04-23,117.548
2004-04-26,117.717
2004-04-27,117.871
2004-04-28,116.418
2004-04-29,116.084
2004-04-30,115.554
2004-05-03,116.123
2004-05-04,117.088
2004-05-05,117.37
2004-05-06,115.638
2004-05-07,113.199
2004-05-10,110.278
2004-05-11,111.109
2004-05-12,111.877
2004-05-13,111.824
2004-05-14,111.464
2004-05-17,110.095
2004-05-18,111.172
2004-05-19,112.872
2004-05-20,112.508
2004-05-21,113.574
2004-05-24,113.932
2004-05-25,114.914
2004-05-26,115.517
2004-05-27,116.666
2004-05-28,116.469
2004-05-31,116.526
2004-06-01,116.142
2004-06-02,116.574
2004-06-03,115.897
2004-06-04,116.634
2004-06-07,118.793
2004-06-08,118.695
2004-06-09,117.407
2004-06-10,117.944
2004-06-11,117.525
2004-06-14,116.263
2004-06-15,116.638
2004-06-16,116.941
2004-06-17,117.214
2004-06-18,117.528
2004-06-21,117.302
2004-06-22,116.963
2004-06-23,117.074
2004-06-24,117.895
2004-06-25,117.442
2004-06-28,118.268
2004-06-29,117.517
2004-06-30,117.713
2004-07-01,117.088
2004-07-02,117.292
2004-07-05,117.027
2004-07-06,116.109
2004-07-07,116.487
2004-07-08,116.128
2004-07-09,116.269
2004-07-12,116.677
2004-07-13,116.518
2004-07-14,116.331
2004-07-15,115.221
2004-07-16,115.478
2004-07-19,115.651
2004-07-20,115.7
2004-07-21,115.039
2004-07-22,114.407
2004-07-23,113.419
2004-07-26,113.172
2004-07-27,113.587
2004-07-28,113.766
2004-07-29,114.439
2004-07-30,114.436
2004-08-02,114.81
2004-08-03,114.704
2004-08-04,114.384
2004-08-05,113.528
2004-08-06,113.132
2004-08-09,112.691
2004-08-10,113.962
2004-08-11,113.679
2004-08-12,113.118
2004-08-13,113.149
2004-08-16,114.145
2004-08-17,114.675
2004-08-18,115.416
2004-08-19,115.838
2004-08-20,116.218
2004-08-23,116.076
2004-08-24,116.142
2004-08-25,116.821
2004-08-26,117.288
2004-08-27,117.536
2004-08-30,117.173
2004-08-31,117.57
2004-09-01,117.813
2004-09-02,118.547
2004-09-03,118.42
2004-09-06,118.823
2004-09-07,119.693
2004-09-08,119.399
2004-09-09,118.886
2004-09-10,119.678
2004-09-13,119.793
2004-09-14,119.999
2004-09-15,119.05
2004-09-16,119.703
2004-09-17,119.921
2004-09-20,119.091
2004-09-21,120.09
2004-09-22,118.784
2004-09-23,118.16
2004-09-24,118.254
2004-09-27,117.4
2004-09-28,117.93
2004-09-29,118.393
2004-09-30,118.744
2004-10-01,120.492
2004-10-04,120.854
2004-10-05,120.919
2004-10-06,121.404
2004-10-07,121.192
2004-10-08,121.44
2004-10-11,121.582
2004-10-12,120.914
2004-10-13,120.513
2004-10-14,119.353
2004-10-15,119.603
2004-10-18,119.676
2004-10-19,119.025
2004-10-20,118.436
2004-10-21,118.65
2004-10-22,118.328
2004-10-25,118.038
2004-10-26,119.741
2004-10-27,120.943
2004-10-28,122.017
2004-10-29,121.994
2004-11-01,122.513
2004-11-02,123.358
2004-11-03,124.457
2004-11-04,125.644
2004-11-05,126.109
2004-11-08,126.108
2004-11-09,125.69
2004-11-10,125.88
2004-11-11,126.809
2004-11-12,127.792
2004-11-15,128.349
2004-11-16,127.726
2004-11-17,128.548
2004-11-18,128.049
2004-11-19,127.406
2004-11-22,127.427
2004-11-23,127.735
2004-11-24,128.261
2004-11-25,128.875
2004-11-26,128.811
2004-11-29,128.737
2004-11-30,128.362
2004-12-01,130.254
2004-12-02,130.681
2004-12-03,130.948
2004-12-06,130.921
2004-12-07,130.296
2004-12-08,129.543
2004-12-09,129.153
2004-12-10,129.108
2004-12-13,130.497
2004-12-14,130.842
2004-12-15,131.912
2004-12-16,131.287
2004-12-17,130.757
2004-12-20,131.731
2004-12-21,132.153
2004-12-22,133.215
2004-12-23,133.683
2004-12-24,134.106
2004-12-27,134.162
2004-12-28,134.592
2004-12-29,134.362
2004-12-30,134.913
2004-12-31,134.949
2005-01-03,134.362
2005-01-04,133.268
2005-01-05,132.431
2005-01-06,132.515
2005-01-07,132.014
2005-01-10,132.421
2005-01-11,132.093
2005-01-12,132.105
2005-01-13,131.158
2005-01-14,131.009
2005-01-17,131.304
2005-01-18,131.909
2005-01-19,131.485
2005-01-20,130.36
2005-01-21,130.056
2005-01-24,130.348
2005-01-25,130.34
2005-01-26,131.084
2005-01-27,130.818
2005-01-28,130.328
2005-01-31,131.538
2005-02-01,132.302
2005-02-02,132.557
2005-02-03,131.864
2005-02-04,133.046
2005-02-07,132.88
2005-02-08,132.453
2005-02-09,132.376
2005-02-10,133.451
2005-02-11,134.378
2005-02-14,135.003
2005-02-15,135.212
2005-02-16,134.33
2005-02-17,134.167
2005-02-18,133.682
2005-02-21,133.514
2005-02-22,132.85
2005-02-23,132.64
2005-02-24,132.744
2005-02-25,133.894
2005-02-28,133.947
2005-03-01,134.456
2005-03-02,133.955
2005-03-03,133.876
2005-03-04,135.739
2005-03-07,135.738
2005-03-08,136.129
2005-03-09,135.269
2005-03-10,135.345
2005-03-11,135.162
2005-03-14,135.114
2005-03-15,134.908
2005-03-16,134.128
2005-03-17,133.489
2005-03-18,133.058
2005-03-21,131.843
2005-03-22,131.033
2005-03-23,129.677
2005-03-24,129.449
2005-03-25,129.453
2005-03-28,129.513
2005-03-29,129.286
2005-03-30,129.795
2005-03-31,130.065
2005-04-01,129.396
2005-04-04,128.579
2005-04-05,129.087
2005-04-06,129.81
2005-04-07,130.352
2005-04-08,129.977
2005-04-11,130.465
2005-04-12,130.542
2005-04-13,130.293
2005-04-14,128.937
2005-04-15,127.686
2005-04-18,127.136
2005-04-19,127.952
2005-04-20,127.027
2005-04-21,127.464
2005-04-22,127.781
2005-04-25,128.233
2005-04-26,127.73
2005-04-27,127.9
2005-04-28,127.161
2005-04-29,128.19
2005-05-02,128.431
2005-05-03,128.756
2005-05-04,130.515
2005-05-05,130.493
2005-05-06,130.101
2005-05-09,130.256
2005-05-10,129.108
2005-05-11,129.054
2005-05-12,128.322
2005-05-13,127.389
2005-05-16,127.882
2005-05-17,128.141
2005-05-18,129.456
2005-05-19,130.003
2005-05-20,129.526
2005-05-23,130.137
2005-05-24,130.082
2005-05-25,129.582
2005-05-26,129.719
2005-05-27,129.995
2005-05-30,130.267
2005-05-31,129.532
2005-06-01,130.387
2005-06-02,130.384
2005-06-03,129.865
2005-06-06,130.084
2005-06-07,130.61
2005-06-08,130.994
2005-06-09,130.477
2005-06-10,130.29
2005-06-13,129.986
2005-06-14,130.166
2005-06-15,130.86
2005-06-16,131.337
2005-06-17,132.537
2005-06-20,131.941
2005-06-21,132.368
2005-06-22,132.663
2005-06-23,131.917
2005-06-24,131.489
2005-06-27,131.122
2005-06-28,131.698
2005-06-29,132.069
2005-06-30,131.619
2005-07-01,131.312
2005-07-04,131.105
2005-07-05,131.392
2005-07-06,131.282
2005-07-07,130.558
2005-07-08,131.667
2005-07-11,133.044
2005-07-12,133.694
2005-07-13,133.736
2005-07-14,134.535
2005-07-15,134.388
2005-07-18,133.906
2005-07-19,133.846
2005-07-20,134.006
2005-07-21,134.669
2005-07-22,135.031
2005-07-25,134.513
2005-07-26,134.35
2005-07-27,134.733
2005-07-28,135.293
2005-07-29,134.918
2005-08-01,135.373
2005-08-02,136.312
2005-08-03,136.726
2005-08-04,135.899
2005-08-05,134.601
2005-08-08,134.58
2005-08-09,134.986
2005-08-10,136.239
2005-08-11,137.247
2005-08-12,137.015
2005-08-15,137.116
2005-08-16,136.643
2005-08-17,136.326
2005-08-18,135.315
2005-08-19,135.636
2005-08-22,136.765
2005-08-23,135.748
2005-08-24,135.249
2005-08-25,135.161
2005-08-26,134.557
2005-08-29,134.38
2005-08-30,133.867
2005-08-31,135.121
2005-09-01,136.489
2005-09-02,136.72
2005-09-05,137.156
2005-09-06,138.18
2005-09-07,138.407
2005-09-08,137.911
2005-09-09,138.793
2005-09-12,138.491
2005-09-13,137.783
2005-09-14,137.907
2005-09-15,137.535
2005-09-16,138.627
2005-09-19,137.937
2005-09-20,138.393
2005-09-21,137.182
2005-09-22,136.614
2005-09-23,136.679
2005-09-26,137.643
2005-09-27,137.307
2005-09-28,138.079
2005-09-29,139.493
2005-09-30,139.596
2005-10-03,139.088
2005-10-04,138.62
2005-10-05,137.34
2005-10-06,136.938
2005-10-07,136.827
2005-10-10,136.34
2005-10-11,136.342
2005-10-12,135.949
2005-10-13,135.383
2005-10-14,136.665
2005-10-17,136.257
2005-10-18,135.209
2005-10-19,135.702
2005-10-20,135.583
2005-10-21,135.958
2005-10-24,137.458
2005-10-25,137.942
2005-10-26,138.408
2005-10-27,138.351
2005-10-28,138.735
2005-10-31,139.988
2005-11-01,140.542
2005-11-02,141.85
2005-11-03,142.366
2005-11-04,141.99
2005-11-07,142.772
2005-11-08,142.366
2005-11-09,142.287
2005-11-10,143.688
2005-11-11,144.955
2005-11-14,144.389
2005-11-15,143.459
2005-11-16,143.143
2005-11-17,144.96
2005-11-18,145.803
2005-11-21,146.352
2005-11-22,146.479
2005-11-23,147.888
2005-11-24,147.704
2005-11-25,147.854
2005-11-28,147.665
2005-11-29,147.495
2005-11-30,146.136
2005-12-01,147.331
2005-12-02,148.023
2005-12-05,148.156
2005-12-06,148.684
2005-12-07,147.851
2005-12-08,147.524
2005-12-09,148.353
2005-12-12,149.323
2005-12-13,149.871
2005-12-14,150.763
2005-12-15,149.825
2005-12-16,151.003
2005-12-19,150.523
2005-12-20,150.682
2005-12-21,151.285
2005-12-22,151.744
2005-12-23,151.955
2005-12-26,152.174
2005-12-27,151.471
2005-12-28,151.676
2005-12-29,151.323
2005-12-30,150.285
2006-01-02,150.465
2006-01-03,153.023
2006-01-04,154.486
2006-01-05,154.615
2006-01-06,155.54
2006-01-09,155.666
2006-01-10,154.717
2006-01-11,156.002
2006-01-12,155.635
2006-01-13,155.281
2006-01-16,155.311
2006-01-17,153.5
2006-01-18,152.047
2006-01-19,153.111
2006-01-20,151.252
2006-01-23,151.883
2006-01-24,152.021
2006-01-25,153.011
2006-01-26,155.26
2006-01-27,156.212
2006-01-30,155.671
2006-01-31,156.202
2006-02-01,156.468
2006-02-02,155.329
2006-02-03,154.255
2006-02-06,154.733
2006-02-07,154.246
2006-02-08,153.913
2006-02-09,155.135
2006-02-10,154.895
2006-02-13,154.639
2006-02-14,155.725
2006-02-15,155.965
2006-02-16,156.904
2006-02-17,156.601
2006-02-20,156.559
2006-02-21,156.911
2006-02-22,158.594
2006-02-23,159.395
2006-02-24,159.93
2006-02-27,160.796
2006-02-28,159.92
2006-03-01,160.329
2006-03-02,159.612
2006-03-03,158.85
2006-03-06,159.012
2006-03-07,157.755
2006-03-08,157.252
2006-03-09,157.694
2006-03-10,158.465
2006-03-13,159.693
2006-03-14,161.158
2006-03-15,161.55
2006-03-16,162.085
2006-03-17,162.851
2006-03-20,163.399
2006-03-21,162.279
2006-03-22,162.902
2006-03-23,161.695
2006-03-24,162.055
2006-03-27,161.777
2006-03-28,161.118
2006-03-29,161.103
2006-03-30,162.702
2006-03-31,162.097
2006-04-03,163.039
2006-04-04,164.193
2006-04-05,164.87
2006-04-06,165.17
2006-04-07,163.563
2006-04-10,163.439
2006-04-11,161.905
2006-04-12,161.442
2006-04-13,161.467
2006-04-14,161.392
2006-04-17,162.204
2006-04-18,163.71
2006-04-19,164.939
2006-04-20,164.965
2006-04-21,165.476
2006-04-24,164.689
2006-04-25,164.928
2006-04-26,165.909
2006-04-27,167.656
2006-04-28,168.359
2006-05-01,167.749
2006-05-02,168.946
2006-05-03,168.206
2006-05-04,168.826
2006-05-05,171.339
2006-05-08,172.027
2006-05-09,172.38
2006-05-10,172.095
2006-05-11,170.723
2006-05-12,168.708
2006-05-15,167.769
2006-05-16,167.397
2006-05-17,163.739
2006-05-18,162.165
2006-05-19,162.029
2006-05-22,160.058
2006-05-23,160.618
2006-05-24,159.513
2006-05-25,160.706
2006-05-26,162.414
2006-05-29,162.722
2006-05-30,160.945
2006-05-31,161.28
2006-06-01,162.508
2006-06-02,164.068
2006-06-05,162.466
2006-06-06,159.562
2006-06-07,159.574
2006-06-08,156.881
2006-06-09,158.398
2006-06-12,156.711
2006-06-13,152.66
2006-06-14,152.692
2006-06-15,155.929
2006-06-16,155.989
2006-06-19,155.309
2006-06-20,155.544
2006-06-21,156.437
2006-06-22,156.592
2006-06-23,155.676
2006-06-26,156.369
2006-06-27,155.608
2006-06-28,155.465
2006-06-29,158.547
2006-06-30,161.242
2006-07-03,162.53
2006-07-04,163.142
2006-07-05,160.952
2006-07-06,161.834
2006-07-07,161.925
2006-07-10,162.438
2006-07-11,161.913
2006-07-12,160.363
2006-07-13,158.243
2006-07-14,156.131
2006-07-17,155.11
2006-07-18,154.396
2006-07-19,158.16
2006-07-20,159.318
2006-07-21,158.4
2006-07-24,160.197
2006-07-25,160.539
2006-07-26,160.526
2006-07-27,162.039
2006-07-28,164.212
2006-07-31,163.781
2006-08-01,162.661
2006-08-02,164.03
2006-08-03,163.758
2006-08-04,165.651
2006-08-07,164.15
2006-08-08,164.015
2006-08-09,164.045
2006-08-10,163.44
2006-08-11,163.263
2006-08-14,164.043
2006-08-15,166.319
2006-08-16,167.992
2006-08-17,168.691
2006-08-18,168.27
2006-08-21,168.117
2006-08-22,167.934
2006-08-23,167.4
2006-08-24,167.43
2006-08-25,166.701
2006-08-28,167.463
2006-08-29,167.754
2006-08-30,168.571
2006-08-31,168.554
2006-09-01,169.157
2006-09-04,170.236
2006-09-05,169.947
2006-09-06,168.54
2006-09-07,166.763
2006-09-08,167.036
2006-09-11,166.626
2006-09-12,168.293
2006-09-13,168.719
2006-09-14,169.419
2006-09-15,169.823
2006-09-18,169.758
2006-09-19,169.612
2006-09-20,170.482
2006-09-21,170.698
2006-09-22,170.213
2006-09-25,170.583
2006-09-26,171.058
2006-09-27,171.863
2006-09-28,172.125
2006-09-29,172.078
2006-10-02,172.431
2006-10-03,172.858
2006-10-04,174.128
2006-10-05,175.301
2006-10-06,174.695
2006-10-09,174.99
2006-10-10,175.374
2006-10-11,174.803
2006-10-12,175.637
2006-10-13,175.893
2006-10-16,176.042
2006-10-17,174.792
2006-10-18,175.593
2006-10-19,175.406
2006-10-20,175.728
2006-10-23,176.547
2006-10-24,176.436
2006-10-25,176.733
2006-10-26,178.098
2006-10-27,177.52
2006-10-30,177.3
2006-10-31,177.443
2006-11-01,177.372
2006-11-02,176.686
2006-11-03,176.341
2006-11-06,178.042
2006-11-07,179.351
2006-11-08,178.846
2006-11-09,177.759
2006-11-10,178.411
2006-11-13,178.198
2006-11-14,178.88
2006-11-15,179.083
2006-11-16,179.432
2006-11-17,178.949
2006-11-20,178.717
2006-11-21,179.137
2006-11-22,180.535
2006-11-23,180.571
2006-11-24,180.107
2006-11-27,177.984
2006-11-28,177.873
2006-11-29,179.587
2006-11-30,180.053
2006-12-01,179.517
2006-12-04,180.98
2006-12-05,181.323
2006-12-06,182.041
2006-12-07,182.165
2006-12-08,182.308
2006-12-11,182.442
2006-12-12,183.006
2006-12-13,183.269
2006-12-14,184.342
2006-12-15,184.61
2006-12-18,184.823
2006-12-19,184.474
2006-12-20,185.453
2006-12-21,184.926
2006-12-22,184.343
2006-12-25,184.222
2006-12-26,184.621
2006-12-27,186.107
2006-12-28,186.318
2006-12-29,185.908
2007-01-01,185.908
2007-01-02,187.679
2007-01-03,187.63
2007-01-04,186.76
2007-01-05,185.015
2007-01-08,185.135
2007-01-09,185.653
2007-01-10,184.448
2007-01-11,185.477
2007-01-12,186.91
2007-01-15,187.77
2007-01-16,187.37
2007-01-17,187.171
2007-01-18,186.949
2007-01-19,187.839
2007-01-22,188.05
2007-01-23,188.485
2007-01-24,189.568
2007-01-25,188.406
2007-01-26,186.997
2007-01-29,186.969
2007-01-30,187.768
2007-01-31,187.998
2007-02-01,189.758
2007-02-02,190.243
2007-02-05,189.696
2007-02-06,190.724
2007-02-07,191.618
2007-02-08,190.583
2007-02-09,190.24
2007-02-12,189.029
2007-02-13,190.523
2007-02-14,192.49
2007-02-15,192.983
2007-02-16,192.908
2007-02-19,193.331
2007-02-20,193.663
2007-02-21,193.1
2007-02-22,193.396
2007-02-23,192.978
2007-02-26,192.55
2007-02-27,187.639
2007-02-28,185.584
2007-03-01,184.195
2007-03-02,182.967
2007-03-05,179.68
2007-03-06,182.425
2007-03-07,182.64
2007-03-08,184.519
2007-03-09,185.191
2007-03-12,185.276
2007-03-13,181.736
2007-03-14,179.042
2007-03-15,181.27
2007-03-16,180.535
2007-03-19,182.942
2007-03-20,184.689
2007-03-21,186.943
2007-03-22,188.793
2007-03-23,189.078
2007-03-26,188.11
2007-03-27,187.225
2007-03-28,185.628
2007-03-29,186.498
2007-03-30,186.509
2007-04-02,186.454
2007-04-03,188.439
2007-04-04,188.868
2007-04-05,189.365
2007-04-06,189.343
2007-04-09,188.952
2007-04-10,190.423
2007-04-11,189.878
2007-04-12,189.962
2007-04-13,190.558
2007-04-16,193.903
2007-04-17,194.257
2007-04-18,195.269
2007-04-19,194.256
2007-04-20,196.342
2007-04-23,195.482
2007-04-24,194.613
2007-04-25,196.507
2007-04-26,195.909
2007-04-27,195.54
2007-04-30,195.012
2007-05-01,194.393
2007-05-02,195.643
2007-05-03,196.195
2007-05-04,197.064
2007-05-07,198.076
2007-05-08,196.866
2007-05-09,197.999
2007-05-10,196.225
2007-05-11,197.289
2007-05-14,196.834
2007-05-15,197.194
2007-05-16,197.386
2007-05-17,196.664
2007-05-18,197.356
2007-05-21,196.986
2007-05-22,197.473
2007-05-23,198.522
2007-05-24,196.335
2007-05-25,196.317
2007-05-28,196.469
2007-05-29,197.34
2007-05-30,197.233
2007-05-31,197.919
2007-06-01,198.662
2007-06-04,198.915
2007-06-05,198.174
2007-06-06,196.349
2007-06-07,193.597
2007-06-08,193.464
2007-06-11,194.319
2007-06-12,192.444
2007-06-13,193.595
2007-06-14,194.439
2007-06-15,196.218
2007-06-18,196.219
2007-06-19,196.458
2007-06-20,195.679
2007-06-21,194.676
2007-06-22,192.788
2007-06-25,191.961
2007-06-26,191.158
2007-06-27,190.377
2007-06-28,191.121
2007-06-29,191.246
2007-07-02,192.624
2007-07-03,193.898
2007-07-04,194.376
2007-07-05,193.413
2007-07-06,194.223
2007-07-09,194.313
2007-07-10,192.177
2007-07-11,191.882
2007-07-12,194.244
2007-07-13,195.612
2007-07-16,195.928
2007-07-17,195.515
2007-07-18,193.792
2007-07-19,194.234
2007-07-20,192.057
2007-07-23,191.963
2007-07-24,189.044
2007-07-25,188.008
2007-07-26,183.642
2007-07-27,181.134
2007-07-30,181.581
2007-07-31,182.65
2007-08-01,180.325
2007-08-02,181.497
2007-08-03,178.262
2007-08-06,180.526
2007-08-07,182.808
2007-08-08,187.358
2007-08-09,182.71
2007-08-10,178.928
2007-08-13,179.401
2007-08-14,175.735
2007-08-15,172.876
2007-08-16,172.186
2007-08-17,177.398
2007-08-20,178.118
2007-08-21,178.84
2007-08-22,180.617
2007-08-23,181.493
2007-08-24,181.827
2007-08-27,181.228
2007-08-28,177.082
2007-08-29,178.203
2007-08-30,177.875
2007-08-31,180.326
2007-09-03,180.662
2007-09-04,181.927
2007-09-05,179.066
2007-09-06,178.814
2007-09-07,176.101
2007-09-10,174.87
2007-09-11,177.563
2007-09-12,177.726
2007-09-13,179.111
2007-09-14,178.66
2007-09-17,176.554
2007-09-18,180.258
2007-09-19,185.076
2007-09-20,183.947
2007-09-21,183.971
2007-09-24,183.057
2007-09-25,182.735
2007-09-26,184.05
2007-09-27,186.84
2007-09-28,186.947
2007-10-01,189.333
2007-10-02,191.403
2007-10-03,192.385
2007-10-04,193.077
2007-10-05,195.153
2007-10-08,193.736
2007-10-09,194.942
2007-10-10,194.382
2007-10-11,194.637
2007-10-12,193.858
2007-10-15,191.341
2007-10-16,187.7
2007-10-17,187.879
2007-10-18,187.034
2007-10-19,183.762
2007-10-22,182.331
2007-10-23,184.486
2007-10-24,182.983
2007-10-25,183.499
2007-10-26,186.888
2007-10-29,188.57
2007-10-30,188.744
2007-10-31,191.081
2007-11-01,185.761
2007-11-02,182.486
2007-11-05,179.729
2007-11-06,181.596
2007-11-07,177.735
2007-11-08,175.959
2007-11-09,173.807
2007-11-12,173.357
2007-11-13,177.88
2007-11-14,179.229
2007-11-15,175.237
2007-11-16,173.056
2007-11-19,169.255
2007-11-20,169.606
2007-11-21,165.394
2007-11-22,165.641
2007-11-23,169.135
2007-11-26,167.009
2007-11-27,169.372
2007-11-28,174.38
2007-11-29,175.056
2007-11-30,178.009
2007-12-03,176.982
2007-12-04,174.54
2007-12-05,176.651
2007-12-06,179.381
2007-12-07,179.803
2007-12-10,182.188
2007-12-11,178.437
2007-12-12,177.2
2007-12-13,173.289
2007-12-14,170.672
2007-12-17,166.998
2007-12-18,167.22
2007-12-19,166.721
2007-12-20,166.193
2007-12-21,168.652
2007-12-24,170.36
2007-12-25,170.775
2007-12-26,171.085
2007-12-27,169.986
2007-12-28,170.088
2007-12-31,170.485
2008-01-01,170.485
2008-01-02,168.663
2008-01-03,167.541
2008-01-04,164.104
2008-01-07,163.005
2008-01-08,160.887
2008-01-09,161.052
2008-01-10,161.788
2008-01-11,161.869
2008-01-14,163.271
2008-01-15,158.432
2008-01-16,156.475
2008-01-17,153.892
2008-01-18,151.128
2008-01-21,144.905
2008-01-22,147.57
2008-01-23,151.221
2008-01-24,156.977
2008-01-25,156.414
2008-01-28,157.675
2008-01-29,159.806
2008-01-30,158.395
2008-01-31,159.706
2008-02-01,162.505
2008-02-04,161.469
2008-02-05,154.839
2008-02-06,153.029
2008-02-07,152.147
2008-02-08,150.603
2008-02-11,148.004
2008-02-12,151.324
2008-02-13,151.315
2008-02-14,150.88
2008-02-15,149.764
2008-02-18,150.584
2008-02-19,151.24
2008-02-20,150.182
2008-02-21,150.913
2008-02-22,151.125
2008-02-25,154.069
2008-02-26,156.59
2008-02-27,158.442
2008-02-28,155.537
2008-02-29,151.223
2008-03-03,148.246
2008-03-04,146.543
2008-03-05,147.504
2008-03-06,144.532
2008-03-07,143.136
2008-03-10,140.456
2008-03-11,146.096
2008-03-12,148.262
2008-03-13,146.432
2008-03-14,143.063
2008-03-17,138.361
2008-03-18,146.504
2008-03-19,145.713
2008-03-20,148.562
2008-03-21,149.067
2008-03-24,149.744
2008-03-25,154.245
2008-03-26,152.222
2008-03-27,151.997
2008-03-28,150.372
2008-03-31,150.636
2008-04-01,156.855
2008-04-02,159.753
2008-04-03,159.607
2008-04-04,159.418
2008-04-07,160.373
2008-04-08,158.189
2008-04-09,155.704
2008-04-10,155.057
2008-04-11,153.611
2008-04-14,150.848
2008-04-15,151.625
2008-04-16,156.095
2008-04-17,156.946
2008-04-18,159.183
2008-04-21,158.921
2008-04-22,157.701
2008-04-23,156.727
2008-04-24,158.078
2008-04-25,160.428
2008-04-28,162.183
2008-04-29,161.139
2008-04-30,160.999
2008-05-01,162.367
2008-05-02,165.27
2008-05-05,164.583
2008-05-06,164.465
2008-05-07,161.701
2008-05-08,160.307
2008-05-09,158.46
2008-05-12,160.016
2008-05-13,159.053
2008-05-14,159.491
2008-05-15,160.741
2008-05-16,160.592
2008-05-19,160.074
2008-05-20,157.862
2008-05-21,155.064
2008-05-22,155.333
2008-05-23,153.699
2008-05-26,152.91
2008-05-27,153.224
2008-05-28,152.847
2008-05-29,153.725
2008-05-30,154.137
2008-06-02,152.549
2008-06-03,151.544
2008-06-04,151.093
2008-06-05,152.024
2008-06-06,148.461
2008-06-09,145.709
2008-06-10,144.156
2008-06-11,141.367
2008-06-12,141.957
2008-06-13,143.47
2008-06-16,144.782
2008-06-17,144.113
2008-06-18,142.233
2008-06-19,140.872
2008-06-20,138.772
2008-06-23,135.794
2008-06-24,136.76
2008-06-25,138.192
2008-06-26,134.743
2008-06-27,133.091
2008-06-30,131.593
2008-07-01,129.938
2008-07-02,129.487
2008-07-03,130.242
2008-07-04,128.94
2008-07-07,127.874
2008-07-08,128.684
2008-07-09,128.573
2008-07-10,127.741
2008-07-11,124.985
2008-07-14,123.099
2008-07-15,119.56
2008-07-16,124.477
2008-07-17,130.736
2008-07-18,133.197
2008-07-21,133.954
2008-07-22,136.427
2008-07-23,140.721
2008-07-24,137.297
2008-07-25,134.425
2008-07-28,130.9
2008-07-29,132.763
2008-07-30,135.299
2008-07-31,134.962
2008-08-01,133.979
2008-08-04,132.303
2008-08-05,136.975
2008-08-06,137.243
2008-08-07,133.816
2008-08-08,134.171
2008-08-11,136.537
2008-08-12,133.446
2008-08-13,128.799
2008-08-14,129.882
2008-08-15,129.895
2008-08-18,128.334
2008-08-19,123.93
2008-08-20,124.99
2008-08-21,124.05
2008-08-22,126.392
2008-08-25,125.084
2008-08-26,124.593
2008-08-27,125.484
2008-08-28,129.305
2008-08-29,130.082
2008-09-01,129.082
2008-09-02,130.6
2008-09-03,130.773
2008-09-04,126.041
2008-09-05,125.051
2008-09-08,131.941
2008-09-09,128.456
2008-09-10,127.32
2008-09-11,125.767
2008-09-12,127.495
2008-09-15,119.598
2008-09-16,118.458
2008-09-17,112.892
2008-09-18,117.53
2008-09-19,131.819
2008-09-22,127.577
2008-09-23,125.79
2008-09-24,125.365
2008-09-25,127.892
2008-09-26,127.788
2008-09-29,115.452
2008-09-30,118.881
2008-10-01,121.455
2008-10-02,118.144
2008-10-03,118.212
2008-10-06,109.564
2008-10-07,103.941
2008-10-08,98.916
2008-10-09,94.232
2008-10-10,90.052
2008-10-13,97.569
2008-10-14,103.65
2008-10-15,96.957
2008-10-16,92.953
2008-10-17,93.034
2008-10-20,95.779
2008-10-21,95.059
2008-10-22,88.562
2008-10-23,87.279
2008-10-24,81.884
2008-10-27,76.297
2008-10-28,79.344
2008-10-29,83.365
2008-10-30,86.604
2008-10-31,88.179
2008-11-03,89.161
2008-11-04,94.617
2008-11-05,92.372
2008-11-06,86.202
2008-11-07,86.979
2008-11-10,85.714
2008-11-11,81.412
2008-11-12,77.567
2008-11-13,78.329
2008-11-14,77.092
2008-11-17,73.733
2008-11-18,72.518
2008-11-19,67.188
2008-11-20,61.824
2008-11-21,62.862
2008-11-24,69.681
2008-11-25,72.52
2008-11-26,73.726
2008-11-27,75.122
2008-11-28,76.994
2008-12-01,69.628
2008-12-02,71.082
2008-12-03,72.549
2008-12-04,72.053
2008-12-05,73.169
2008-12-08,78.814
2008-12-09,77.45
2008-12-10,77.751
2008-12-11,75.909
2008-12-12,74.996
2008-12-15,74.885
2008-12-16,78.053
2008-12-17,78.739
2008-12-18,78.174
2008-12-19,77.219
2008-12-22,75.361
2008-12-23,74.974
2008-12-24,75.117
2008-12-25,75.254
2008-12-26,75.503
2008-12-29,76.26
2008-12-30,77.689
2008-12-31,78.363
2009-01-01,78.363
2009-01-02,79.935
2009-01-05,79.608
2009-01-06,80.398
2009-01-07,79.513
2009-01-08,78.892
2009-01-09,77.408
2009-01-12,75.095
2009-01-13,73.306
2009-01-14,69.943
2009-01-15,67.342
2009-01-16,67.388
2009-01-19,65.517
2009-01-20,59.44
2009-01-21,61.981
2009-01-22,60.926
2009-01-23,60.2
2009-01-26,61.861
2009-01-27,63.49
2009-01-28,68.706
2009-01-29,65.917
2009-01-30,64.418
2009-02-02,62.944
2009-02-03,63.193
2009-02-04,63.688
2009-02-05,63.338
2009-02-06,65.547
2009-02-09,66.698
2009-02-10,63.372
2009-02-11,63.51
2009-02-12,62.292
2009-02-13,61.415
2009-02-16,60.451
2009-02-17,56.224
2009-02-18,55.611
2009-02-19,54.873
2009-02-20,52.815
2009-02-23,52.006
2009-02-24,53.582
2009-02-25,53.797
2009-02-26,55.907
2009-02-27,53.546
2009-03-02,49.847
2009-03-03,48.944
2009-03-04,49.573
2009-03-05,46.499
2009-03-06,45.488
2009-03-09,44.757
2009-03-10,49.693
2009-03-11,50.876
2009-03-12,52.887
2009-03-13,54.227
2009-03-16,55.46
2009-03-17,57.203
2009-03-18,59.797
2009-03-19,60.824
2009-03-20,59.138
2009-03-23,64.696
2009-03-24,63.313
2009-03-25,64.054
2009-03-26,65.079
2009-03-27,63.542
2009-03-30,58.757
2009-03-31,61.022
2009-04-01,62.482
2009-04-02,66.62
2009-04-03,67.66
2009-04-06,66.74
2009-04-07,65.03
2009-04-08,64.976
2009-04-09,70.358
2009-04-10,70.319
2009-04-13,71.942
2009-04-14,71.578
2009-04-15,72.045
2009-04-16,73.087
2009-04-17,74.048
2009-04-20,69.08
2009-04-21,70.32
2009-04-22,70.24
2009-04-23,71.374
2009-04-24,73.272
2009-04-27,72.106
2009-04-28,70.641
2009-04-29,73.356
2009-04-30,74.783
2009-05-01,74.225
2009-05-04,77.859
2009-05-05,78.475
2009-05-06,81.34
2009-05-07,81.269
2009-05-08,85.303
2009-05-11,83.532
2009-05-12,81.967
2009-05-13,78.29
2009-05-14,78.954
2009-05-15,79.077
2009-05-18,81.669
2009-05-19,82.996
2009-05-20,82.783
2009-05-21,81.608
2009-05-22,81.949
2009-05-25,82.145
2009-05-26,83.865
2009-05-27,83.304
2009-05-28,83.502
2009-05-29,85.249
2009-06-01,86.991
2009-06-02,86.897
2009-06-03,85.414
2009-06-04,86.437
2009-06-05,85.855
2009-06-08,85.322
2009-06-09,85.963
2009-06-10,86.685
2009-06-11,87.89
2009-06-12,87.725
2009-06-15,84.983
2009-06-16,83.796
2009-06-17,81.985
2009-06-18,83.382
2009-06-19,84.46
2009-06-22,81.408
2009-06-23,81.091
2009-06-24,82.843
2009-06-25,82.92
2009-06-26,84.147
2009-06-29,84.989
2009-06-30,84.304
2009-07-01,84.882
2009-07-02,82.303
2009-07-03,82.548
2009-07-06,81.906
2009-07-07,81.109
2009-07-08,79.347
2009-07-09,80.045
2009-07-10,79.356
2009-07-13,81.44
2009-07-14,82.93
2009-07-15,85.873
2009-07-16,86.282
2009-07-17,86.374
2009-07-20,87.83
2009-07-21,88.069
2009-07-22,87.865
2009-07-23,90.08
2009-07-24,90.354
2009-07-27,91.446
2009-07-28,90.978
2009-07-29,90.565
2009-07-30,92.669
2009-07-31,94.009
2009-08-03,96.926
2009-08-04,97.5
2009-08-05,98.474
2009-08-06,98.705
2009-08-07,99.274
2009-08-10,99.014
2009-08-11,96.976
2009-08-12,98.174
2009-08-13,100.373
2009-08-14,99.799
2009-08-17,95.975
2009-08-18,97.471
2009-08-19,97.371
2009-08-20,99.086
2009-08-21,101.019
2009-08-24,101.988
2009-08-25,102.655
2009-08-26,102.311
2009-08-27,102.599
2009-08-28,103.907
2009-08-31,103.202
2009-09-01,100.145
2009-09-02,98.35
2009-09-03,99.408
2009-09-04,100.591
2009-09-07,101.786
2009-09-08,102.632
2009-09-09,103.369
2009-09-10,103.799
2009-09-11,104.154
2009-09-14,103.974
2009-09-15,103.97
2009-09-16,106.784
2009-09-17,107.426
2009-09-18,106.976
2009-09-21,105.626
2009-09-22,107.503
2009-09-23,107.21
2009-09-24,105.158
2009-09-25,104.333
2009-09-28,106.122
2009-09-29,106.359
2009-09-30,106.597
2009-10-01,103.548
2009-10-02,101.844
2009-10-05,103.416
2009-10-06,105.998
2009-10-07,106.656
2009-10-08,107.979
2009-10-09,108.272
2009-10-12,108.905
2009-10-13,107.954
2009-10-14,110.826
2009-10-15,110.738
2009-10-16,108.664
2009-10-19,109.989
2009-10-20,109.623
2009-10-21,109.134
2009-10-22,109.205
2009-10-23,108.433
2009-10-26,106.115
2009-10-27,104.481
2009-10-28,101.558
2009-10-29,104.448
2009-10-30,101.985
2009-11-02,102.21
2009-11-03,101.028
2009-11-04,102.068
2009-11-05,103.118
2009-11-06,103.598
2009-11-09,106.795
2009-11-10,106.707
2009-11-11,107.782
2009-11-12,106.674
2009-11-13,106.767
2009-11-16,108.069
2009-11-17,106.969
2009-11-18,107.528
2009-11-19,105.296
2009-11-20,104.437
2009-11-23,106.708
2009-11-24,105.437
2009-11-25,105.94
2009-11-26,103.379
2009-11-27,102.481
2009-11-30,103.856
2009-12-01,105.799
2009-12-02,105.615
2009-12-03,105.127
2009-12-04,105.15
2009-12-07,104.063
2009-12-08,102.418
2009-12-09,101.677
2009-12-10,102.145
2009-12-11,101.817
2009-12-14,102.708
2009-12-15,101.55
2009-12-16,103.018
2009-12-17,100.502
2009-12-18,100.089
2009-12-21,101.273
2009-12-22,101.502
2009-12-23,102.089
2009-12-24,102.627
2009-12-25,102.581
2009-12-28,102.942
2009-12-29,103.09
2009-12-30,102.356
2009-12-31,102.716
2010-01-01,102.716
2010-01-04,104.633
2010-01-05,105.835
2010-01-06,106.109
2010-01-07,106.719
2010-01-08,107.073
2010-01-11,107.688
2010-01-12,106.767
2010-01-13,106.604
2010-01-14,107.332
2010-01-15,105.741
2010-01-18,105.949
2010-01-19,105.977
2010-01-20,104.265
2010-01-21,102.141
2010-01-22,100.311
2010-01-25,100.235
2010-01-26,99.186
2010-01-27,99.064
2010-01-28,98.498
2010-01-29,98.008
2010-02-01,98.95
2010-02-02,100.29
2010-02-03,99.316
2010-02-04,95.612
2010-02-05,94.477
2010-02-08,93.885
2010-02-09,94.496
2010-02-10,95.473
2010-02-11,95.404
2010-02-12,95.077
2010-02-15,95.377
2010-02-16,97.369
2010-02-17,98.579
2010-02-18,98.838
2010-02-19,98.383
2010-02-22,99.681
2010-02-23,98.476
2010-02-24,99.127
2010-02-25,98.186
2010-02-26,99.515
2010-03-01,99.482
2010-03-02,100.458
2010-03-03,101.303
2010-03-04,101.546
2010-03-05,103.384
2010-03-08,103.872
2010-03-09,103.631
2010-03-10,104.691
2010-03-11,104.915
2010-03-12,105.451
2010-03-15,104.81
2010-03-16,106.284
2010-03-17,107.554
2010-03-18,106.55
2010-03-19,105.973
2010-03-22,105.883
2010-03-23,106.701
2010-03-24,106.053
2010-03-25,106.848
2010-03-26,107.099
2010-03-29,107.75
2010-03-30,107.291
2010-03-31,107.284
2010-04-01,108.493
2010-04-02,108.543
2010-04-05,108.823
2010-04-06,109.351
2010-04-07,109.187
2010-04-08,108.915
2010-04-09,110.129
2010-04-12,111.171
2010-04-13,110.817
2010-04-14,113.014
2010-04-15,113.243
2010-04-16,110.331
2010-04-19,109.749
2010-04-20,110.882
2010-04-21,110.262
2010-04-22,109.397
2010-04-23,109.609
2010-04-26,109.555
2010-04-27,106.448
2010-04-28,105.643
2010-04-29,107.631
2010-04-30,106.536
2010-05-03,106.972
2010-05-04,103.635
2010-05-05,102.084
2010-05-06,98.133
2010-05-07,95.722
2010-05-10,102.674
2010-05-11,101.376
2010-05-12,102.329
2010-05-13,101.697
2010-05-14,98.307
2010-05-17,97.331
2010-05-18,96.757
2010-05-19,95.17
2010-05-20,92.212
2010-05-21,94.17
2010-05-24,93.06
2010-05-25,91.246
2010-05-26,91.831
2010-05-27,94.993
2010-05-28,94.426
2010-05-31,94.237
2010-06-01,93.442
2010-06-02,93.919
2010-06-03,94.624
2010-06-04,91.417
2010-06-07,89.355
2010-06-08,89.806
2010-06-09,90.471
2010-06-10,92.806
2010-06-11,93.592
2010-06-14,94.716
2010-06-15,96.234
2010-06-16,96.559
2010-06-17,96.536
2010-06-18,97.205
2010-06-21,97.965
2010-06-22,96.791
2010-06-23,95.602
2010-06-24,94.006
2010-06-25,94.623
2010-06-28,94.736
2010-06-29,91.055
2010-06-30,90.558
2010-07-01,89.862
2010-07-02,90.063
2010-07-05,89.577
2010-07-06,91.834
2010-07-07,94.093
2010-07-08,95.536
2010-07-09,96.503
2010-07-12,96.365
2010-07-13,98.464
2010-07-14,98.501
2010-07-15,98.041
2010-07-16,95.467
2010-07-19,95.002
2010-07-20,95.385
2010-07-21,94.897
2010-07-22,97.216
2010-07-23,97.759
2010-07-26,99.417
2010-07-27,101.089
2010-07-28,101.11
2010-07-29,101.41
2010-07-30,100.857
2010-08-02,103.834
2010-08-03,103.661
2010-08-04,103.282
2010-08-05,102.998
2010-08-06,102.666
2010-08-09,103.344
2010-08-10,101.759
2010-08-11,98.224
2010-08-12,97.23
2010-08-13,97.023
2010-08-16,97.04
2010-08-17,98.189
2010-08-18,98.297
2010-08-19,96.893
2010-08-20,95.538
2010-08-23,95.7
2010-08-24,94.127
2010-08-25,93.331
2010-08-26,93.912
2010-08-27,95.05
2010-08-30,94.536
2010-08-31,94.463
2010-09-01,97.735
2010-09-02,98.366
2010-09-03,99.878
2010-09-06,100.418
2010-09-07,98.706
2010-09-08,99.115
2010-09-09,100.409
2010-09-10,100.318
2010-09-13,102.588
2010-09-14,102.63
2010-09-15,102.707
2010-09-16,102.023
2010-09-17,101.422
2010-09-20,102.928
2010-09-21,102.355
2010-09-22,102.007
2010-09-23,100.816
2010-09-24,102.81
2010-09-27,102.375
2010-09-28,102.496
2010-09-29,102.07
2010-09-30,101.656
2010-10-01,102.112
2010-10-04,101.579
2010-10-05,103.951
2010-10-06,104.823
2010-10-07,104.941
2010-10-08,104.72
2010-10-11,104.754
2010-10-12,104.732
2010-10-13,105.658
2010-10-14,105.492
2010-10-15,104.26
2010-10-18,105.305
2010-10-19,104.156
2010-10-20,105.19
2010-10-21,105.035
2010-10-22,104.672
2010-10-25,104.927
2010-10-26,104.253
2010-10-27,103.476
2010-10-28,103.993
2010-10-29,103.939
2010-11-01,103.914
2010-11-02,104.625
2010-11-03,104.88
2010-11-04,108.185
2010-11-05,108.631
2010-11-08,108.011
2010-11-09,107.312
2010-11-10,106.485
2010-11-11,105.872
2010-11-12,105.005
2010-11-15,105.087
2010-11-16,102.986
2010-11-17,102.971
2010-11-18,104.571
2010-11-19,104.185
2010-11-22,102.861
2010-11-23,100.709
2010-11-24,101.483
2010-11-25,101.57
2010-11-26,99.838
2010-11-29,99.45
2010-11-30,98.512
2010-12-01,100.686
2010-12-02,103.19
2010-12-03,103.947
2010-12-06,103.304
2010-12-07,103.667
2010-12-08,104.201
2010-12-09,105.568
2010-12-10,106.007
2010-12-13,106.911
2010-12-14,106.731
2010-12-15,105.538
2010-12-16,105.269
2010-12-17,104.853
2010-12-20,104.93
2010-12-21,106.459
2010-12-22,107.051
2010-12-23,106.736
2010-12-24,106.812
2010-12-27,106.911
2010-12-28,107.23
2010-12-29,107.365
2010-12-30,107.052
2010-12-31,107.451
2011-01-03,108.584
2011-01-04,108.831
2011-01-05,108.877
2011-01-06,108.593
2011-01-07,107.95
2011-01-10,106.961
2011-01-11,107.608
2011-01-12,110.191
2011-01-13,111.338
2011-01-14,112.217
2011-01-17,111.906
2011-01-18,112.467
2011-01-19,111.602
2011-01-20,110.953
2011-01-21,111.987
2011-01-24,112.464
2011-01-25,112.008
2011-01-26,111.994
2011-01-27,112.976
2011-01-28,111.441
2011-01-31,111.831
2011-02-01,114.028
2011-02-02,114.314
2011-02-03,113.894
2011-02-04,114.05
2011-02-07,115.047
2011-02-08,116.118
2011-02-09,115.533
2011-02-10,114.704
2011-02-11,115.241
2011-02-14,115.444
2011-02-15,115.719
2011-02-16,117.0
2011-02-17,117.752
2011-02-18,117.897
2011-02-21,116.983
2011-02-22,114.674
2011-02-23,114.111
2011-02-24,113.839
2011-02-25,115.338
2011-02-28,116.012
2011-03-01,114.732
2011-03-02,114.009
2011-03-03,115.051
2011-03-04,114.603
2011-03-07,113.86
2011-03-08,114.798
2011-03-09,114.828
2011-03-10,112.5
2011-03-11,112.442
2011-03-14,111.352
2011-03-15,108.729
2011-03-16,107.496
2011-03-17,108.91
2011-03-18,109.885
2011-03-21,111.491
2011-03-22,111.957
2011-03-23,111.615
2011-03-24,112.469
2011-03-25,112.344
2011-03-28,112.191
2011-03-29,111.842
2011-03-30,112.724
2011-03-31,112.308
2011-04-01,113.418
2011-04-04,113.488
2011-04-05,113.219
2011-04-06,114.67
2011-04-07,114.55
2011-04-08,115.106
2011-04-11,115.011
2011-04-12,114.001
2011-04-13,114.241
2011-04-14,113.392
2011-04-15,112.962
2011-04-18,110.731
2011-04-19,111.103
2011-04-20,112.625
2011-04-21,113.901
2011-04-22,113.88
2011-04-25,113.662
2011-04-26,114.325
2011-04-27,114.538
2011-04-28,116.082
2011-04-29,116.193
2011-05-02,116.548
2011-05-03,116.116
2011-05-04,114.955
2011-05-05,113.382
2011-05-06,113.794
2011-05-09,112.71
2011-05-10,113.897
2011-05-11,113.281
2011-05-12,112.212
2011-05-13,111.178
2011-05-16,110.79
2011-05-17,110.572
2011-05-18,111.456
2011-05-19,111.837
2011-05-20,110.753
2011-05-23,108.546
2011-05-24,108.407
2011-05-25,108.954
2011-05-26,109.41
2011-05-27,110.756
2011-05-30,110.557
2011-05-31,111.947
2011-06-01,109.969
2011-06-02,109.12
2011-06-03,109.171
2011-06-06,107.819
2011-06-07,107.998
2011-06-08,106.848
2011-06-09,107.316
2011-06-10,106.07
2011-06-13,106.517
2011-06-14,107.891
2011-06-15,105.73
2011-06-16,104.783
2011-06-17,105.935
2011-06-20,105.566
2011-06-21,107.274
2011-06-22,107.06
2011-06-23,104.832
2011-06-24,104.308
2011-06-27,104.707
2011-06-28,105.734
2011-06-29,107.732
2011-06-30,109.307
2011-07-01,110.832
2011-07-04,111.179
2011-07-05,110.444
2011-07-06,109.364
2011-07-07,110.161
2011-07-08,108.915
2011-07-11,105.618
2011-07-12,104.803
2011-07-13,105.82
2011-07-14,104.943
2011-07-15,104.384
2011-07-18,102.356
2011-07-19,103.85
2011-07-20,105.704
2011-07-21,108.482
2011-07-22,108.789
2011-07-25,107.328
2011-07-26,107.786
2011-07-27,105.661
2011-07-28,105.624
2011-07-29,105.129
2011-08-01,104.537
2011-08-02,102.075
2011-08-03,101.214
2011-08-04,96.946
2011-08-05,94.83
2011-08-08,89.2
2011-08-09,92.219
2011-08-10,88.472
2011-08-11,91.608
2011-08-12,92.379
2011-08-15,94.672
2011-08-16,93.804
2011-08-17,94.293
2011-08-18,89.848
2011-08-19,88.258
2011-08-22,87.529
2011-08-23,89.232
2011-08-24,90.509
2011-08-25,90.293
2011-08-26,90.041
2011-08-29,92.739
2011-08-30,93.1
2011-08-31,94.797
2011-09-01,93.914
2011-09-02,90.869
2011-09-05,88.534
2011-09-06,86.81
2011-09-07,89.964
2011-09-08,89.36
2011-09-09,86.086
2011-09-12,84.38
2011-09-13,85.548
2011-09-14,85.752
2011-09-15,88.455
2011-09-16,88.943
2011-09-19,86.382
2011-09-20,86.636
2011-09-21,84.337
2011-09-22,80.414
2011-09-23,81.356
2011-09-26,83.406
2011-09-27,86.409
2011-09-28,85.065
2011-09-29,86.662
2011-09-30,84.118
2011-10-03,80.891
2011-10-04,80.468
2011-10-05,82.262
2011-10-06,85.367
2011-10-07,84.955
2011-10-10,87.753
2011-10-11,88.045
2011-10-12,90.289
2011-10-13,88.575
2011-10-14,89.444
2011-10-17,88.095
2011-10-18,88.703
2011-10-19,89.172
2011-10-20,88.29
2011-10-21,90.658
2011-10-24,92.587
2011-10-25,90.966
2011-10-26,91.27
2011-10-27,97.59
2011-10-28,97.729
2011-10-31,93.942
2011-11-01,88.992
2011-11-02,90.415
2011-11-03,91.405
2011-11-04,90.935
2011-11-07,90.839
2011-11-08,91.905
2011-11-09,88.526
2011-11-10,87.815
2011-11-11,90.132
2011-11-14,88.924
2011-11-15,88.203
2011-11-16,87.048
2011-11-17,85.567
2011-11-18,85.216
2011-11-21,82.877
2011-11-22,82.35
2011-11-23,80.119
2011-11-24,80.095
2011-11-25,80.107
2011-11-28,83.122
2011-11-29,83.479
2011-11-30,87.388
2011-12-01,87.29
2011-12-02,88.802
2011-12-05,90.412
2011-12-06,89.629
2011-12-07,90.287
2011-12-08,87.825
2011-12-09,88.837
2011-12-12,86.807
2011-12-13,85.639
2011-12-14,84.289
2011-12-15,84.545
2011-12-16,84.971
2011-12-19,83.72
2011-12-20,86.052
2011-12-21,86.27
2011-12-22,87.51
2011-12-23,88.071
2011-12-26,88.064
2011-12-27,87.816
2011-12-28,86.322
2011-12-29,87.113
2011-12-30,87.582
2012-01-02,87.895
2012-01-03,89.876
2012-01-04,89.45
2012-01-05,88.759
2012-01-06,88.034
2012-01-09,87.858
2012-01-10,89.785
2012-01-11,90.193
2012-01-12,90.842
2012-01-13,90.439
2012-01-16,90.472
2012-01-17,90.966
2012-01-18,91.722
2012-01-19,93.893
2012-01-20,94.86
2012-01-23,96.01
2012-01-24,95.346
2012-01-25,95.525
2012-01-26,96.284
2012-01-27,96.048
2012-01-30,94.747
2012-01-31,95.197
2012-02-01,97.225
2012-02-02,97.795
2012-02-03,99.309
2012-02-06,99.068
2012-02-07,99.501
2012-02-08,100.177
2012-02-09,100.308
2012-02-10,98.517
2012-02-13,99.485
2012-02-14,98.491
2012-02-15,99.055
2012-02-16,99.279
2012-02-17,100.299
2012-02-20,101.238
2012-02-21,100.849
2012-02-22,99.66
2012-02-23,100.197
2012-02-24,100.726
2012-02-27,100.629
2012-02-28,101.079
2012-02-29,101.041
2012-03-01,101.755
2012-03-02,101.491
2012-03-05,100.859
2012-03-06,97.985
2012-03-07,98.448
2012-03-08,100.238
2012-03-09,100.364
2012-03-12,99.817
2012-03-13,102.476
2012-03-14,102.994
2012-03-15,104.306
2012-03-16,105.175
2012-03-19,105.676
2012-03-20,105.04
2012-03-21,104.282
2012-03-22,103.321
2012-03-23,103.855
2012-03-26,104.935
2012-03-27,104.909
2012-03-28,104.491
2012-03-29,103.099
2012-03-30,103.48
2012-04-02,104.231
2012-04-03,103.312
2012-04-04,101.159
2012-04-05,100.857
2012-04-06,100.779
2012-04-09,99.929
2012-04-10,97.961
2012-04-11,98.937
2012-04-12,100.527
2012-04-13,98.784
2012-04-16,98.695
2012-04-17,100.485
2012-04-18,100.022
2012-04-19,99.537
2012-04-20,99.77
2012-04-23,98.254
2012-04-24,99.338
2012-04-25,100.283
2012-04-26,100.667
2012-04-27,101.22
2012-04-30,100.766
2012-05-01,101.105
2012-05-02,100.225
2012-05-03,99.612
2012-05-04,98.327
2012-05-07,98.261
2012-05-08,97.248
2012-05-09,96.043
2012-05-10,96.9
2012-05-11,96.079
2012-05-14,94.299
2012-05-15,93.407
2012-05-16,92.153
2012-05-17,90.645
2012-05-18,89.3
2012-05-21,89.986
2012-05-22,91.222
2012-05-23,89.913
2012-05-24,90.274
2012-05-25,89.817
2012-05-28,89.963
2012-05-29,90.836
2012-05-30,88.967
2012-05-31,89.096
2012-06-01,87.03
2012-06-04,86.595
2012-06-05,87.744
2012-06-06,90.243
2012-06-07,91.11
2012-06-08,90.715
2012-06-11,90.248
2012-06-12,90.804
2012-06-13,90.995
2012-06-14,91.55
2012-06-15,92.886
2012-06-18,92.647
2012-06-19,94.356
2012-06-20,95.123
2012-06-21,93.513
2012-06-22,93.451
2012-06-25,91.766
2012-06-26,91.843
2012-06-27,93.188
2012-06-28,92.82
2012-06-29,95.954
2012-07-02,96.6
2012-07-03,97.418
2012-07-04,97.205
2012-07-05,96.154
2012-07-06,95.151
2012-07-09,94.638
2012-07-10,94.356
2012-07-11,94.944
2012-07-12,93.689
2012-07-13,95.326
2012-07-16,95.255
2012-07-17,95.592
2012-07-18,95.831
2012-07-19,96.22
2012-07-20,94.388
2012-07-23,92.608
2012-07-24,92.068
2012-07-25,92.188
2012-07-26,94.502
2012-07-27,96.457
2012-07-30,97.126
2012-07-31,96.835
2012-08-01,96.629
2012-08-02,95.338
2012-08-03,97.687
2012-08-06,98.397
2012-08-07,98.877
2012-08-08,98.984
2012-08-09,99.018
2012-08-10,98.925
2012-08-13,98.884
2012-08-14,98.984
2012-08-15,99.042
2012-08-16,100.04
2012-08-17,100.547
2012-08-20,100.49
2012-08-21,101.435
2012-08-22,100.835
2012-08-23,100.685
2012-08-24,100.417
2012-08-27,100.518
2012-08-28,100.413
2012-08-29,100.431
2012-08-30,99.58
2012-08-31,100.413
2012-09-03,100.463
2012-09-04,100.075
2012-09-05,100.077
2012-09-06,102.382
2012-09-07,104.262
2012-09-10,103.93
2012-09-11,104.667
2012-09-12,105.582
2012-09-13,106.587
2012-09-14,108.849
2012-09-17,108.162
2012-09-18,107.205
2012-09-19,107.385
2012-09-20,106.361
2012-09-21,106.728
2012-09-24,106.424
2012-09-25,106.107
2012-09-26,104.322
2012-09-27,105.318
2012-09-28,104.591
2012-10-01,105.386
2012-10-02,105.398
2012-10-03,105.566
2012-10-04,106.887
2012-10-05,107.596
2012-10-08,106.833
2012-10-09,106.002
2012-10-10,105.722
2012-10-11,106.425
2012-10-12,105.843
2012-10-15,106.569
2012-10-16,108.063
2012-10-17,109.402
2012-10-18,109.718
2012-10-19,108.259
2012-10-22,108.27
2012-10-23,106.677
2012-10-24,106.8
2012-10-25,107.119
2012-10-26,106.507
2012-10-29,106.114
2012-10-30,106.703
2012-10-31,107.057
2012-11-01,108.08
2012-11-02,107.797
2012-11-05,107.279
2012-11-06,108.188
2012-11-07,106.157
2012-11-08,105.426
2012-11-09,105.085
2012-11-12,105.146
2012-11-13,104.955
2012-11-14,103.813
2012-11-15,103.796
2012-11-16,103.517
2012-11-19,105.816
2012-11-20,105.959
2012-11-21,106.143
2012-11-22,106.801
2012-11-23,107.923
2012-11-26,107.462
2012-11-27,107.247
2012-11-28,107.301
2012-11-29,108.375
2012-11-30,108.502
2012-12-03,108.582
2012-12-04,108.696
2012-12-05,109.379
2012-12-06,109.606
2012-12-07,109.991
2012-12-10,109.725
2012-12-11,110.233
2012-12-12,110.754
2012-12-13,110.604
2012-12-14,110.577
2012-12-17,111.611
2012-12-18,112.869
2012-12-19,113.517
2012-12-20,114.271
2012-12-21,113.354
2012-12-24,113.226
2012-12-25,113.35
2012-12-26,113.336
2012-12-27,113.291
2012-12-28,112.729
2012-12-31,113.294
2013-01-01,113.302
2013-01-02,115.986
2013-01-03,115.786
2013-01-04,116.62
2013-01-07,116.707
2013-01-08,116.188
2013-01-09,116.824
2013-01-10,118.2
2013-01-11,118.431
2013-01-14,118.34
2013-01-15,118.52
2013-01-16,118.074
2013-01-17,118.312
2013-01-18,118.418
2013-01-21,118.583
2013-01-22,119.001
2013-01-23,118.521
2013-01-24,119.328
2013-01-25,119.924
2013-01-28,119.87
2013-01-29,120.482
2013-01-30,120.545
2013-01-31,120.422
2013-02-01,121.174
2013-02-04,119.577
2013-02-05,119.952
2013-02-06,120.274
2013-02-07,119.653
2013-02-08,120.652
2013-02-11,120.464
2013-02-12,121.933
2013-02-13,121.808
2013-02-14,121.633
2013-02-15,120.874
2013-02-18,121.376
2013-02-19,122.436
2013-02-20,121.661
2013-02-21,119.56
2013-02-22,120.491
2013-02-25,119.521
2013-02-26,118.406
2013-02-27,119.682
2013-02-28,120.354
2013-03-01,119.985
2013-03-04,120.198
2013-03-05,121.611
2013-03-06,121.946
2013-03-07,122.276
2013-03-08,122.887
2013-03-11,123.724
2013-03-12,123.334
2013-03-13,122.938
2013-03-14,124.085
2013-03-15,124.71
2013-03-18,122.826
2013-03-19,121.912
2013-03-20,122.6
2013-03-21,121.917
2013-03-22,122.223
2013-03-25,121.608
2013-03-26,121.902
2013-03-27,121.469
2013-03-28,121.801
2013-03-29,121.71
2013-04-01,121.104
2013-04-02,122.474
2013-04-03,121.165
2013-04-04,121.093
2013-04-05,121.204
2013-04-08,121.896
2013-04-09,122.615
2013-04-10,124.676
2013-04-11,125.7
2013-04-12,125.175
2013-04-15,123.219
2013-04-16,123.687
2013-04-17,122.269
2013-04-18,121.396
2013-04-19,122.33
2013-04-22,122.593
2013-04-23,124.465
2013-04-24,125.578
2013-04-25,126.458
2013-04-26,126.358
2013-04-29,127.396
2013-04-30,128.615
2013-05-01,127.837
2013-05-02,128.052
2013-05-03,128.967
2013-05-06,129.305
2013-05-07,130.407
2013-05-08,131.41
2013-05-09,130.415
2013-05-10,130.053
2013-05-13,130.366
2013-05-14,130.991
2013-05-15,131.722
2013-05-16,131.31
2013-05-17,132.034
2013-05-20,132.666
2013-05-21,132.325
2013-05-22,131.523
2013-05-23,128.755
2013-05-24,128.508
2013-05-27,128.411
2013-05-28,129.305
2013-05-29,128.925
2013-05-30,129.567
2013-05-31,127.882
2013-06-03,127.46
2013-06-04,127.945
2013-06-05,125.49
2013-06-06,125.566
2013-06-07,127.228
2013-06-10,127.202
2013-06-11,125.932
2013-06-12,125.203
2013-06-13,126.179
2013-06-14,126.026
2013-06-17,127.18
2013-06-18,127.685
2013-06-19,127.043
2013-06-20,122.365
2013-06-21,121.717
2013-06-24,119.909
2013-06-25,121.403
2013-06-26,122.867
2013-06-27,124.001
2013-06-28,123.776
2013-07-01,124.729
2013-07-02,124.876
2013-07-03,123.992
2013-07-04,125.149
2013-07-05,125.437
2013-07-08,126.286
2013-07-09,127.362
2013-07-10,127.433
2013-07-11,129.214
2013-07-12,129.418
2013-07-15,129.985
2013-07-16,130.017
2013-07-17,130.327
2013-07-18,131.825
2013-07-19,132.093
2013-07-22,133.224
2013-07-23,133.209
2013-07-24,133.065
2013-07-25,132.89
2013-07-26,132.627
2013-07-29,131.779
2013-07-30,131.615
2013-07-31,131.307
2013-08-01,133.013
2013-08-02,133.88
2013-08-05,133.336
2013-08-06,132.964
2013-08-07,132.057
2013-08-08,133.12
2013-08-09,133.219
2013-08-12,132.715
2013-08-13,132.868
2013-08-14,133.29
2013-08-15,131.683
2013-08-16,132.058
2013-08-19,130.717
2013-08-20,130.539
2013-08-21,129.488
2013-08-22,130.324
2013-08-23,131.228
2013-08-26,130.696
2013-08-27,128.209
2013-08-28,127.664
2013-08-29,127.858
2013-08-30,126.985
2013-09-02,128.107
2013-09-03,128.761
2013-09-04,129.595
2013-09-05,129.914
2013-09-06,130.363
2013-09-09,131.854
2013-09-10,133.566
2013-09-11,134.094
2013-09-12,133.608
2013-09-13,133.417
2013-09-16,135.078
2013-09-17,135.068
2013-09-18,136.21
2013-09-19,137.42
2013-09-20,136.448
2013-09-23,135.527
2013-09-24,135.091
2013-09-25,135.415
2013-09-26,135.331
2013-09-27,135.234
2013-09-30,133.917
2013-10-01,135.023
2013-10-02,135.027
2013-10-03,134.478
2013-10-04,135.072
2013-10-07,133.876
2013-10-08,132.973
2013-10-09,133.138
2013-10-10,135.782
2013-10-11,136.93
2013-10-14,137.399
2013-10-15,137.238
2013-10-16,138.741
2013-10-17,140.481
2013-10-18,141.286
2013-10-21,141.15
2013-10-22,141.947
2013-10-23,140.589
2013-10-24,140.994
2013-10-25,140.861
2013-10-28,140.737
2013-10-29,140.829
2013-10-30,140.674
2013-10-31,139.58
2013-11-01,139.076
2013-11-04,139.304
2013-11-05,138.518
2013-11-06,139.314
2013-11-07,137.95
2013-11-08,138.866
2013-11-11,139.377
2013-11-12,138.744
2013-11-13,138.627
2013-11-14,139.834
2013-11-15,140.794
2013-11-18,141.564
2013-11-19,141.037
2013-11-20,140.481
2013-11-21,140.973
2013-11-22,141.519
2013-11-25,141.697
2013-11-26,141.648
2013-11-27,142.024
2013-11-28,142.513
2013-11-29,142.287
2013-12-02,141.669
2013-12-03,140.376
2013-12-04,139.462
2013-12-05,138.416
2013-12-06,139.7
2013-12-09,140.123
2013-12-10,139.922
2013-12-11,138.328
2013-12-12,137.365
2013-12-13,137.444
2013-12-16,138.355
2013-12-17,137.557
2013-12-18,139.739
2013-12-19,140.342
2013-12-20,141.272
2013-12-23,142.436
2013-12-24,142.55
2013-12-25,142.551
2013-12-26,142.884
2013-12-27,143.555
2013-12-30,143.85
2013-12-31,144.257
2014-01-01,144.261
2014-01-02,143.144
2014-01-03,143.481
2014-01-06,143.514
2014-01-07,143.996
2014-01-08,144.766
2014-01-09,144.635
2014-01-10,145.089
2014-01-13,144.648
2014-01-14,144.495
2014-01-15,145.842
2014-01-16,145.015
2014-01-17,144.876
2014-01-20,144.443
2014-01-21,144.53
2014-01-22,144.673
2014-01-23,143.151
2014-01-24,140.224
2014-01-27,138.894
2014-01-28,139.901
2014-01-29,139.292
2014-01-30,139.399
2014-01-31,138.181
2014-02-03,135.727
2014-02-04,135.907
2014-02-05,136.42
2014-02-06,138.293
2014-02-07,139.715
2014-02-10,139.992
2014-02-11,141.539
2014-02-12,142.068
2014-02-13,142.202
2014-02-14,142.447
2014-02-17,142.96
2014-02-18,143.692
2014-02-19,142.916
2014-02-20,142.435
2014-02-21,142.774
2014-02-24,143.406
2014-02-25,143.248
2014-02-26,142.585
2014-02-27,142.784
2014-02-28,143.533
2014-03-03,141.523
2014-03-04,143.586
2014-03-05,144.438
2014-03-06,145.644
2014-03-07,145.329
2014-03-10,144.885
2014-03-11,144.601
2014-03-12,143.847
2014-03-13,142.929
2014-03-14,141.384
2014-03-17,142.568
2014-03-18,143.386
2014-03-19,143.016
2014-03-20,143.084
2014-03-21,143.224
2014-03-24,142.889
2014-03-25,143.408
2014-03-26,143.444
2014-03-27,143.155
2014-03-28,143.837
2014-03-31,145.206
2014-04-01,146.23
2014-04-02,146.563
2014-04-03,146.591
2014-04-04,146.417
2014-04-07,144.678
2014-04-08,144.747
2014-04-09,145.338
2014-04-10,143.869
2014-04-11,142.423
2014-04-14,142.576
2014-04-15,142.471
2014-04-16,143.94
2014-04-17,144.501
2014-04-18,144.561
2014-04-21,144.334
2014-04-22,145.233
2014-04-23,145.25
2014-04-24,145.429
2014-04-25,144.325
2014-04-28,143.941
2014-04-29,145.311
2014-04-30,145.411
2014-05-01,145.799
2014-05-02,145.929
2014-05-05,145.475
2014-05-06,144.871
2014-05-07,145.031
2014-05-08,146.024
2014-05-09,145.283
2014-05-12,146.186
2014-05-13,146.506
2014-05-14,146.224
2014-05-15,144.878
2014-05-16,144.787
2014-05-19,144.757
2014-05-20,144.321
2014-05-21,144.906
2014-05-22,145.581
2014-05-23,146.134
2014-05-26,146.777
2014-05-27,147.475
2014-05-28,147.558
2014-05-29,147.805
2014-05-30,147.995
2014-06-02,148.273
2014-06-03,148.23
2014-06-04,148.52
2014-06-05,149.315
2014-06-06,150.69
2014-06-09,151.023
2014-06-10,150.841
2014-06-11,150.207
2014-06-12,149.799
2014-06-13,149.59
2014-06-16,149.122
2014-06-17,149.629
2014-06-18,150.042
2014-06-19,150.834
2014-06-20,150.464
2014-06-23,150.5
2014-06-24,149.597
2014-06-25,149.264
2014-06-26,149.007
2014-06-27,149.371
2014-06-30,149.406
2014-07-01,150.342
2014-07-02,150.703
2014-07-03,151.422
2014-07-04,151.173
2014-07-07,150.463
2014-07-08,149.133
2014-07-09,149.331
2014-07-10,148.169
2014-07-11,148.268
2014-07-14,149.291
2014-07-15,149.454
2014-07-16,150.164
2014-07-17,148.691
2014-07-18,149.326
2014-07-21,148.896
2014-07-22,149.64
2014-07-23,150.089
2014-07-24,150.777
2014-07-25,150.44
2014-07-28,150.509
2014-07-29,150.206
2014-07-30,150.259
2014-07-31,148.379
2014-08-01,147.084
2014-08-04,147.347
2014-08-05,146.129
2014-08-06,145.763
2014-08-07,145.041
2014-08-08,145.139
2014-08-11,145.997
2014-08-12,146.306
2014-08-13,147.269
2014-08-14,147.857
2014-08-15,147.404
2014-08-18,148.449
2014-08-19,148.888
2014-08-20,149.028
2014-08-21,150.307
2014-08-22,149.863
2014-08-25,150.864
2014-08-26,151.337
2014-08-27,151.589
2014-08-28,150.642
2014-08-29,151.162
2014-09-01,150.963
2014-09-02,151.165
2014-09-03,152.05
2014-09-04,152.161
2014-09-05,151.896
2014-09-08,151.469
2014-09-09,150.133
2014-09-10,150.377
2014-09-11,150.51
2014-09-12,150.215
2014-09-15,149.778
2014-09-16,149.678
2014-09-17,150.231
2014-09-18,151.331
2014-09-19,151.02
2014-09-22,149.869
2014-09-23,149.071
2014-09-24,149.264
2014-09-25,147.691
2014-09-26,148.012
2014-09-29,146.853
2014-09-30,146.716
2014-10-01,145.653
2014-10-02,144.526
2014-10-03,145.325
2014-10-06,145.94
2014-10-07,144.483
2014-10-08,145.319
2014-10-09,144.131
2014-10-10,142.077
2014-10-13,141.818
2014-10-14,141.625
2014-10-15,139.211
2014-10-16,138.668
2014-10-17,140.753
2014-10-20,141.619
2014-10-21,143.722
2014-10-22,143.501
2014-10-23,144.428
2014-10-24,145.362
2014-10-27,145.329
2014-10-28,146.834
2014-10-29,146.867
2014-10-30,146.901
2014-10-31,148.946
2014-11-03,148.207
2014-11-04,148.52
2014-11-05,149.118
2014-11-06,148.425
2014-11-07,148.273
2014-11-10,149.154
2014-11-11,149.023
2014-11-12,148.588
2014-11-13,148.697
2014-11-14,148.715
2014-11-17,148.51
2014-11-18,149.26
2014-11-19,148.946
2014-11-20,148.498
2014-11-21,149.562
2014-11-24,150.184
2014-11-25,150.585
2014-11-26,151.069
2014-11-27,151.058
2014-11-28,150.976
2014-12-01,149.773
2014-12-02,150.521
2014-12-03,150.859
2014-12-04,150.436
2014-12-05,151.383
2014-12-08,151.271
2014-12-09,150.544
2014-12-10,148.943
2014-12-11,148.689
2014-12-12,146.391
2014-12-15,144.249
2014-12-16,144.362
2014-12-17,145.234
2014-12-18,147.737
2014-12-19,148.587
2014-12-22,149.444
2014-12-23,149.884
2014-12-24,149.968
2014-12-25,149.941
2014-12-26,149.994
2014-12-29,150.441
2014-12-30,149.821
2014-12-31,148.827
2015-01-01,148.827
2015-01-02,148.609
2015-01-05,145.44
2015-01-06,143.329
2015-01-07,143.516
2015-01-08,145.658
2015-01-09,144.21
2015-01-12,143.6
2015-01-13,143.879
2015-01-14,141.997
2015-01-15,141.578
2015-01-16,142.047
2015-01-19,142.662
2015-01-20,142.68
2015-01-21,143.243
2015-01-22,145.216
2015-01-23,144.488
2015-01-26,144.809
2015-01-27,144.64
2015-01-28,142.883
2015-01-29,143.071
2015-01-30,141.28
2015-02-02,142.821
2015-02-03,145.057
2015-02-04,145.285
2015-02-05,146.381
2015-02-06,146.959
2015-02-09,146.236
2015-02-10,146.725
2015-02-11,146.166
2015-02-12,148.025
2015-02-13,149.193
2015-02-16,149.502
2015-02-17,149.724
2015-02-18,149.892
2015-02-19,149.886
2015-02-20,150.357
2015-02-23,150.06
2015-02-24,150.542
2015-02-25,150.945
2015-02-26,150.631
2015-02-27,150.623
2015-03-02,151.1
2015-03-03,150.477
2015-03-04,149.64
2015-03-05,149.957
2015-03-06,148.921
2015-03-09,148.779
2015-03-10,146.111
2015-03-11,146.457
2015-03-12,148.762
2015-03-13,147.866
2015-03-16,149.51
2015-03-17,149.218
2015-03-18,150.016
2015-03-19,149.828
2015-03-20,152.6
2015-03-23,152.914
2015-03-24,152.705
2015-03-25,151.725
2015-03-26,150.521
2015-03-27,150.145
2015-03-30,151.068
2015-03-31,149.948
2015-04-01,150.295
2015-04-02,151.597
2015-04-03,151.618
2015-04-06,152.47
2015-04-07,152.184
2015-04-08,152.554
2015-04-09,152.659
2015-04-10,152.788
2015-04-13,152.82
2015-04-14,153.372
2015-04-15,153.481
2015-04-16,154.191
2015-04-17,152.603
2015-04-20,153.019
2015-04-21,152.884
2015-04-22,153.539
2015-04-23,153.96
2015-04-24,154.493
2015-04-27,155.088
2015-04-28,155.63
2015-04-29,155.355
2015-04-30,154.011
2015-05-01,154.197
2015-05-04,154.762
2015-05-05,153.626
2015-05-06,153.607
2015-05-07,153.546
2015-05-08,155.847
2015-05-11,155.608
2015-05-12,155.304
2015-05-13,156.095
2015-05-14,156.957
2015-05-15,157.125
2015-05-18,157.098
2015-05-19,157.106
2015-05-20,156.974
2015-05-21,157.228
2015-05-22,156.682
2015-05-25,156.675
2015-05-26,154.857
2015-05-27,155.671
2015-05-28,155.369
2015-05-29,154.291
2015-06-01,154.086
2015-06-02,154.773
2015-06-03,155.838
2015-06-04,154.769
2015-06-05,153.55
2015-06-08,152.935
2015-06-09,153.141
2015-06-10,155.469
2015-06-11,155.912
2015-06-12,155.554
2015-06-15,154.364
2015-06-16,154.634
2015-06-17,154.228
2015-06-18,155.702
2015-06-19,155.055
2015-06-22,157.543
2015-06-23,157.728
2015-06-24,156.893
2015-06-25,156.49
2015-06-26,156.454
2015-06-29,152.317
2015-06-30,152.391
2015-07-01,154.01
2015-07-02,153.765
2015-07-03,153.391
2015-07-06,151.466
2015-07-07,150.485
2015-07-08,148.753
2015-07-09,150.355
2015-07-10,152.928
2015-07-13,154.25
2015-07-14,155.145
2015-07-15,155.725
2015-07-16,157.21
2015-07-17,156.897
2015-07-20,157.109
2015-07-21,157.104
2015-07-22,156.696
2015-07-23,156.274
2015-07-24,154.749
2015-07-27,153.598
2015-07-28,154.174
2015-07-29,155.312
2015-07-30,155.282
2015-07-31,155.675
2015-08-03,155.273
2015-08-04,155.155
2015-08-05,155.338
2015-08-06,154.858
2015-08-07,154.51
2015-08-10,155.932
2015-08-11,154.575
2015-08-12,153.057
2015-08-13,153.28
2015-08-14,153.626
2015-08-17,153.684
2015-08-18,153.474
2015-08-19,152.091
2015-08-20,149.572
2015-08-21,145.538
2015-08-24,139.16
2015-08-25,139.633
2015-08-26,141.8
2015-08-27,144.77
2015-08-28,144.859
2015-08-31,143.699
2015-09-01,139.539
2015-09-02,140.277
2015-09-03,141.037
2015-09-04,138.196
2015-09-07,138.305
2015-09-08,141.07
2015-09-09,141.969
2015-09-10,141.334
2015-09-11,141.492
2015-09-14,141.097
2015-09-15,142.018
2015-09-16,143.505
2015-09-17,142.779
2015-09-18,140.639
2015-09-21,140.663
2015-09-22,138.287
2015-09-23,137.739
2015-09-24,136.868
2015-09-25,138.807
2015-09-28,136.402
2015-09-29,135.593
2015-09-30,137.975
2015-10-01,138.795
2015-10-02,139.22
2015-10-05,142.082
2015-10-06,142.537
2015-10-07,143.896
2015-10-08,144.269
2015-10-09,144.901
2015-10-12,144.935
2015-10-13,143.409
2015-10-14,142.393
2015-10-15,144.705
2015-10-16,145.801
2015-10-19,145.558
2015-10-20,145.806
2015-10-21,145.219
2015-10-22,146.453
2015-10-23,147.851
2015-10-26,147.741
2015-10-27,146.84
2015-10-28,148.766
2015-10-29,147.326
2015-10-30,146.601
2015-11-02,147.35
2015-11-03,147.105
2015-11-04,146.828
2015-11-05,146.821
2015-11-06,147.404
2015-11-09,146.341
2015-11-10,146.252
2015-11-11,146.789
2015-11-12,145.134
2015-11-13,143.819
2015-11-16,144.305
2015-11-17,145.166
2015-11-18,146.307
2015-11-19,147.755
2015-11-20,147.591
2015-11-23,146.958
2015-11-24,146.373
2015-11-25,146.475
2015-11-26,147.036
2015-11-27,146.799
2015-11-30,146.402
2015-12-01,148.236
2015-12-02,147.12
2015-12-03,145.753
2015-12-04,147.414
2015-12-07,146.482
2015-12-08,144.403
2015-12-09,143.743
2015-12-10,143.33
2015-12-11,140.856
2015-12-14,139.858
2015-12-15,141.831
2015-12-16,143.977
2015-12-17,143.296
2015-12-18,141.378
2015-12-21,141.698
2015-12-22,142.619
2015-12-23,144.256
2015-12-24,144.797
2015-12-25,144.712
2015-12-28,144.421
2015-12-29,145.777
2015-12-30,144.976
2015-12-31,143.809
2016-01-01,143.809
2016-01-04,140.481
2016-01-05,140.378
2016-01-06,138.275
2016-01-07,134.999
2016-01-08,133.301
2016-01-11,133.183
2016-01-12,133.238
2016-01-13,132.191
2016-01-14,131.655
2016-01-15,128.837
2016-01-18,127.679
2016-01-19,128.264
2016-01-20,124.589
2016-01-21,124.564
2016-01-22,127.767
2016-01-25,125.82
2016-01-26,127.114
2016-01-27,127.262
2016-01-28,127.088
2016-01-29,129.673
2016-02-01,129.047
2016-02-02,125.904
2016-02-03,125.231
2016-02-04,127.161
2016-02-05,125.381
2016-02-08,122.082
2016-02-09,120.357
2016-02-10,120.469
2016-02-11,117.343
2016-02-12,120.24
2016-02-15,122.023
2016-02-16,123.383
2016-02-17,125.282
2016-02-18,125.017
2016-02-19,124.41
2016-02-22,126.13
2016-02-23,124.276
2016-02-24,122.933
2016-02-25,124.926
2016-02-26,125.852
2016-02-29,125.124
2016-03-01,128.137
2016-03-02,130.331
2016-03-03,132.019
2016-03-04,132.863
2016-03-07,132.659
2016-03-08,131.337
2016-03-09,131.516
2016-03-10,131.531
2016-03-11,135.297
2016-03-14,135.251
2016-03-15,134.369
2016-03-16,133.77
2016-03-17,136.26
2016-03-18,136.885
2016-03-21,136.426
2016-03-22,135.979
2016-03-23,134.541
2016-03-24,132.668
2016-03-25,132.811
2016-03-28,133.349
2016-03-29,133.355
2016-03-30,134.942
2016-03-31,134.752
2016-04-01,133.774
2016-04-04,133.623
2016-04-05,131.109
2016-04-06,131.726
2016-04-07,130.012
2016-04-08,131.229
2016-04-11,131.858
2016-04-12,133.374
2016-04-13,136.883
2016-04-14,137.75
2016-04-15,137.437
2016-04-18,137.694
2016-04-19,139.747
2016-04-20,140.81
2016-04-21,140.47
2016-04-22,141.176
2016-04-25,140.739
2016-04-26,141.74
2016-04-27,141.207
2016-04-28,140.344
2016-04-29,139.485
2016-05-02,139.834
2016-05-03,137.759
2016-05-04,136.453
2016-05-05,136.053
2016-05-06,135.857
2016-05-09,135.666
2016-05-10,137.5
2016-05-11,136.574
2016-05-12,136.318
2016-05-13,134.851
2016-05-16,135.503
2016-05-17,135.444
2016-05-18,136.943
2016-05-19,135.663
2016-05-20,136.744
2016-05-23,136.482
2016-05-24,138.503
2016-05-25,140.44
2016-05-26,140.307
2016-05-27,140.868
2016-05-30,140.844
2016-05-31,140.363
2016-06-01,140.045
2016-06-02,139.792
2016-06-03,139.359
2016-06-06,139.918
2016-06-07,140.426
2016-06-08,140.594
2016-06-09,139.101
2016-06-10,136.618
2016-06-13,134.684
2016-06-14,132.196
2016-06-15,132.606
2016-06-16,131.821
2016-06-17,133.372
2016-06-20,136.337
2016-06-21,137.053
2016-06-22,137.293
2016-06-23,139.997
2016-06-24,129.774
2016-06-27,124.823
2016-06-28,127.431
2016-06-29,130.57
2016-06-30,132.062
2016-07-01,132.122
2016-07-04,131.925
2016-07-05,129.573
2016-07-06,128.489
2016-07-07,129.019
2016-07-08,130.803
2016-07-11,132.346
2016-07-12,134.676
2016-07-13,134.994
2016-07-14,136.32
2016-07-15,136.193
2016-07-18,136.608
2016-07-19,136.179
2016-07-20,136.922
2016-07-21,136.907
2016-07-22,136.85
2016-07-25,136.729
2016-07-26,136.952
2016-07-27,137.098
2016-07-28,136.934
2016-07-29,138.436
2016-08-01,138.031
2016-08-02,136.588
2016-08-03,136.551
2016-08-04,136.987
2016-08-05,138.611
2016-08-08,139.782
2016-08-09,140.588
2016-08-10,140.423
2016-08-11,140.623
2016-08-12,140.491
2016-08-15,140.927
2016-08-16,140.319
2016-08-17,140.489
2016-08-18,140.745
2016-08-19,140.152
2016-08-22,140.309
2016-08-23,141.184
2016-08-24,141.219
2016-08-25,141.206
2016-08-26,141.295
2016-08-29,141.339
2016-08-30,142.325
2016-08-31,142.879
2016-09-01,143.239
2016-09-02,144.208
2016-09-05,144.484
2016-09-06,144.403
2016-09-07,144.42
2016-09-08,144.774
2016-09-09,143.157
2016-09-12,142.701
2016-09-13,140.497
2016-09-14,140.023
2016-09-15,141.007
2016-09-16,139.571
2016-09-19,140.634
2016-09-20,140.551
2016-09-21,142.428
2016-09-22,143.807
2016-09-23,142.569
2016-09-26,140.568
2016-09-27,140.582
2016-09-28,141.016
2016-09-29,140.521
2016-09-30,141.168
2016-10-03,140.964
2016-10-04,141.292
2016-10-05,142.905
2016-10-06,143.048
2016-10-07,143.033
2016-10-10,143.583
2016-10-11,142.019
2016-10-12,141.83
2016-10-13,140.24
2016-10-14,141.291
2016-10-17,140.861
2016-10-18,142.398
2016-10-19,143.433
2016-10-20,143.528
2016-10-21,143.461
2016-10-24,144.219
2016-10-25,144.115
2016-10-26,144.69
2016-10-27,144.86
2016-10-28,144.522
2016-10-31,144.357
2016-11-01,143.916
2016-11-02,142.444
2016-11-03,142.818
2016-11-04,141.739
2016-11-07,144.515
2016-11-08,145.022
2016-11-09,147.326
2016-11-10,151.792
2016-11-11,152.485
2016-11-14,154.468
2016-11-15,154.729
2016-11-16,153.442
2016-11-17,154.576
2016-11-18,153.734
2016-11-21,154.534
2016-11-22,155.102
2016-11-23,155.185
2016-11-24,155.394
2016-11-25,155.562
2016-11-28,154.007
2016-11-29,154.582
2016-11-30,155.59
2016-12-01,157.589
2016-12-02,156.961
2016-12-05,158.208
2016-12-06,160.585
2016-12-07,163.483
2016-12-08,164.779
2016-12-09,164.676
2016-12-12,163.702
2016-12-13,164.456
2016-12-14,163.737
2016-12-15,163.486
2016-12-16,162.803
2016-12-19,162.427
2016-12-20,163.401
2016-12-21,163.344
2016-12-22,162.943
2016-12-23,162.842
2016-12-26,162.737
2016-12-27,162.762
2016-12-28,161.66
2016-12-29,161.148
2016-12-30,161.745
2017-01-02,161.932
2017-01-03,163.075
2017-01-04,165.25
2017-01-05,165.234
2017-01-06,165.323
2017-01-09,164.151
2017-01-10,164.522
2017-01-11,164.391
2017-01-12,164.603
2017-01-13,165.539
2017-01-16,164.74
2017-01-17,163.325
2017-01-18,163.765
2017-01-19,162.821
2017-01-20,163.587
2017-01-23,163.162
2017-01-24,164.503
2017-01-25,167.149
2017-01-26,167.576
2017-01-27,167.298
2017-01-30,165.872
2017-01-31,165.331
2017-02-01,165.625
2017-02-02,165.358
2017-02-03,167.611
2017-02-06,166.655
2017-02-07,166.049
2017-02-08,165.614
2017-02-09,166.826
2017-02-10,167.258
2017-02-13,168.483
2017-02-14,169.35
2017-02-15,171.029
2017-02-16,171.32
2017-02-17,170.813
2017-02-20,171.039
2017-02-21,170.877
2017-02-22,170.95
2017-02-23,171.213
2017-02-24,169.537
2017-02-27,169.62
2017-02-28,169.342
2017-03-01,172.459
2017-03-02,171.154
2017-03-03,171.838
2017-03-06,171.279
2017-03-07,170.822
2017-03-08,170.743
2017-03-09,171.348
2017-03-10,172.128
2017-03-13,172.42
2017-03-14,171.694
2017-03-15,171.916
2017-03-16,173.397
2017-03-17,172.36
2017-03-20,171.504
2017-03-21,169.162
2017-03-22,167.744
2017-03-23,168.307
2017-03-24,168.34
2017-03-27,167.925
2017-03-28,170.025
2017-03-29,169.314
2017-03-30,170.481
2017-03-31,169.384
2017-04-03,168.403
2017-04-04,168.012
2017-04-05,167.356
2017-04-06,167.668
2017-04-07,167.13
2017-04-10,167.023
2017-04-11,166.867
2017-04-12,165.952
2017-04-13,164.468
2017-04-14,164.455
2017-04-17,166.196
2017-04-18,164.869
2017-04-19,164.928
2017-04-20,166.896
2017-04-21,166.268
2017-04-24,170.915
2017-04-25,172.136
2017-04-26,172.24
2017-04-27,171.433
2017-04-28,170.601
2017-05-01,171.284
2017-05-02,171.45
2017-05-03,171.908
2017-05-04,172.661
2017-05-05,173.184
2017-05-08,173.048
2017-05-09,171.94
2017-05-10,172.414
2017-05-11,171.67
2017-05-12,171.27
2017-05-15,172.645
2017-05-16,173.002
2017-05-17,169.432
2017-05-18,169.077
2017-05-19,170.652
2017-05-22,171.249
2017-05-23,172.104
2017-05-24,171.919
2017-05-25,172.272
2017-05-26,171.699
2017-05-29,171.566
2017-05-30,170.717
2017-05-31,170.164
2017-06-01,171.284
2017-06-02,171.825
2017-06-05,171.564
2017-06-06,170.76
2017-06-07,171.819
2017-06-08,173.162
2017-06-09,175.128
2017-06-12,174.855
2017-06-13,175.98
2017-06-14,176.287
2017-06-15,174.764
2017-06-16,175.411
2017-06-19,176.829
2017-06-20,175.216
2017-06-21,173.948
2017-06-22,173.576
2017-06-23,173.286
2017-06-26,174.057
2017-06-27,175.016
2017-06-28,177.682
2017-06-29,179.078
2017-06-30,178.288
2017-07-03,180.221
2017-07-04,180.328
2017-07-05,180.563
2017-07-06,180.488
2017-07-07,180.675
2017-07-10,180.86
2017-07-11,180.185
2017-07-12,180.858
2017-07-13,181.967
2017-07-14,181.956
2017-07-17,181.844
2017-07-18,181.322
2017-07-19,181.936
2017-07-20,182.53
2017-07-21,181.958
2017-07-24,182.257
2017-07-25,184.209
2017-07-26,183.787
2017-07-27,183.674
2017-07-28,183.435
2017-07-31,184.238
2017-08-01,185.902
2017-08-02,185.772
2017-08-03,185.487
2017-08-04,185.599
2017-08-07,185.733
2017-08-08,185.489
2017-08-09,184.538
2017-08-10,182.082
2017-08-11,180.77
2017-08-14,182.724
2017-08-15,182.621
2017-08-16,182.908
2017-08-17,180.849
2017-08-18,180.448
2017-08-21,180.081
2017-08-22,180.917
2017-08-23,180.559
2017-08-24,180.705
2017-08-25,181.438
2017-08-28,181.01
2017-08-29,179.944
2017-08-30,179.91
2017-08-31,180.58
2017-09-01,181.457
2017-09-04,180.908
2017-09-05,178.528
2017-09-06,178.441
2017-09-07,177.103
2017-09-08,178.131
2017-09-11,180.602
2017-09-12,182.587
2017-09-13,182.59
2017-09-14,182.156
2017-09-15,182.573
2017-09-18,183.765
2017-09-19,184.879
2017-09-20,185.614
2017-09-21,185.766
2017-09-22,186.389
2017-09-25,185.31
2017-09-26,184.397
2017-09-27,186.485
2017-09-28,187.002
2017-09-29,187.83
2017-10-02,188.382
2017-10-03,188.87
2017-10-04,188.231
2017-10-05,189.177
2017-10-06,189.432
2017-10-09,189.149
2017-10-10,189.949
2017-10-11,189.917
2017-10-12,189.314
2017-10-13,189.371
2017-10-16,189.946
2017-10-17,189.199
2017-10-18,190.128
2017-10-19,190.658
2017-10-20,191.608
2017-10-23,191.002
2017-10-24,191.853
2017-10-25,191.344
2017-10-26,191.946
2017-10-27,191.309
2017-10-30,191.128
2017-10-31,190.617
2017-11-01,190.883
2017-11-02,192.022
2017-11-03,191.033
2017-11-06,190.444
2017-11-07,189.388
2017-11-08,189.02
2017-11-09,188.845
2017-11-10,188.681
2017-11-13,188.375
2017-11-14,188.205
2017-11-15,188.265
2017-11-16,188.706
2017-11-17,188.655
2017-11-20,188.848
2017-11-21,189.476
2017-11-22,189.689
2017-11-23,189.786
2017-11-24,190.3
2017-11-27,189.776
2017-11-28,191.681
2017-11-29,194.274
2017-11-30,194.675
2017-12-01,194.192
2017-12-04,196.094
2017-12-05,195.118
2017-12-06,193.832
2017-12-07,194.31
2017-12-08,195.747
2017-12-11,196.1
2017-12-12,197.24
2017-12-13,196.46
2017-12-14,195.324
2017-12-15,195.874
2017-12-18,198.037
2017-12-19,197.369
2017-12-20,197.287
2017-12-21,198.467
2017-12-22,198.071
2017-12-25,197.994
2017-12-26,197.786
2017-12-27,198.024
2017-12-28,198.668
2017-12-29,198.519
2018-01-01,198.526
2018-01-02,198.761
2018-01-03,199.23
2018-01-04,201.75
2018-01-05,202.447
2018-01-08,202.149
2018-01-09,203.088
2018-01-10,205.261
2018-01-11,206.123
2018-01-12,207.624
2018-01-15,208.67
2018-01-16,208.184
2018-01-17,208.923
2018-01-18,208.816
2018-01-19,209.967
2018-01-22,211.367
2018-01-23,211.931
2018-01-24,213.085
2018-01-25,213.252
2018-01-26,213.621
2018-01-29,212.642
2018-01-30,210.748
2018-01-31,210.717
2018-02-01,212.035
2018-02-02,208.485
2018-02-05,201.768
2018-02-06,199.964
2018-02-07,201.051
2018-02-08,195.886
2018-02-09,196.135
2018-02-12,198.166
2018-02-13,198.843
2018-02-14,202.215
2018-02-15,204.092
2018-02-16,204.423
2018-02-19,204.339
2018-02-20,203.682
2018-02-21,203.873
2018-02-22,202.833
2018-02-23,204.458
2018-02-26,206.121
2018-02-27,205.224
2018-02-28,202.89
2018-03-01,200.19
2018-03-02,199.452
2018-03-05,200.617
2018-03-06,202.032
2018-03-07,201.628
2018-03-08,202.225
2018-03-09,204.889
2018-03-12,205.304
2018-03-13,203.977
2018-03-14,202.191
2018-03-15,202.226
2018-03-16,202.283
2018-03-19,200.89
2018-03-20,201.459
2018-03-21,201.247
2018-03-22,196.396
2018-03-23,192.238
2018-03-26,195.216
2018-03-27,193.774
2018-03-28,193.493
2018-03-29,194.666
2018-03-30,194.675
2018-04-02,192.543
2018-04-03,193.291
2018-04-04,193.851
2018-04-05,195.817
2018-04-06,193.299
2018-04-09,194.532
2018-04-10,196.892
2018-04-11,195.697
2018-04-12,197.397
2018-04-13,196.216
2018-04-16,196.68
2018-04-17,196.724
2018-04-18,196.853
2018-04-19,198.57
2018-04-20,198.157
2018-04-23,198.306
2018-04-24,197.895
2018-04-25,197.034
2018-04-26,196.931
2018-04-27,197.164
2018-04-30,196.471
2018-05-01,195.873
2018-05-02,194.958
2018-05-03,193.556
2018-05-04,194.643
2018-05-07,195.476
2018-05-08,195.928
2018-05-09,197.787
2018-05-10,198.972
2018-05-11,199.755
2018-05-14,199.83
2018-05-15,199.125
2018-05-16,198.517
2018-05-17,198.699
2018-05-18,197.38
2018-05-21,198.101
2018-05-22,199.338
2018-05-23,197.237
2018-05-24,195.924
2018-05-25,194.855
2018-05-28,194.384
2018-05-29,189.02
2018-05-30,190.756
2018-05-31,189.781
2018-06-01,191.487
2018-06-04,192.81
2018-06-05,191.413
2018-06-06,193.917
2018-06-07,194.541
2018-06-08,194.04
2018-06-11,194.65
2018-06-12,194.14
2018-06-13,193.474
2018-06-14,192.21
2018-06-15,190.897
2018-06-18,190.398
2018-06-19,189.407
2018-06-20,189.67
2018-06-21,188.797
2018-06-22,189.204
2018-06-25,186.931
2018-06-26,186.645
2018-06-27,184.897
2018-06-28,185.426
2018-06-29,186.321
2018-07-02,185.797
2018-07-03,185.618
2018-07-04,185.668
2018-07-05,186.481
2018-07-06,187.485
2018-07-09,190.444
2018-07-10,189.716
2018-07-11,188.148
2018-07-12,188.402
2018-07-13,187.882
2018-07-16,189.855
2018-07-17,189.99
2018-07-18,191.205
2018-07-19,189.636
2018-07-20,190.451
2018-07-23,192.133
2018-07-24,193.592
2018-07-25,193.458
2018-07-26,193.761
2018-07-27,194.42
2018-07-30,194.954
2018-07-31,194.282
2018-08-01,193.923
2018-08-02,192.629
2018-08-03,193.255
2018-08-06,193.229
2018-08-07,194.15
2018-08-08,194.641
2018-08-09,194.339
2018-08-10,191.402
2018-08-13,189.552
2018-08-14,190.34
2018-08-15,188.731
2018-08-16,190.699
2018-08-17,191.166
2018-08-20,191.844
2018-08-21,192.738
2018-08-22,192.931
2018-08-23,191.768
2018-08-24,192.21
2018-08-27,194.298
2018-08-28,194.414
2018-08-29,194.637
2018-08-30,193.253
2018-08-31,192.366
2018-09-03,192.302
2018-09-04,192.282
2018-09-05,192.185
2018-09-06,191.231
2018-09-07,190.373
2018-09-10,190.606
2018-09-11,190.554
2018-09-12,189.836
2018-09-13,190.253
2018-09-14,191.318
2018-09-17,191.372
2018-09-18,192.178
2018-09-19,194.845
2018-09-20,196.955
2018-09-21,197.37
2018-09-24,195.951
2018-09-25,195.665
2018-09-26,194.372
2018-09-27,193.466
2018-09-28,191.331
2018-10-01,191.175
2018-10-02,190.25
2018-10-03,190.847
2018-10-04,191.678
2018-10-05,190.751
2018-10-08,190.334
2018-10-09,189.764
2018-10-10,186.986
2018-10-11,181.77
2018-10-12,181.719
2018-10-15,180.949
2018-10-16,182.948
2018-10-17,183.775
2018-10-18,181.531
2018-10-19,181.684
2018-10-22,179.437
2018-10-23,177.412
2018-10-24,173.961
2018-10-25,174.99
2018-10-26,173.37
2018-10-29,174.777
2018-10-30,176.474
2018-10-31,178.768
2018-11-01,180.157
2018-11-02,180.882
2018-11-05,181.621
2018-11-06,182.264
2018-11-07,184.244
2018-11-08,185.217
2018-11-09,183.587
2018-11-12,180.639
2018-11-13,181.583
2018-11-14,179.859
2018-11-15,180.412
2018-11-16,180.789
2018-11-19,180.551
2018-11-20,177.117
2018-11-21,177.842
2018-11-22,177.657
2018-11-23,177.076
2018-11-26,179.956
2018-11-27,179.89
2018-11-28,181.6
2018-11-29,181.462
2018-11-30,181.369
2018-12-03,183.057
2018-12-04,177.84
2018-12-05,176.573
2018-12-06,173.131
2018-12-07,171.638
2018-12-10,168.603
2018-12-11,167.601
2018-12-12,169.709
2018-12-13,169.173
2018-12-14,167.458
2018-12-17,166.065
2018-12-18,165.279
2018-12-19,164.508
2018-12-20,162.5
2018-12-21,160.258
2018-12-24,158.061
2018-12-25,157.725
2018-12-26,161.208
2018-12-27,162.195
2018-12-28,163.665
2018-12-31,164.834
2019-01-01,164.844
2019-01-02,164.726
2019-01-03,163.166
2019-01-04,167.861
2019-01-07,168.597
2019-01-08,169.075
2019-01-09,170.445
2019-01-10,171.189
2019-01-11,171.344
2019-01-14,171.982
2019-01-15,172.95
2019-01-16,175.744
2019-01-17,175.979
2019-01-18,178.649
2019-01-21,178.582
2019-01-22,176.936
2019-01-23,176.918
2019-01-24,177.224
2019-01-25,179.001
2019-01-28,178.368
2019-01-29,177.881
2019-01-30,178.412
2019-01-31,178.135
2019-02-01,178.256
2019-02-04,178.593
2019-02-05,179.485
2019-02-06,179.243
2019-02-07,177.581
2019-02-08,176.38
2019-02-11,176.562
2019-02-12,178.663
2019-02-13,179.342
2019-02-14,177.52
2019-02-15,180.283
2019-02-18,180.991
2019-02-19,181.331
2019-02-20,182.483
2019-02-21,181.664
2019-02-22,181.683
2019-02-25,182.753
2019-02-26,182.585
2019-02-27,183.562
2019-02-28,183.62
2019-03-01,184.16
2019-03-04,183.359
2019-03-05,182.699
2019-03-06,182.049
2019-03-07,179.765
2019-03-08,178.656
2019-03-11,180.235
2019-03-12,180.814
2019-03-13,181.996
2019-03-14,182.688
2019-03-15,184.04
2019-03-18,185.647
2019-03-19,185.074
2019-03-20,182.219
2019-03-21,181.431
2019-03-22,177.763
2019-03-25,176.864
2019-03-26,178.012
2019-03-27,177.767
2019-03-28,178.017
2019-03-29,178.693
2019-04-01,182.33
