date,3058
1994-12-30,38.891
1995-01-31,39.783
1995-02-28,39.858
1995-03-31,40.531
1995-04-28,41.146
1995-05-31,41.875
1995-06-30,42.646
1995-07-31,43.745
1995-08-31,44.696
1995-09-29,47.425
1995-10-31,46.93
1995-11-30,47.26
1995-12-29,48.803
1996-01-31,49.741
1996-02-29,49.44
1996-03-29,48.804
1996-04-30,50.363
1996-05-31,49.94
1996-06-28,49.861
1996-07-31,46.716
1996-08-30,47.048
1996-09-30,47.66
1996-10-31,48.679
1996-11-29,51.46
1996-12-31,52.725
1997-01-31,53.172
1997-02-28,53.836
1997-03-31,52.234
1997-04-30,52.896
1997-05-30,56.185
1997-06-30,58.674
1997-07-31,59.799
1997-08-29,56.149
1997-09-30,60.058
1997-10-31,59.279
1997-11-28,63.308
1997-12-31,65.718
1998-01-30,69.663
1998-02-27,72.515
1998-03-31,78.959
1998-04-30,78.212
1998-05-29,78.544
1998-06-30,81.777
1998-07-31,86.552
1998-08-31,78.768
1998-09-30,80.529
1998-10-30,86.079
1998-11-30,90.054
1998-12-31,100.115
1999-01-01,100.115
1999-01-04,102.876
1999-01-05,105.617
1999-01-06,108.057
1999-01-07,106.817
1999-01-08,106.879
1999-01-11,105.234
1999-01-12,103.84
1999-01-13,102.716
1999-01-14,102.718
1999-01-15,104.97
1999-01-18,107.349
1999-01-19,109.878
1999-01-20,111.447
1999-01-21,109.684
1999-01-22,108.166
1999-01-25,107.676
1999-01-26,108.257
1999-01-27,107.186
1999-01-28,108.787
1999-01-29,109.909
1999-02-01,111.512
1999-02-02,109.905
1999-02-03,108.962
1999-02-04,107.841
1999-02-05,106.469
1999-02-08,106.044
1999-02-09,104.002
1999-02-10,103.269
1999-02-11,106.521
1999-02-12,106.794
1999-02-15,106.989
1999-02-16,107.552
1999-02-17,106.096
1999-02-18,107.341
1999-02-19,107.762
1999-02-22,109.944
1999-02-23,109.373
1999-02-24,110.101
1999-02-25,109.684
1999-02-26,108.704
1999-03-01,107.313
1999-03-02,107.459
1999-03-03,106.047
1999-03-04,106.121
1999-03-05,108.777
1999-03-08,109.145
1999-03-09,108.969
1999-03-10,108.801
1999-03-11,108.145
1999-03-12,108.372
1999-03-15,108.739
1999-03-16,108.725
1999-03-17,108.272
1999-03-18,107.861
1999-03-19,107.57
1999-03-22,106.441
1999-03-23,104.344
1999-03-24,104.713
1999-03-25,105.638
1999-03-26,104.821
1999-03-29,105.895
1999-03-30,105.29
1999-03-31,105.825
1999-04-01,106.93
1999-04-02,106.701
1999-04-05,107.263
1999-04-06,109.038
1999-04-07,110.568
1999-04-08,111.955
1999-04-09,112.38
1999-04-12,113.722
1999-04-13,113.533
1999-04-14,112.134
1999-04-15,109.897
1999-04-16,109.169
1999-04-19,107.691
1999-04-20,107.061
1999-04-21,108.945
1999-04-22,109.998
1999-04-23,110.252
1999-04-26,110.867
1999-04-27,111.814
1999-04-28,111.695
1999-04-29,110.409
1999-04-30,109.358
1999-05-03,110.299
1999-05-04,109.583
1999-05-05,111.077
1999-05-06,111.419
1999-05-07,111.537
1999-05-10,110.99
1999-05-11,110.812
1999-05-12,111.135
1999-05-13,112.143
1999-05-14,110.547
1999-05-17,110.027
1999-05-18,110.393
1999-05-19,111.438
1999-05-20,112.218
1999-05-21,111.549
1999-05-24,110.364
1999-05-25,109.281
1999-05-26,109.676
1999-05-27,107.971
1999-05-28,109.333
1999-05-31,109.728
1999-06-01,110.025
1999-06-02,109.561
1999-06-03,109.763
1999-06-04,110.864
1999-06-07,111.964
1999-06-08,113.057
1999-06-09,113.98
1999-06-10,113.491
1999-06-11,113.557
1999-06-14,113.114
1999-06-15,112.634
1999-06-16,113.666
1999-06-17,114.676
1999-06-18,115.505
1999-06-21,116.272
1999-06-22,115.772
1999-06-23,114.963
1999-06-24,113.329
1999-06-25,114.102
1999-06-28,114.384
1999-06-29,114.812
1999-06-30,114.509
1999-07-01,115.526
1999-07-02,115.687
1999-07-05,117.33
1999-07-06,116.78
1999-07-07,116.805
1999-07-08,116.672
1999-07-09,115.97
1999-07-12,116.178
1999-07-13,115.501
1999-07-14,115.338
1999-07-15,117.257
1999-07-16,117.411
1999-07-19,117.358
1999-07-20,116.612
1999-07-21,116.814
1999-07-22,115.386
1999-07-23,113.889
1999-07-26,114.352
1999-07-27,115.154
1999-07-28,115.389
1999-07-29,113.98
1999-07-30,114.302
1999-08-02,114.237
1999-08-03,113.286
1999-08-04,111.138
1999-08-05,109.942
1999-08-06,109.517
1999-08-09,109.006
1999-08-10,106.667
1999-08-11,106.209
1999-08-12,107.341
1999-08-13,108.776
1999-08-16,109.021
1999-08-17,109.26
1999-08-18,108.866
1999-08-19,107.833
1999-08-20,107.579
1999-08-23,108.178
1999-08-24,108.288
1999-08-25,110.706
1999-08-26,110.744
1999-08-27,110.14
1999-08-30,108.891
1999-08-31,107.397
1999-09-01,108.969
1999-09-02,107.249
1999-09-03,109.574
1999-09-06,110.768
1999-09-07,109.561
1999-09-08,108.941
1999-09-09,109.732
1999-09-10,109.19
1999-09-13,109.183
1999-09-14,108.807
1999-09-15,107.838
1999-09-16,108.022
1999-09-17,108.612
1999-09-20,109.722
1999-09-21,109.144
1999-09-22,109.277
1999-09-23,109.862
1999-09-24,108.223
1999-09-27,108.865
1999-09-28,109.584
1999-09-29,109.195
1999-09-30,110.099
1999-10-01,108.957
1999-10-04,110.434
1999-10-05,109.916
1999-10-06,111.975
1999-10-07,113.828
1999-10-08,114.952
1999-10-11,115.946
1999-10-12,115.238
1999-10-13,113.767
1999-10-14,113.238
1999-10-15,111.57
1999-10-18,110.652
1999-10-19,110.732
1999-10-20,110.989
1999-10-21,111.004
1999-10-22,112.09
1999-10-25,112.122
1999-10-26,112.821
1999-10-27,113.695
1999-10-28,116.768
1999-10-29,118.345
1999-11-01,119.627
1999-11-02,118.576
1999-11-03,119.287
1999-11-04,120.651
1999-11-05,121.728
1999-11-08,121.747
1999-11-09,122.07
1999-11-10,123.381
1999-11-11,126.452
1999-11-12,126.16
1999-11-15,127.56
1999-11-16,127.026
1999-11-17,126.104
1999-11-18,128.333
1999-11-19,129.133
1999-11-22,129.602
1999-11-23,128.974
1999-11-24,129.51
1999-11-25,132.788
1999-11-26,135.201
1999-11-29,135.071
1999-11-30,132.151
1999-12-01,132.191
1999-12-02,132.141
1999-12-03,135.799
1999-12-06,138.554
1999-12-07,140.338
1999-12-08,138.923
1999-12-09,139.536
1999-12-10,138.487
1999-12-13,138.483
1999-12-14,138.442
1999-12-15,135.713
1999-12-16,136.104
1999-12-17,137.502
1999-12-20,138.972
1999-12-21,139.15
1999-12-22,140.498
1999-12-23,143.491
1999-12-24,143.753
1999-12-27,141.973
1999-12-28,143.225
1999-12-29,142.993
1999-12-30,143.916
1999-12-31,144.342
2000-01-03,144.544
2000-01-04,139.782
2000-01-05,135.901
2000-01-06,130.814
2000-01-07,133.33
2000-01-10,135.645
2000-01-11,134.337
2000-01-12,134.936
2000-01-13,137.233
2000-01-14,139.779
2000-01-17,142.854
2000-01-18,140.506
2000-01-19,139.459
2000-01-20,139.375
2000-01-21,138.271
2000-01-24,136.859
2000-01-25,135.841
2000-01-26,138.931
2000-01-27,141.014
2000-01-28,138.689
2000-01-31,139.55
2000-02-01,141.442
2000-02-02,142.459
2000-02-03,145.751
2000-02-04,148.04
2000-02-07,146.264
2000-02-08,151.125
2000-02-09,151.064
2000-02-10,150.618
2000-02-11,151.224
2000-02-14,149.664
2000-02-15,144.993
2000-02-16,144.591
2000-02-17,147.021
2000-02-18,144.586
2000-02-21,142.654
2000-02-22,145.656
2000-02-23,147.188
2000-02-24,147.11
2000-02-25,147.688
2000-02-28,144.306
2000-02-29,146.336
2000-03-01,150.141
2000-03-02,158.842
2000-03-03,162.326
2000-03-06,163.004
2000-03-07,158.268
2000-03-08,156.026
2000-03-09,158.933
2000-03-10,159.646
2000-03-13,155.181
2000-03-14,152.859
2000-03-15,147.937
2000-03-16,150.242
2000-03-17,152.422
2000-03-20,155.066
2000-03-21,153.813
2000-03-22,150.551
2000-03-23,152.117
2000-03-24,155.398
2000-03-27,156.526
2000-03-28,157.197
2000-03-29,155.096
2000-03-30,149.477
2000-03-31,150.434
2000-04-03,145.485
2000-04-04,142.532
2000-04-05,140.945
2000-04-06,145.63
2000-04-07,147.63
2000-04-10,147.321
2000-04-11,143.139
2000-04-12,141.241
2000-04-13,140.967
2000-04-14,133.954
2000-04-17,130.772
2000-04-18,134.671
2000-04-19,135.154
2000-04-20,134.411
2000-04-21,134.334
2000-04-24,134.603
2000-04-25,134.238
2000-04-26,134.605
2000-04-27,131.526
2000-04-28,133.22
2000-05-01,134.209
2000-05-02,133.988
2000-05-03,128.796
2000-05-04,126.819
2000-05-05,127.899
2000-05-08,125.772
2000-05-09,121.732
2000-05-10,120.271
2000-05-11,122.185
2000-05-12,124.516
2000-05-15,124.339
2000-05-16,126.01
2000-05-17,121.279
2000-05-18,119.018
2000-05-19,112.703
2000-05-22,111.478
2000-05-23,112.899
2000-05-24,113.164
2000-05-25,115.769
2000-05-26,117.549
2000-05-29,118.595
2000-05-30,123.029
2000-05-31,123.47
2000-06-01,126.484
2000-06-02,132.274
2000-06-05,131.377
2000-06-06,132.019
2000-06-07,130.76
2000-06-08,130.484
2000-06-09,130.199
2000-06-12,130.932
2000-06-13,131.474
2000-06-14,133.115
2000-06-15,130.769
2000-06-16,129.689
2000-06-19,129.565
2000-06-20,130.429
2000-06-21,127.975
2000-06-22,127.692
2000-06-23,125.893
2000-06-26,125.148
2000-06-27,125.245
2000-06-28,125.429
2000-06-29,121.398
2000-06-30,121.574
2000-07-03,125.594
2000-07-04,124.597
2000-07-05,126.066
2000-07-06,126.21
2000-07-07,129.174
2000-07-10,128.702
2000-07-11,126.841
2000-07-12,126.948
2000-07-13,127.24
2000-07-14,127.286
2000-07-17,126.908
2000-07-18,125.53
2000-07-19,124.404
2000-07-20,122.509
2000-07-21,121.825
2000-07-24,119.488
2000-07-25,120.07
2000-07-26,118.864
2000-07-27,115.993
2000-07-28,112.306
2000-07-31,113.888
2000-08-01,114.373
2000-08-02,112.661
2000-08-03,110.249
2000-08-04,111.962
2000-08-07,111.986
2000-08-08,109.717
2000-08-09,110.115
2000-08-10,110.994
2000-08-11,109.825
2000-08-14,111.074
2000-08-15,111.245
2000-08-16,110.747
2000-08-17,108.478
2000-08-18,107.341
2000-08-21,106.002
2000-08-22,103.415
2000-08-23,102.647
2000-08-24,104.391
2000-08-25,106.308
2000-08-28,107.399
2000-08-29,107.199
2000-08-30,106.66
2000-08-31,106.94
2000-09-01,111.205
2000-09-04,112.353
2000-09-05,109.935
2000-09-06,107.284
2000-09-07,106.593
2000-09-08,105.749
2000-09-11,103.905
2000-09-12,103.374
2000-09-13,103.021
2000-09-14,103.653
2000-09-15,102.506
2000-09-18,100.592
2000-09-19,100.596
2000-09-20,97.747
2000-09-21,96.549
2000-09-22,97.694
2000-09-25,98.733
2000-09-26,97.371
2000-09-27,96.992
2000-09-28,99.004
2000-09-29,99.914
2000-10-02,100.088
2000-10-03,99.903
2000-10-04,100.246
2000-10-05,101.703
2000-10-06,99.638
2000-10-09,97.624
2000-10-10,96.849
2000-10-11,93.052
2000-10-12,90.989
2000-10-13,93.645
2000-10-16,93.364
2000-10-17,92.144
2000-10-18,91.437
2000-10-19,93.607
2000-10-20,95.038
2000-10-23,97.268
2000-10-24,99.844
2000-10-25,98.007
2000-10-26,96.333
2000-10-27,100.545
2000-10-30,102.027
2000-10-31,101.987
2000-11-01,99.334
2000-11-02,97.97
2000-11-03,98.277
2000-11-06,96.883
2000-11-07,97.539
2000-11-08,96.672
2000-11-09,94.958
2000-11-10,92.627
2000-11-13,92.198
2000-11-14,95.205
2000-11-15,95.346
2000-11-16,94.166
2000-11-17,91.396
2000-11-20,89.179
2000-11-21,89.177
2000-11-22,87.631
2000-11-23,88.437
2000-11-24,90.21
2000-11-27,90.731
2000-11-28,89.214
2000-11-29,89.115
2000-11-30,87.779
2000-12-01,88.658
2000-12-04,88.578
2000-12-05,90.479
2000-12-06,91.951
2000-12-07,90.984
2000-12-08,90.927
2000-12-11,93.034
2000-12-12,94.335
2000-12-13,94.368
2000-12-14,93.126
2000-12-15,90.929
2000-12-18,90.23
2000-12-19,87.766
2000-12-20,84.07
2000-12-21,82.779
2000-12-22,83.167
2000-12-25,83.329
2000-12-26,83.916
2000-12-27,84.478
2000-12-28,83.201
2000-12-29,84.916
2001-01-01,84.916
2001-01-02,85.375
2001-01-03,87.222
2001-01-04,90.382
2001-01-05,89.889
2001-01-08,88.287
2001-01-09,88.785
2001-01-10,90.191
2001-01-11,92.29
2001-01-12,94.27
2001-01-15,93.753
2001-01-16,92.157
2001-01-17,93.587
2001-01-18,94.985
2001-01-19,94.654
2001-01-22,92.421
2001-01-23,92.049
2001-01-24,92.038
2001-01-25,90.985
2001-01-26,90.761
2001-01-29,91.912
2001-01-30,93.078
2001-01-31,92.822
2001-02-01,93.304
2001-02-02,90.26
2001-02-05,90.561
2001-02-06,90.126
2001-02-07,88.089
2001-02-08,87.374
2001-02-09,84.977
2001-02-12,86.979
2001-02-13,85.242
2001-02-14,81.715
2001-02-15,81.826
2001-02-16,80.296
2001-02-19,79.9
2001-02-20,78.556
2001-02-21,76.872
2001-02-22,77.474
2001-02-23,77.039
2001-02-26,79.314
2001-02-27,79.936
2001-02-28,78.185
2001-03-01,76.532
2001-03-02,77.379
2001-03-05,77.96
2001-03-06,80.627
2001-03-07,79.718
2001-03-08,80.106
2001-03-09,78.464
2001-03-12,76.215
2001-03-13,76.603
2001-03-14,74.819
2001-03-15,76.519
2001-03-16,74.681
2001-03-19,75.103
2001-03-20,74.707
2001-03-21,72.756
2001-03-22,70.397
2001-03-23,72.448
2001-03-26,75.226
2001-03-27,78.175
2001-03-28,75.377
2001-03-29,75.118
2001-03-30,74.675
2001-04-02,74.232
2001-04-03,71.831
2001-04-04,73.527
2001-04-05,75.569
2001-04-06,75.068
2001-04-09,76.267
2001-04-10,78.78
2001-04-11,78.18
2001-04-12,78.623
2001-04-13,78.582
2001-04-16,78.412
2001-04-17,77.931
2001-04-18,80.29
2001-04-19,81.615
2001-04-20,80.371
2001-04-23,79.138
2001-04-24,78.843
2001-04-25,79.343
2001-04-26,79.591
2001-04-27,80.032
2001-04-30,80.11
2001-05-01,81.506
2001-05-02,80.792
2001-05-03,78.961
2001-05-04,79.588
2001-05-07,80.162
2001-05-08,78.792
2001-05-09,77.897
2001-05-10,77.952
2001-05-11,77.183
2001-05-14,76.155
2001-05-15,77.203
2001-05-16,77.794
2001-05-17,77.79
2001-05-18,77.52
2001-05-21,77.627
2001-05-22,77.318
2001-05-23,75.839
2001-05-24,75.663
2001-05-25,75.499
2001-05-28,75.668
2001-05-29,74.623
2001-05-30,72.825
2001-05-31,73.227
2001-06-01,72.267
2001-06-04,72.085
2001-06-05,72.929
2001-06-06,71.689
2001-06-07,71.533
2001-06-08,71.583
2001-06-11,70.867
2001-06-12,70.061
2001-06-13,70.388
2001-06-14,69.347
2001-06-15,68.548
2001-06-18,66.912
2001-06-19,66.907
2001-06-20,66.292
2001-06-21,66.448
2001-06-22,66.154
2001-06-25,65.799
2001-06-26,65.455
2001-06-27,65.144
2001-06-28,66.783
2001-06-29,67.796
2001-07-02,69.592
2001-07-03,69.072
2001-07-04,68.443
2001-07-05,67.522
2001-07-06,66.227
2001-07-09,67.181
2001-07-10,67.965
2001-07-11,67.606
2001-07-12,68.462
2001-07-13,68.75
2001-07-16,68.775
2001-07-17,68.322
2001-07-18,68.18
2001-07-19,68.955
2001-07-20,68.122
2001-07-23,67.5
2001-07-24,66.322
2001-07-25,67.13
2001-07-26,67.793
2001-07-27,68.829
2001-07-30,69.445
2001-07-31,69.295
2001-08-01,69.752
2001-08-02,69.756
2001-08-03,69.286
2001-08-06,68.87
2001-08-07,68.322
2001-08-08,66.396
2001-08-09,65.594
2001-08-10,65.837
2001-08-13,65.838
2001-08-14,66.716
2001-08-15,66.106
2001-08-16,65.271
2001-08-17,63.902
2001-08-20,64.279
2001-08-21,64.252
2001-08-22,63.515
2001-08-23,62.804
2001-08-24,64.124
2001-08-27,63.602
2001-08-28,62.783
2001-08-29,62.578
2001-08-30,61.696
2001-08-31,61.708
2001-09-03,60.94
2001-09-04,61.452
2001-09-05,60.499
2001-09-06,58.802
2001-09-07,58.004
2001-09-10,59.103
2001-09-11,57.657
2001-09-12,58.5
2001-09-13,59.059
2001-09-14,58.049
2001-09-17,58.716
2001-09-18,60.441
2001-09-19,61.206
2001-09-20,61.114
2001-09-21,59.457
2001-09-24,61.459
2001-09-25,62.782
2001-09-26,62.958
2001-09-27,62.187
2001-09-28,63.312
2001-10-01,62.837
2001-10-02,63.62
2001-10-03,63.511
2001-10-04,64.189
2001-10-05,63.872
2001-10-08,64.599
2001-10-09,64.481
2001-10-10,65.084
2001-10-11,63.906
2001-10-12,63.119
2001-10-15,62.637
2001-10-16,62.875
2001-10-17,63.683
2001-10-18,62.674
2001-10-19,62.132
2001-10-22,61.97
2001-10-23,62.199
2001-10-24,62.571
2001-10-25,61.815
2001-10-26,62.787
2001-10-29,62.192
2001-10-30,60.394
2001-10-31,60.492
2001-11-01,61.089
2001-11-02,60.966
2001-11-05,61.845
2001-11-06,62.231
2001-11-07,62.473
2001-11-08,63.275
2001-11-09,62.939
2001-11-12,61.905
2001-11-13,62.729
2001-11-14,63.441
2001-11-15,65.032
2001-11-16,65.192
2001-11-19,65.606
2001-11-20,64.41
2001-11-21,63.335
2001-11-22,63.759
2001-11-23,63.646
2001-11-26,64.185
2001-11-27,63.299
2001-11-28,62.679
2001-11-29,62.888
2001-11-30,63.038
2001-12-03,62.629
2001-12-04,63.341
2001-12-05,64.87
2001-12-06,65.439
2001-12-07,64.548
2001-12-10,63.311
2001-12-11,63.217
2001-12-12,63.082
2001-12-13,62.138
2001-12-14,62.12
2001-12-17,63.762
2001-12-18,63.23
2001-12-19,62.797
2001-12-20,62.706
2001-12-21,62.473
2001-12-24,62.432
2001-12-25,62.38
2001-12-26,62.392
2001-12-27,63.404
2001-12-28,63.343
2001-12-31,63.228
2002-01-01,63.228
2002-01-02,63.781
2002-01-03,65.231
2002-01-04,65.36
2002-01-07,64.489
2002-01-08,64.06
2002-01-09,62.391
2002-01-10,61.906
2002-01-11,61.761
2002-01-14,60.799
2002-01-15,60.991
2002-01-16,59.909
2002-01-17,60.297
2002-01-18,59.921
2002-01-21,59.575
2002-01-22,58.755
2002-01-23,59.076
2002-01-24,59.537
2002-01-25,58.693
2002-01-28,58.877
2002-01-29,57.215
2002-01-30,56.355
2002-01-31,57.173
2002-02-01,56.774
2002-02-04,55.051
2002-02-05,53.904
2002-02-06,52.308
2002-02-07,53.705
2002-02-08,54.439
2002-02-11,54.582
2002-02-12,53.882
2002-02-13,53.965
2002-02-14,53.902
2002-02-15,53.248
2002-02-18,52.917
2002-02-19,52.08
2002-02-20,52.546
2002-02-21,52.362
2002-02-22,52.576
2002-02-25,53.363
2002-02-26,53.585
2002-02-27,54.531
2002-02-28,54.279
2002-03-01,55.212
2002-03-04,56.195
2002-03-05,55.746
2002-03-06,57.113
2002-03-07,57.617
2002-03-08,57.48
2002-03-11,57.048
2002-03-12,56.199
2002-03-13,55.973
2002-03-14,56.229
2002-03-15,56.513
2002-03-18,56.27
2002-03-19,56.164
2002-03-20,55.987
2002-03-21,56.004
2002-03-22,55.259
2002-03-25,54.557
2002-03-26,54.636
2002-03-27,54.407
2002-03-28,54.779
2002-03-29,54.725
2002-04-01,54.663
2002-04-02,54.215
2002-04-03,54.471
2002-04-04,54.492
2002-04-05,54.002
2002-04-08,53.016
2002-04-09,51.57
2002-04-10,51.557
2002-04-11,49.436
2002-04-12,49.612
2002-04-15,49.85
2002-04-16,52.623
2002-04-17,52.893
2002-04-18,52.079
2002-04-19,51.364
2002-04-22,49.621
2002-04-23,49.144
2002-04-24,49.19
2002-04-25,49.628
2002-04-26,48.809
2002-04-29,47.956
2002-04-30,48.184
2002-05-01,48.974
2002-05-02,47.931
2002-05-03,46.485
2002-05-06,46.231
2002-05-07,45.733
2002-05-08,47.681
2002-05-09,47.43
2002-05-10,45.983
2002-05-13,46.773
2002-05-14,47.643
2002-05-15,48.558
2002-05-16,49.38
2002-05-17,49.252
2002-05-20,49.083
2002-05-21,49.163
2002-05-22,49.202
2002-05-23,49.931
2002-05-24,49.495
2002-05-27,48.972
2002-05-28,49.328
2002-05-29,49.055
2002-05-30,48.479
2002-05-31,48.691
2002-06-03,47.97
2002-06-04,47.722
2002-06-05,47.202
2002-06-06,46.244
2002-06-07,46.165
2002-06-10,46.072
2002-06-11,45.949
2002-06-12,45.779
2002-06-13,45.176
2002-06-14,44.186
2002-06-17,45.201
2002-06-18,45.25
2002-06-19,43.741
2002-06-20,43.065
2002-06-21,43.132
2002-06-24,42.422
2002-06-25,42.257
2002-06-26,41.73
2002-06-27,42.282
2002-06-28,43.581
2002-07-01,43.033
2002-07-02,41.663
2002-07-03,41.389
2002-07-04,41.936
2002-07-05,43.833
2002-07-08,44.243
2002-07-09,43.619
2002-07-10,42.744
2002-07-11,42.953
2002-07-12,43.079
2002-07-15,42.23
2002-07-16,42.842
2002-07-17,43.605
2002-07-18,43.718
2002-07-19,42.032
2002-07-22,39.419
2002-07-23,37.786
2002-07-24,38.157
2002-07-25,39.306
2002-07-26,39.297
2002-07-29,40.699
2002-07-30,40.784
2002-07-31,41.396
2002-08-01,40.066
2002-08-02,40.288
2002-08-05,38.865
2002-08-06,39.142
2002-08-07,38.792
2002-08-08,40.013
2002-08-09,40.444
2002-08-12,39.987
2002-08-13,39.767
2002-08-14,40.376
2002-08-15,40.715
2002-08-16,41.808
2002-08-19,43.312
2002-08-20,42.435
2002-08-21,43.072
2002-08-22,43.51
2002-08-23,42.692
2002-08-26,42.994
2002-08-27,43.09
2002-08-28,41.691
2002-08-29,41.716
2002-08-30,41.206
2002-09-02,40.705
2002-09-03,38.879
2002-09-04,39.439
2002-09-05,38.951
2002-09-06,39.666
2002-09-09,39.346
2002-09-10,40.024
2002-09-11,40.881
2002-09-12,39.85
2002-09-13,39.221
2002-09-16,39.118
2002-09-17,38.83
2002-09-18,38.198
2002-09-19,37.473
2002-09-20,37.603
2002-09-23,36.698
2002-09-24,35.755
2002-09-25,35.92
2002-09-26,36.689
2002-09-27,35.906
2002-09-30,34.647
2002-10-01,35.797
2002-10-02,36.349
2002-10-03,37.39
2002-10-04,37.394
2002-10-07,36.459
2002-10-08,36.321
2002-10-09,36.388
2002-10-10,37.555
2002-10-11,39.354
2002-10-14,38.856
2002-10-15,40.73
2002-10-16,39.864
2002-10-17,40.781
2002-10-18,40.897
2002-10-21,41.172
2002-10-22,42.116
2002-10-23,41.688
2002-10-24,42.502
2002-10-25,42.517
2002-10-28,43.745
2002-10-29,42.171
2002-10-30,43.414
2002-10-31,43.144
2002-11-01,43.902
2002-11-04,45.463
2002-11-05,45.745
2002-11-06,44.951
2002-11-07,44.544
2002-11-08,44.202
2002-11-11,43.021
2002-11-12,44.45
2002-11-13,43.906
2002-11-14,44.689
2002-11-15,45.309
2002-11-18,45.515
2002-11-19,45.027
2002-11-20,45.831
2002-11-21,47.392
2002-11-22,47.484
2002-11-25,47.625
2002-11-26,46.117
2002-11-27,47.347
2002-11-28,48.221
2002-11-29,47.878
2002-12-02,47.907
2002-12-03,46.793
2002-12-04,46.518
2002-12-05,45.845
2002-12-06,46.213
2002-12-09,44.629
2002-12-10,44.826
2002-12-11,45.028
2002-12-12,44.69
2002-12-13,44.603
2002-12-16,45.83
2002-12-17,45.733
2002-12-18,44.903
2002-12-19,44.954
2002-12-20,45.897
2002-12-23,45.876
2002-12-24,45.631
2002-12-25,45.584
2002-12-26,45.687
2002-12-27,44.747
2002-12-30,44.841
2002-12-31,44.904
2003-01-01,44.904
2003-01-02,46.478
2003-01-03,46.806
2003-01-06,49.089
2003-01-07,48.759
2003-01-08,47.605
2003-01-09,48.049
2003-01-10,48.147
2003-01-13,48.682
2003-01-14,49.566
2003-01-15,48.721
2003-01-16,48.515
2003-01-17,47.35
2003-01-20,46.971
2003-01-21,46.739
2003-01-22,46.56
2003-01-23,45.533
2003-01-24,44.855
2003-01-27,44.131
2003-01-28,44.015
2003-01-29,43.935
2003-01-30,43.75
2003-01-31,43.969
2003-02-03,44.654
2003-02-04,44.25
2003-02-05,44.791
2003-02-06,44.135
2003-02-07,43.944
2003-02-10,43.749
2003-02-11,43.947
2003-02-12,43.637
2003-02-13,43.457
2003-02-14,44.143
2003-02-17,44.338
2003-02-18,44.533
2003-02-19,43.385
2003-02-20,42.469
2003-02-21,42.734
2003-02-24,42.185
2003-02-25,41.476
2003-02-26,41.357
2003-02-27,41.432
2003-02-28,41.679
2003-03-03,41.714
2003-03-04,41.038
2003-03-05,41.237
2003-03-06,40.559
2003-03-07,40.333
2003-03-10,38.823
2003-03-11,38.756
2003-03-12,38.416
2003-03-13,40.198
2003-03-14,41.181
2003-03-17,42.278
2003-03-18,42.059
2003-03-19,42.463
2003-03-20,42.513
2003-03-21,43.057
2003-03-24,41.991
2003-03-25,42.168
2003-03-26,42.301
2003-03-27,42.062
2003-03-28,41.961
2003-03-31,41.162
2003-04-01,42.069
2003-04-02,43.308
2003-04-03,42.835
2003-04-04,42.902
2003-04-07,43.583
2003-04-08,43.231
2003-04-09,42.861
2003-04-10,42.961
2003-04-11,42.783
2003-04-14,43.369
2003-04-15,43.692
2003-04-16,43.082
2003-04-17,43.559
2003-04-18,43.516
2003-04-21,43.138
2003-04-22,43.56
2003-04-23,45.348
2003-04-24,45.431
2003-04-25,45.152
2003-04-28,45.964
2003-04-29,45.795
2003-04-30,46.039
2003-05-01,45.918
2003-05-02,46.377
2003-05-05,46.281
2003-05-06,47.268
2003-05-07,46.299
2003-05-08,45.692
2003-05-09,46.43
2003-05-12,47.045
2003-05-13,47.2
2003-05-14,47.276
2003-05-15,47.589
2003-05-16,47.463
2003-05-19,46.617
2003-05-20,46.865
2003-05-21,46.934
2003-05-22,47.502
2003-05-23,48.335
2003-05-26,48.378
2003-05-27,48.5
2003-05-28,48.658
2003-05-29,49.235
2003-05-30,49.362
2003-06-02,49.956
2003-06-03,49.872
2003-06-04,50.3
2003-06-05,50.411
2003-06-06,50.187
2003-06-09,49.642
2003-06-10,49.522
2003-06-11,49.985
2003-06-12,50.221
2003-06-13,49.687
2003-06-16,50.377
2003-06-17,50.582
2003-06-18,50.732
2003-06-19,50.468
2003-06-20,51.044
2003-06-23,50.225
2003-06-24,50.236
2003-06-25,50.225
2003-06-26,50.223
2003-06-27,50.158
2003-06-30,49.609
2003-07-01,49.733
2003-07-02,50.67
2003-07-03,50.655
2003-07-04,50.403
2003-07-07,50.535
2003-07-08,50.317
2003-07-09,49.972
2003-07-10,49.095
2003-07-11,49.313
2003-07-14,49.456
2003-07-15,49.105
2003-07-16,48.398
2003-07-17,47.59
2003-07-18,47.886
2003-07-21,47.172
2003-07-22,47.764
2003-07-23,47.627
2003-07-24,48.135
2003-07-25,48.544
2003-07-28,49.072
2003-07-29,48.745
2003-07-30,48.302
2003-07-31,48.128
2003-08-01,47.668
2003-08-04,48.146
2003-08-05,47.936
2003-08-06,48.095
2003-08-07,47.91
2003-08-08,48.091
2003-08-11,48.33
2003-08-12,48.513
2003-08-13,48.28
2003-08-14,48.873
2003-08-15,48.838
2003-08-18,49.113
2003-08-19,49.13
2003-08-20,49.258
2003-08-21,48.987
2003-08-22,48.231
2003-08-25,47.908
2003-08-26,47.79
2003-08-27,47.822
2003-08-28,47.966
2003-08-29,47.834
2003-09-01,48.077
2003-09-02,47.945
2003-09-03,48.19
2003-09-04,48.404
2003-09-05,48.57
2003-09-08,48.815
2003-09-09,48.811
2003-09-10,48.858
2003-09-11,48.667
2003-09-12,48.992
2003-09-15,48.959
2003-09-16,49.245
2003-09-17,49.635
2003-09-18,50.235
2003-09-19,49.865
2003-09-22,49.537
2003-09-23,49.146
2003-09-24,48.943
2003-09-25,48.732
2003-09-26,48.309
2003-09-29,48.238
2003-09-30,48.026
2003-10-01,48.784
2003-10-02,48.898
2003-10-03,49.599
2003-10-06,49.728
2003-10-07,50.076
2003-10-08,49.742
2003-10-09,49.928
2003-10-10,49.809
2003-10-13,49.563
2003-10-14,49.316
2003-10-15,49.455
2003-10-16,49.85
2003-10-17,49.427
2003-10-20,49.79
2003-10-21,49.589
2003-10-22,49.701
2003-10-23,49.269
2003-10-24,49.408
2003-10-27,49.569
2003-10-28,50.071
2003-10-29,50.075
2003-10-30,50.024
2003-10-31,50.056
2003-11-03,49.971
2003-11-04,49.664
2003-11-05,49.396
2003-11-06,49.029
2003-11-07,49.379
2003-11-10,49.298
2003-11-11,49.228
2003-11-12,50.236
2003-11-13,50.163
2003-11-14,50.327
2003-11-17,49.927
2003-11-18,50.623
2003-11-19,50.345
2003-11-20,50.32
2003-11-21,50.675
2003-11-24,51.263
2003-11-25,51.724
2003-11-26,51.825
2003-11-27,51.877
2003-11-28,51.904
2003-12-01,52.684
2003-12-02,52.835
2003-12-03,52.711
2003-12-04,52.99
2003-12-05,53.11
2003-12-08,52.988
2003-12-09,53.072
2003-12-10,53.055
2003-12-11,53.309
2003-12-12,53.527
2003-12-15,53.531
2003-12-16,53.43
2003-12-17,53.723
2003-12-18,54.29
2003-12-19,54.314
2003-12-22,54.631
2003-12-23,55.009
2003-12-24,55.005
2003-12-25,55.002
2003-12-26,55.023
2003-12-29,55.439
2003-12-30,55.798
2003-12-31,56.225
2004-01-01,56.225
2004-01-02,56.795
2004-01-05,58.4
2004-01-06,58.982
2004-01-07,58.814
2004-01-08,59.813
2004-01-09,59.361
2004-01-12,59.438
2004-01-13,59.626
2004-01-14,60.064
2004-01-15,59.309
2004-01-16,58.666
2004-01-19,58.703
2004-01-20,59.643
2004-01-21,59.814
2004-01-22,60.031
2004-01-23,59.961
2004-01-26,59.551
2004-01-27,59.683
2004-01-28,59.163
2004-01-29,58.138
2004-01-30,57.896
2004-02-02,58.31
2004-02-03,58.514
2004-02-04,57.618
2004-02-05,57.835
2004-02-06,58.603
2004-02-09,58.865
2004-02-10,59.092
2004-02-11,59.172
2004-02-12,59.489
2004-02-13,59.328
2004-02-16,59.053
2004-02-17,60.625
2004-02-18,60.138
2004-02-19,59.902
2004-02-20,59.246
2004-02-23,58.917
2004-02-24,59.136
2004-02-25,58.826
2004-02-26,58.276
2004-02-27,58.115
2004-03-01,59.037
2004-03-02,59.241
2004-03-03,58.325
2004-03-04,58.678
2004-03-05,59.158
2004-03-08,59.086
2004-03-09,58.988
2004-03-10,57.693
2004-03-11,56.563
2004-03-12,56.529
2004-03-15,55.589
2004-03-16,56.215
2004-03-17,56.803
2004-03-18,56.803
2004-03-19,56.669
2004-03-22,55.75
2004-03-23,55.43
2004-03-24,55.113
2004-03-25,56.006
2004-03-26,55.706
2004-03-29,56.502
2004-03-30,56.581
2004-03-31,56.81
2004-04-01,57.381
2004-04-02,57.499
2004-04-05,57.659
2004-04-06,57.637
2004-04-07,57.466
2004-04-08,57.434
2004-04-09,57.394
2004-04-12,57.384
2004-04-13,56.853
2004-04-14,56.232
2004-04-15,56.106
2004-04-16,56.699
2004-04-19,57.127
2004-04-20,57.038
2004-04-21,56.626
2004-04-22,56.884
2004-04-23,56.903
2004-04-26,57.138
2004-04-27,57.316
2004-04-28,56.597
2004-04-29,56.496
2004-04-30,56.158
2004-05-03,56.287
2004-05-04,56.939
2004-05-05,57.532
2004-05-06,56.605
2004-05-07,55.487
2004-05-10,53.741
2004-05-11,53.972
2004-05-12,53.915
2004-05-13,53.909
2004-05-14,53.542
2004-05-17,53.322
2004-05-18,53.761
2004-05-19,54.738
2004-05-20,54.228
2004-05-21,54.579
2004-05-24,54.36
2004-05-25,53.901
2004-05-26,53.765
2004-05-27,54.811
2004-05-28,54.502
2004-05-31,54.467
2004-06-01,54.177
2004-06-02,54.615
2004-06-03,54.259
2004-06-04,54.578
2004-06-07,55.471
2004-06-08,55.542
2004-06-09,55.395
2004-06-10,55.65
2004-06-11,55.389
2004-06-14,54.887
2004-06-15,55.163
2004-06-16,55.208
2004-06-17,55.325
2004-06-18,55.487
2004-06-21,55.234
2004-06-22,54.707
2004-06-23,54.789
2004-06-24,54.897
2004-06-25,55.078
2004-06-28,55.655
2004-06-29,55.368
2004-06-30,55.37
2004-07-01,55.111
2004-07-02,55.191
2004-07-05,55.162
2004-07-06,54.909
2004-07-07,55.386
2004-07-08,55.283
2004-07-09,55.12
2004-07-12,55.267
2004-07-13,54.906
2004-07-14,55.063
2004-07-15,54.587
2004-07-16,54.727
2004-07-19,54.431
2004-07-20,54.335
2004-07-21,53.971
2004-07-22,54.004
2004-07-23,53.777
2004-07-26,53.821
2004-07-27,54.503
2004-07-28,54.855
2004-07-29,55.294
2004-07-30,55.161
2004-08-02,55.262
2004-08-03,55.254
2004-08-04,55.005
2004-08-05,54.709
2004-08-06,54.288
2004-08-09,54.03
2004-08-10,54.58
2004-08-11,54.318
2004-08-12,54.166
2004-08-13,54.638
2004-08-16,55.249
2004-08-17,55.434
2004-08-18,55.734
2004-08-19,55.83
2004-08-20,55.63
2004-08-23,55.862
2004-08-24,55.622
2004-08-25,55.764
2004-08-26,55.915
2004-08-27,56.038
2004-08-30,55.775
2004-08-31,55.66
2004-09-01,55.819
2004-09-02,56.179
2004-09-03,55.91
2004-09-06,56.219
2004-09-07,56.729
2004-09-08,56.701
2004-09-09,56.607
2004-09-10,57.19
2004-09-13,57.534
2004-09-14,57.361
2004-09-15,56.505
2004-09-16,56.811
2004-09-17,56.942
2004-09-20,56.593
2004-09-21,57.045
2004-09-22,56.881
2004-09-23,56.91
2004-09-24,56.681
2004-09-27,56.274
2004-09-28,56.384
2004-09-29,56.762
2004-09-30,56.927
2004-10-01,58.157
2004-10-04,58.54
2004-10-05,58.903
2004-10-06,59.111
2004-10-07,58.956
2004-10-08,58.973
2004-10-11,58.796
2004-10-12,58.39
2004-10-13,58.286
2004-10-14,58.19
2004-10-15,58.74
2004-10-18,58.912
2004-10-19,59.192
2004-10-20,59.017
2004-10-21,58.971
2004-10-22,58.8
2004-10-25,58.539
2004-10-26,58.5
2004-10-27,59.158
2004-10-28,59.597
2004-10-29,59.59
2004-11-01,60.039
2004-11-02,60.335
2004-11-03,60.866
2004-11-04,61.256
2004-11-05,61.666
2004-11-08,61.524
2004-11-09,61.337
2004-11-10,60.964
2004-11-11,61.855
2004-11-12,62.615
2004-11-15,62.537
2004-11-16,62.272
2004-11-17,63.044
2004-11-18,63.315
2004-11-19,62.943
2004-11-22,62.66
2004-11-23,62.721
2004-11-24,63.089
2004-11-25,63.505
2004-11-26,63.559
2004-11-29,63.688
2004-11-30,63.678
2004-12-01,64.823
2004-12-02,65.361
2004-12-03,65.577
2004-12-06,65.503
2004-12-07,65.566
2004-12-08,65.105
2004-12-09,64.416
2004-12-10,64.332
2004-12-13,65.284
2004-12-14,65.028
2004-12-15,65.241
2004-12-16,64.965
2004-12-17,64.65
2004-12-20,64.952
2004-12-21,64.845
2004-12-22,65.218
2004-12-23,65.597
2004-12-24,65.771
2004-12-27,65.933
2004-12-28,66.06
2004-12-29,65.979
2004-12-30,66.118
2004-12-31,65.996
2005-01-03,65.749
2005-01-04,65.212
2005-01-05,64.935
2005-01-06,64.706
2005-01-07,64.768
2005-01-10,64.496
2005-01-11,64.201
2005-01-12,64.398
2005-01-13,63.873
2005-01-14,63.442
2005-01-17,63.403
2005-01-18,63.408
2005-01-19,63.246
2005-01-20,62.601
2005-01-21,62.797
2005-01-24,62.726
2005-01-25,62.44
2005-01-26,63.175
2005-01-27,62.836
2005-01-28,62.549
2005-01-31,62.857
2005-02-01,63.01
2005-02-02,63.064
2005-02-03,62.96
2005-02-04,63.632
2005-02-07,63.456
2005-02-08,63.304
2005-02-09,63.035
2005-02-10,63.042
2005-02-11,63.417
2005-02-14,63.866
2005-02-15,64.118
2005-02-16,63.913
2005-02-17,63.739
2005-02-18,63.416
2005-02-21,63.204
2005-02-22,62.992
2005-02-23,62.974
2005-02-24,63.111
2005-02-25,63.598
2005-02-28,63.466
2005-03-01,63.714
2005-03-02,63.743
2005-03-03,63.615
2005-03-04,64.21
2005-03-07,64.226
2005-03-08,64.353
2005-03-09,64.118
2005-03-10,63.692
2005-03-11,63.696
2005-03-14,63.327
2005-03-15,63.173
2005-03-16,62.953
2005-03-17,62.83
2005-03-18,62.575
2005-03-21,62.26
2005-03-22,62.153
2005-03-23,61.809
2005-03-24,61.961
2005-03-25,62.027
2005-03-28,61.869
2005-03-29,61.834
2005-03-30,62.147
2005-03-31,62.306
2005-04-01,62.195
2005-04-04,61.874
2005-04-05,62.35
2005-04-06,62.251
2005-04-07,62.638
2005-04-08,62.428
2005-04-11,62.684
2005-04-12,62.318
2005-04-13,62.367
2005-04-14,61.92
2005-04-15,61.047
2005-04-18,60.598
2005-04-19,60.928
2005-04-20,60.684
2005-04-21,61.296
2005-04-22,61.375
2005-04-25,61.239
2005-04-26,60.757
2005-04-27,60.68
2005-04-28,60.518
2005-04-29,60.961
2005-05-02,60.618
2005-05-03,60.886
2005-05-04,61.37
2005-05-05,61.282
2005-05-06,61.265
2005-05-09,61.008
2005-05-10,60.722
2005-05-11,60.428
2005-05-12,60.321
2005-05-13,60.119
2005-05-16,60.056
2005-05-17,60.042
2005-05-18,60.396
2005-05-19,60.944
2005-05-20,61.175
2005-05-23,61.779
2005-05-24,61.014
2005-05-25,60.751
2005-05-26,60.795
2005-05-27,60.728
2005-05-30,60.716
2005-05-31,60.282
2005-06-01,60.329
2005-06-02,60.235
2005-06-03,60.28
2005-06-06,59.943
2005-06-07,60.449
2005-06-08,60.546
2005-06-09,59.955
2005-06-10,59.979
2005-06-13,59.969
2005-06-14,60.135
2005-06-15,60.428
2005-06-16,60.481
2005-06-17,60.981
2005-06-20,60.689
2005-06-21,60.733
2005-06-22,60.723
2005-06-23,60.314
2005-06-24,59.996
2005-06-27,59.744
2005-06-28,60.011
2005-06-29,60.703
2005-06-30,60.729
2005-07-01,60.469
2005-07-04,60.296
2005-07-05,60.249
2005-07-06,60.269
2005-07-07,59.674
2005-07-08,60.293
2005-07-11,61.192
2005-07-12,61.732
2005-07-13,61.497
2005-07-14,61.832
2005-07-15,61.581
2005-07-18,61.217
2005-07-19,61.088
2005-07-20,61.13
2005-07-21,61.304
2005-07-22,61.427
2005-07-25,61.5
2005-07-26,62.027
2005-07-27,62.596
2005-07-28,63.194
2005-07-29,63.243
2005-08-01,63.542
2005-08-02,63.901
2005-08-03,64.197
2005-08-04,63.8
2005-08-05,63.298
2005-08-08,63.374
2005-08-09,63.781
2005-08-10,64.16
2005-08-11,64.401
2005-08-12,64.11
2005-08-15,64.074
2005-08-16,63.759
2005-08-17,63.961
2005-08-18,63.284
2005-08-19,63.736
2005-08-22,64.141
2005-08-23,63.971
2005-08-24,63.478
2005-08-25,63.079
2005-08-26,62.771
2005-08-29,62.688
2005-08-30,62.351
2005-08-31,63.112
2005-09-01,63.737
2005-09-02,63.627
2005-09-05,63.864
2005-09-06,64.188
2005-09-07,63.947
2005-09-08,63.772
2005-09-09,63.972
2005-09-12,63.481
2005-09-13,63.172
2005-09-14,63.524
2005-09-15,63.415
2005-09-16,63.747
2005-09-19,63.088
2005-09-20,62.907
2005-09-21,62.451
2005-09-22,62.199
2005-09-23,62.321
2005-09-26,62.497
2005-09-27,61.978
2005-09-28,62.442
2005-09-29,62.324
2005-09-30,62.62
2005-10-03,62.235
2005-10-04,62.541
2005-10-05,62.271
2005-10-06,62.453
2005-10-07,61.945
2005-10-10,61.694
2005-10-11,61.339
2005-10-12,61.208
2005-10-13,60.483
2005-10-14,61.164
2005-10-17,60.637
2005-10-18,59.997
2005-10-19,59.726
2005-10-20,59.566
2005-10-21,59.994
2005-10-24,60.496
2005-10-25,61.115
2005-10-26,60.824
2005-10-27,60.399
2005-10-28,60.784
2005-10-31,61.214
2005-11-01,61.187
2005-11-02,61.769
2005-11-03,61.567
2005-11-04,60.953
2005-11-07,60.931
2005-11-08,61.104
2005-11-09,60.872
2005-11-10,60.842
2005-11-11,60.751
2005-11-14,60.576
2005-11-15,58.735
2005-11-16,58.457
2005-11-17,59.021
2005-11-18,59.273
2005-11-21,59.237
2005-11-22,59.256
2005-11-23,59.996
2005-11-24,60.054
2005-11-25,60.049
2005-11-28,59.986
2005-11-29,60.143
2005-11-30,59.782
2005-12-01,60.114
2005-12-02,59.721
2005-12-05,59.743
2005-12-06,59.925
2005-12-07,60.124
2005-12-08,60.164
2005-12-09,60.322
2005-12-12,60.579
2005-12-13,60.367
2005-12-14,60.537
2005-12-15,60.287
2005-12-16,60.304
2005-12-19,60.051
2005-12-20,59.673
2005-12-21,59.406
2005-12-22,59.671
2005-12-23,59.752
2005-12-26,59.737
2005-12-27,59.705
2005-12-28,59.896
2005-12-29,59.938
2005-12-30,59.478
2006-01-02,59.525
2006-01-03,60.38
2006-01-04,61.319
2006-01-05,61.672
2006-01-06,62.502
2006-01-09,62.205
2006-01-10,61.935
2006-01-11,62.401
2006-01-12,61.484
2006-01-13,61.242
2006-01-16,61.147
2006-01-17,60.164
2006-01-18,59.99
2006-01-19,59.924
2006-01-20,58.969
2006-01-23,59.607
2006-01-24,59.255
2006-01-25,59.841
2006-01-26,60.408
2006-01-27,60.612
2006-01-30,60.25
2006-01-31,60.01
2006-02-01,59.957
2006-02-02,59.524
2006-02-03,59.434
2006-02-06,59.258
2006-02-07,59.454
2006-02-08,60.029
2006-02-09,60.385
2006-02-10,60.594
2006-02-13,60.384
2006-02-14,61.142
2006-02-15,61.32
2006-02-16,61.932
2006-02-17,62.182
2006-02-20,62.13
2006-02-21,61.691
2006-02-22,61.162
2006-02-23,61.198
2006-02-24,60.961
2006-02-27,60.723
2006-02-28,60.265
2006-03-01,61.027
2006-03-02,61.101
2006-03-03,61.775
2006-03-06,62.897
2006-03-07,62.078
2006-03-08,61.953
2006-03-09,62.371
2006-03-10,62.594
2006-03-13,63.2
2006-03-14,63.609
2006-03-15,63.416
2006-03-16,63.956
2006-03-17,63.808
2006-03-20,63.62
2006-03-21,63.722
2006-03-22,63.951
2006-03-23,63.599
2006-03-24,63.789
2006-03-27,63.636
2006-03-28,62.853
2006-03-29,62.963
2006-03-30,63.243
2006-03-31,62.733
2006-04-03,62.973
2006-04-04,63.425
2006-04-05,63.69
2006-04-06,63.564
2006-04-07,63.185
2006-04-10,63.197
2006-04-11,62.297
2006-04-12,62.131
2006-04-13,62.338
2006-04-14,62.344
2006-04-17,62.674
2006-04-18,63.067
2006-04-19,63.177
2006-04-20,62.852
2006-04-21,63.028
2006-04-24,63.057
2006-04-25,63.395
2006-04-26,64.002
2006-04-27,64.689
2006-04-28,64.659
2006-05-01,64.911
2006-05-02,64.947
2006-05-03,64.481
2006-05-04,64.773
2006-05-05,65.333
2006-05-08,65.598
2006-05-09,66.278
2006-05-10,65.987
2006-05-11,65.36
2006-05-12,64.381
2006-05-15,64.382
2006-05-16,64.608
2006-05-17,63.235
2006-05-18,63.34
2006-05-19,63.071
2006-05-22,62.426
2006-05-23,62.592
2006-05-24,61.927
2006-05-25,62.657
2006-05-26,63.462
2006-05-29,63.511
2006-05-30,63.145
2006-05-31,63.851
2006-06-01,64.73
2006-06-02,65.398
2006-06-05,64.612
2006-06-06,64.022
2006-06-07,64.339
2006-06-08,63.05
2006-06-09,63.548
2006-06-12,62.925
2006-06-13,62.095
2006-06-14,62.213
2006-06-15,62.986
2006-06-16,62.837
2006-06-19,62.531
2006-06-20,62.5
2006-06-21,62.828
2006-06-22,62.741
2006-06-23,62.495
2006-06-26,62.426
2006-06-27,62.109
2006-06-28,61.928
2006-06-29,62.883
2006-06-30,64.165
2006-07-03,64.582
2006-07-04,64.8
2006-07-05,64.118
2006-07-06,64.495
2006-07-07,64.353
2006-07-10,64.285
2006-07-11,63.771
2006-07-12,63.337
2006-07-13,62.426
2006-07-14,61.771
2006-07-17,61.414
2006-07-18,61.289
2006-07-19,62.565
2006-07-20,62.845
2006-07-21,62.512
2006-07-24,63.477
2006-07-25,64.11
2006-07-26,64.259
2006-07-27,64.945
2006-07-28,65.783
2006-07-31,65.443
2006-08-01,65.038
2006-08-02,66.195
2006-08-03,65.668
2006-08-04,66.407
2006-08-07,65.681
2006-08-08,65.622
2006-08-09,65.98
2006-08-10,64.828
2006-08-11,64.504
2006-08-14,64.555
2006-08-15,65.128
2006-08-16,65.399
2006-08-17,65.543
2006-08-18,65.54
2006-08-21,65.706
2006-08-22,65.636
2006-08-23,65.578
2006-08-24,65.643
2006-08-25,65.622
2006-08-28,66.06
2006-08-29,66.412
2006-08-30,66.873
2006-08-31,66.658
2006-09-01,67.059
2006-09-04,67.408
2006-09-05,67.322
2006-09-06,66.91
2006-09-07,66.287
2006-09-08,66.286
2006-09-11,66.854
2006-09-12,67.713
2006-09-13,67.903
2006-09-14,68.043
2006-09-15,67.575
2006-09-18,67.334
2006-09-19,67.22
2006-09-20,68.04
2006-09-21,68.511
2006-09-22,68.599
2006-09-25,69.03
2006-09-26,69.288
2006-09-27,69.056
2006-09-28,69.058
2006-09-29,69.458
2006-10-02,69.253
2006-10-03,69.669
2006-10-04,70.474
2006-10-05,70.312
2006-10-06,70.022
2006-10-09,69.948
2006-10-10,70.153
2006-10-11,70.612
2006-10-12,71.133
2006-10-13,71.199
2006-10-16,71.095
2006-10-17,70.648
2006-10-18,70.702
2006-10-19,71.363
2006-10-20,71.936
2006-10-23,72.127
2006-10-24,72.074
2006-10-25,72.473
2006-10-26,73.674
2006-10-27,74.288
2006-10-30,73.764
2006-10-31,73.936
2006-11-01,73.66
2006-11-02,73.843
2006-11-03,73.488
2006-11-06,74.107
2006-11-07,74.538
2006-11-08,74.17
2006-11-09,73.881
2006-11-10,73.523
2006-11-13,73.776
2006-11-14,73.88
2006-11-15,73.962
2006-11-16,74.143
2006-11-17,74.363
2006-11-20,74.21
2006-11-21,74.116
2006-11-22,74.346
2006-11-23,74.525
2006-11-24,74.733
2006-11-27,74.09
2006-11-28,74.132
2006-11-29,75.017
2006-11-30,75.432
2006-12-01,75.336
2006-12-04,75.881
2006-12-05,76.393
2006-12-06,76.476
2006-12-07,76.608
2006-12-08,76.818
2006-12-11,77.002
2006-12-12,77.77
2006-12-13,78.237
2006-12-14,78.418
2006-12-15,78.637
2006-12-18,78.414
2006-12-19,78.155
2006-12-20,78.565
2006-12-21,78.237
2006-12-22,77.68
2006-12-25,77.618
2006-12-26,77.63
2006-12-27,78.329
2006-12-28,78.476
2006-12-29,78.44
2007-01-01,78.44
2007-01-02,79.297
2007-01-03,79.129
2007-01-04,79.629
2007-01-05,78.755
2007-01-08,79.216
2007-01-09,79.162
2007-01-10,78.335
2007-01-11,79.112
2007-01-12,79.676
2007-01-15,79.853
2007-01-16,79.509
2007-01-17,79.352
2007-01-18,79.544
2007-01-19,79.885
2007-01-22,79.782
2007-01-23,80.2
2007-01-24,81.116
2007-01-25,80.697
2007-01-26,80.065
2007-01-29,79.947
2007-01-30,80.323
2007-01-31,80.567
2007-02-01,81.184
2007-02-02,81.108
2007-02-05,81.073
2007-02-06,81.217
2007-02-07,81.719
2007-02-08,81.813
2007-02-09,81.36
2007-02-12,81.189
2007-02-13,81.616
2007-02-14,82.515
2007-02-15,82.537
2007-02-16,82.589
2007-02-19,82.768
2007-02-20,82.712
2007-02-21,82.019
2007-02-22,81.637
2007-02-23,82.158
2007-02-26,82.751
2007-02-27,80.819
2007-02-28,80.435
2007-03-01,79.368
2007-03-02,78.621
2007-03-05,77.24
2007-03-06,77.77
2007-03-07,77.648
2007-03-08,78.896
2007-03-09,78.967
2007-03-12,79.343
2007-03-13,78.874
2007-03-14,77.766
2007-03-15,78.52
2007-03-16,79.13
2007-03-19,80.212
2007-03-20,80.569
2007-03-21,81.332
2007-03-22,82.115
2007-03-23,81.741
2007-03-26,81.549
2007-03-27,81.611
2007-03-28,81.094
2007-03-29,81.669
2007-03-30,81.406
2007-04-02,82.385
2007-04-03,83.126
2007-04-04,83.133
2007-04-05,83.303
2007-04-06,83.214
2007-04-09,82.963
2007-04-10,83.513
2007-04-11,83.123
2007-04-12,83.127
2007-04-13,83.453
2007-04-16,84.282
2007-04-17,84.58
2007-04-18,84.152
2007-04-19,84.211
2007-04-20,85.106
2007-04-23,84.621
2007-04-24,84.293
2007-04-25,84.428
2007-04-26,84.603
2007-04-27,84.265
2007-04-30,84.221
2007-05-01,84.292
2007-05-02,84.739
2007-05-03,85.025
2007-05-04,85.597
2007-05-07,86.018
2007-05-08,85.331
2007-05-09,85.394
2007-05-10,84.508
2007-05-11,85.126
2007-05-14,85.309
2007-05-15,86.049
2007-05-16,86.22
2007-05-17,85.742
2007-05-18,86.218
2007-05-21,86.297
2007-05-22,86.549
2007-05-23,87.859
2007-05-24,87.584
2007-05-25,87.559
2007-05-28,87.732
2007-05-29,88.658
2007-05-30,89.028
2007-05-31,89.33
2007-06-01,89.6
2007-06-04,89.645
2007-06-05,89.165
2007-06-06,88.366
2007-06-07,87.328
2007-06-08,87.53
2007-06-11,87.299
2007-06-12,86.41
2007-06-13,87.083
2007-06-14,88.062
2007-06-15,88.545
2007-06-18,88.199
2007-06-19,88.116
2007-06-20,87.707
2007-06-21,87.272
2007-06-22,86.519
2007-06-25,86.492
2007-06-26,86.686
2007-06-27,87.212
2007-06-28,88.04
2007-06-29,88.482
2007-07-02,89.022
2007-07-03,89.233
2007-07-04,89.599
2007-07-05,88.757
2007-07-06,89.128
2007-07-09,89.45
2007-07-10,88.195
2007-07-11,88.415
2007-07-12,89.406
2007-07-13,89.78
2007-07-16,90.109
2007-07-17,90.041
2007-07-18,89.455
2007-07-19,90.114
2007-07-20,89.268
2007-07-23,89.734
2007-07-24,88.756
2007-07-25,88.7
2007-07-26,86.356
2007-07-27,85.618
2007-07-30,85.548
2007-07-31,85.944
2007-08-01,85.892
2007-08-02,87.296
2007-08-03,86.356
2007-08-06,86.31
2007-08-07,86.956
2007-08-08,88.151
2007-08-09,86.337
2007-08-10,84.275
2007-08-13,85.614
2007-08-14,84.711
2007-08-15,84.056
2007-08-16,82.272
2007-08-17,84.106
2007-08-20,84.312
2007-08-21,84.9
2007-08-22,85.875
2007-08-23,86.567
2007-08-24,87.285
2007-08-27,87.394
2007-08-28,85.839
2007-08-29,87.123
2007-08-30,87.138
2007-08-31,87.986
2007-09-03,88.132
2007-09-04,88.57
2007-09-05,87.27
2007-09-06,87.586
2007-09-07,86.619
2007-09-10,86.358
2007-09-11,88.089
2007-09-12,88.804
2007-09-13,90.231
2007-09-14,89.722
2007-09-17,89.217
2007-09-18,90.01
2007-09-19,91.304
2007-09-20,91.882
2007-09-21,92.399
2007-09-24,92.304
2007-09-25,92.355
2007-09-26,93.116
2007-09-27,93.744
2007-09-28,93.808
2007-10-01,94.446
2007-10-02,93.789
2007-10-03,92.873
2007-10-04,92.657
2007-10-05,93.39
2007-10-08,92.601
2007-10-09,93.282
2007-10-10,93.355
2007-10-11,95.372
2007-10-12,95.96
2007-10-15,95.202
2007-10-16,94.722
2007-10-17,95.277
2007-10-18,95.423
2007-10-19,94.776
2007-10-22,94.255
2007-10-23,95.193
2007-10-24,94.707
2007-10-25,96.536
2007-10-26,98.158
2007-10-29,98.663
2007-10-30,97.592
2007-10-31,98.396
2007-11-01,96.592
2007-11-02,97.077
2007-11-05,96.889
2007-11-06,97.346
2007-11-07,96.364
2007-11-08,96.074
2007-11-09,94.691
2007-11-12,93.876
2007-11-13,96.43
2007-11-14,96.309
2007-11-15,95.664
2007-11-16,96.018
2007-11-19,94.882
2007-11-20,95.823
2007-11-21,93.823
2007-11-22,94.152
2007-11-23,94.507
2007-11-26,93.392
2007-11-27,93.444
2007-11-28,94.828
2007-11-29,94.991
2007-11-30,95.148
2007-12-03,95.239
2007-12-04,95.219
2007-12-05,95.84
2007-12-06,95.455
2007-12-07,95.771
2007-12-10,95.922
2007-12-11,95.915
2007-12-12,97.093
2007-12-13,95.51
2007-12-14,94.531
2007-12-17,92.992
2007-12-18,93.54
2007-12-19,92.747
2007-12-20,93.015
2007-12-21,94.57
2007-12-24,94.825
2007-12-25,94.932
2007-12-26,95.782
2007-12-27,95.77
2007-12-28,96.011
2007-12-31,95.267
2008-01-01,95.267
2008-01-02,94.564
2008-01-03,94.212
2008-01-04,93.423
2008-01-07,94.312
2008-01-08,93.987
2008-01-09,93.513
2008-01-10,94.168
2008-01-11,92.754
2008-01-14,92.824
2008-01-15,91.539
2008-01-16,90.579
2008-01-17,90.122
2008-01-18,87.984
2008-01-21,84.834
2008-01-22,84.56
2008-01-23,82.896
2008-01-24,85.006
2008-01-25,85.222
2008-01-28,85.629
2008-01-29,87.181
2008-01-30,86.736
2008-01-31,87.673
2008-02-01,88.309
2008-02-04,88.145
2008-02-05,85.096
2008-02-06,85.101
2008-02-07,84.34
2008-02-08,84.058
2008-02-11,84.105
2008-02-12,86.111
2008-02-13,86.295
2008-02-14,85.919
2008-02-15,85.156
2008-02-18,85.375
2008-02-19,83.687
2008-02-20,81.372
2008-02-21,82.207
2008-02-22,82.213
2008-02-25,83.369
2008-02-26,84.23
2008-02-27,83.939
2008-02-28,83.778
2008-02-29,82.644
2008-03-03,81.976
2008-03-04,80.873
2008-03-05,81.942
2008-03-06,80.995
2008-03-07,80.164
2008-03-10,79.174
2008-03-11,80.181
2008-03-12,80.118
2008-03-13,79.853
2008-03-14,78.953
2008-03-17,78.466
2008-03-18,80.556
2008-03-19,78.107
2008-03-20,78.002
2008-03-21,78.132
2008-03-24,78.949
2008-03-25,80.818
2008-03-26,81.034
2008-03-27,81.546
2008-03-28,81.054
2008-03-31,80.747
2008-04-01,82.371
2008-04-02,82.976
2008-04-03,83.667
2008-04-04,83.751
2008-04-07,84.632
2008-04-08,83.884
2008-04-09,83.623
2008-04-10,83.623
2008-04-11,82.218
2008-04-14,81.438
2008-04-15,81.547
2008-04-16,83.092
2008-04-17,82.176
2008-04-18,82.995
2008-04-21,83.074
2008-04-22,83.166
2008-04-23,83.509
2008-04-24,83.401
2008-04-25,84.296
2008-04-28,84.211
2008-04-29,84.051
2008-04-30,84.669
2008-05-01,85.124
2008-05-02,86.275
2008-05-05,86.107
2008-05-06,85.678
2008-05-07,85.148
2008-05-08,85.199
2008-05-09,84.837
2008-05-12,85.748
2008-05-13,85.826
2008-05-14,86.504
2008-05-15,86.885
2008-05-16,87.41
2008-05-19,87.619
2008-05-20,86.119
2008-05-21,85.312
2008-05-22,86.355
2008-05-23,85.854
2008-05-26,85.884
2008-05-27,85.528
2008-05-28,86.103
2008-05-29,86.372
2008-05-30,86.769
2008-06-02,85.673
2008-06-03,85.387
2008-06-04,84.573
2008-06-05,86.067
2008-06-06,85.153
2008-06-09,83.912
2008-06-10,82.792
2008-06-11,81.623
2008-06-12,81.294
2008-06-13,82.04
2008-06-16,81.615
2008-06-17,81.828
2008-06-18,81.019
2008-06-19,80.503
2008-06-20,79.066
2008-06-23,78.883
2008-06-24,78.922
2008-06-25,79.836
2008-06-26,78.449
2008-06-27,77.956
2008-06-30,79.575
2008-07-01,79.217
2008-07-02,80.07
2008-07-03,79.941
2008-07-04,79.636
2008-07-07,79.783
2008-07-08,80.511
2008-07-09,80.546
2008-07-10,80.095
2008-07-11,78.883
2008-07-14,78.586
2008-07-15,77.88
2008-07-16,78.116
2008-07-17,78.784
2008-07-18,79.378
2008-07-21,79.046
2008-07-22,76.094
2008-07-23,77.082
2008-07-24,76.492
2008-07-25,76.115
2008-07-28,75.248
2008-07-29,75.66
2008-07-30,76.275
2008-07-31,76.383
2008-08-01,75.842
2008-08-04,75.717
2008-08-05,76.879
2008-08-06,76.444
2008-08-07,75.213
2008-08-08,75.549
2008-08-11,76.466
2008-08-12,76.093
2008-08-13,74.829
2008-08-14,74.814
2008-08-15,74.743
2008-08-18,74.932
2008-08-19,73.435
2008-08-20,73.54
2008-08-21,73.556
2008-08-22,74.565
2008-08-25,73.753
2008-08-26,73.18
2008-08-27,74.325
2008-08-28,75.535
2008-08-29,75.419
2008-09-01,74.963
2008-09-02,75.608
2008-09-03,75.194
2008-09-04,73.145
2008-09-05,71.576
2008-09-08,73.046
2008-09-09,72.811
2008-09-10,71.921
2008-09-11,71.398
2008-09-12,72.828
2008-09-15,70.292
2008-09-16,69.261
2008-09-17,67.506
2008-09-18,68.339
2008-09-19,71.886
2008-09-22,70.508
2008-09-23,69.535
2008-09-24,68.821
2008-09-25,70.761
2008-09-26,70.463
2008-09-29,66.805
2008-09-30,66.622
2008-10-01,67.113
2008-10-02,66.487
2008-10-03,67.137
2008-10-06,63.424
2008-10-07,62.855
2008-10-08,60.176
2008-10-09,57.819
2008-10-10,53.65
2008-10-13,59.235
2008-10-14,61.007
2008-10-15,57.876
2008-10-16,56.785
2008-10-17,58.837
2008-10-20,60.976
2008-10-21,59.013
2008-10-22,54.703
2008-10-23,55.612
2008-10-24,53.268
2008-10-27,51.913
2008-10-28,55.24
2008-10-29,58.085
2008-10-30,58.545
2008-10-31,57.681
2008-11-03,58.804
2008-11-04,61.682
2008-11-05,60.403
2008-11-06,57.181
2008-11-07,58.112
2008-11-10,58.769
2008-11-11,57.4
2008-11-12,56.562
2008-11-13,58.445
2008-11-14,58.159
2008-11-17,57.043
2008-11-18,57.273
2008-11-19,55.591
2008-11-20,54.102
2008-11-21,53.95
2008-11-24,58.149
2008-11-25,59.421
2008-11-26,60.599
2008-11-27,60.306
2008-11-28,60.517
2008-12-01,57.652
2008-12-02,59.417
2008-12-03,61.0
2008-12-04,60.079
2008-12-05,60.032
2008-12-08,63.075
2008-12-09,62.411
2008-12-10,61.777
2008-12-11,61.751
2008-12-12,61.299
2008-12-15,61.391
2008-12-16,62.831
2008-12-17,64.194
2008-12-18,64.514
2008-12-19,63.337
2008-12-22,63.247
2008-12-23,62.51
2008-12-24,62.366
2008-12-25,62.394
2008-12-26,62.777
2008-12-29,62.97
2008-12-30,63.788
2008-12-31,63.845
2009-01-01,63.845
2009-01-02,65.431
2009-01-05,64.839
2009-01-06,64.193
2009-01-07,63.622
2009-01-08,64.011
2009-01-09,63.1
2009-01-12,61.756
2009-01-13,60.895
2009-01-14,59.437
2009-01-15,58.279
2009-01-16,59.232
2009-01-19,59.157
2009-01-20,58.002
2009-01-21,58.293
2009-01-22,57.78
2009-01-23,58.069
2009-01-26,59.598
2009-01-27,59.232
2009-01-28,59.836
2009-01-29,57.906
2009-01-30,56.962
2009-02-02,56.746
2009-02-03,58.532
2009-02-04,58.112
2009-02-05,58.192
2009-02-06,59.345
2009-02-09,59.369
2009-02-10,57.643
2009-02-11,57.264
2009-02-12,56.592
2009-02-13,57.228
2009-02-16,56.717
2009-02-17,54.636
2009-02-18,53.938
2009-02-19,54.26
2009-02-20,54.079
2009-02-23,53.677
2009-02-24,53.766
2009-02-25,53.338
2009-02-26,54.574
2009-02-27,54.452
2009-03-02,52.571
2009-03-03,51.777
2009-03-04,52.876
2009-03-05,51.716
2009-03-06,51.47
2009-03-09,49.841
2009-03-10,52.048
2009-03-11,51.714
2009-03-12,52.58
2009-03-13,53.279
2009-03-16,54.131
2009-03-17,55.192
2009-03-18,55.641
2009-03-19,56.709
2009-03-20,55.578
2009-03-23,57.509
2009-03-24,57.07
2009-03-25,57.496
2009-03-26,57.813
2009-03-27,56.518
2009-03-30,55.154
2009-03-31,55.926
2009-04-01,57.523
2009-04-02,59.119
2009-04-03,58.577
2009-04-06,58.427
2009-04-07,57.642
2009-04-08,57.562
2009-04-09,57.82
2009-04-10,57.781
2009-04-13,57.753
2009-04-14,57.108
2009-04-15,57.257
2009-04-16,58.001
2009-04-17,58.322
2009-04-20,56.636
2009-04-21,56.472
2009-04-22,56.493
2009-04-23,56.434
2009-04-24,56.889
2009-04-27,56.84
2009-04-28,56.609
2009-04-29,57.186
2009-04-30,57.207
2009-05-01,57.609
2009-05-04,58.538
2009-05-05,58.715
2009-05-06,59.143
2009-05-07,58.247
2009-05-08,58.175
2009-05-11,58.29
2009-05-12,59.221
2009-05-13,58.712
2009-05-14,58.765
2009-05-15,58.436
2009-05-18,59.019
2009-05-19,59.099
2009-05-20,59.183
2009-05-21,57.951
2009-05-22,58.445
2009-05-25,58.65
2009-05-26,59.793
2009-05-27,59.491
2009-05-28,59.657
2009-05-29,60.24
2009-06-01,60.702
2009-06-02,61.079
2009-06-03,60.154
2009-06-04,59.824
2009-06-05,59.394
2009-06-08,58.871
2009-06-09,59.553
2009-06-10,59.499
2009-06-11,60.262
2009-06-12,60.423
2009-06-15,59.389
2009-06-16,59.551
2009-06-17,59.733
2009-06-18,60.474
2009-06-19,60.114
2009-06-22,59.59
2009-06-23,60.194
2009-06-24,60.975
2009-06-25,60.914
2009-06-26,61.4
2009-06-29,62.015
2009-06-30,61.387
2009-07-01,62.216
2009-07-02,60.803
2009-07-03,60.559
2009-07-06,60.594
2009-07-07,60.096
2009-07-08,59.246
2009-07-09,59.525
2009-07-10,59.095
2009-07-13,59.757
2009-07-14,59.663
2009-07-15,60.808
2009-07-16,61.01
2009-07-17,61.305
2009-07-20,61.89
2009-07-21,62.316
2009-07-22,62.692
2009-07-23,63.915
2009-07-24,64.131
2009-07-27,64.382
2009-07-28,64.402
2009-07-29,64.609
2009-07-30,65.884
2009-07-31,65.805
2009-08-03,66.614
2009-08-04,66.561
2009-08-05,65.8
2009-08-06,65.25
2009-08-07,65.67
2009-08-10,65.57
2009-08-11,65.188
2009-08-12,65.828
2009-08-13,66.088
2009-08-14,65.398
2009-08-17,63.827
2009-08-18,64.426
2009-08-19,64.694
2009-08-20,65.615
2009-08-21,66.555
2009-08-24,66.784
2009-08-25,67.485
2009-08-26,67.318
2009-08-27,67.008
2009-08-28,67.426
2009-08-31,66.958
2009-09-01,65.933
2009-09-02,65.348
2009-09-03,65.598
2009-09-04,66.534
2009-09-07,67.313
2009-09-08,68.358
2009-09-09,68.888
2009-09-10,69.618
2009-09-11,69.861
2009-09-14,69.813
2009-09-15,69.956
2009-09-16,70.328
2009-09-17,70.205
2009-09-18,70.248
2009-09-21,69.832
2009-09-22,70.464
2009-09-23,70.804
2009-09-24,69.986
2009-09-25,69.727
2009-09-28,70.61
2009-09-29,69.952
2009-09-30,69.876
2009-10-01,68.946
2009-10-02,68.373
2009-10-05,69.483
2009-10-06,70.244
2009-10-07,69.115
2009-10-08,69.254
2009-10-09,68.734
2009-10-12,68.902
2009-10-13,68.757
2009-10-14,69.516
2009-10-15,69.946
2009-10-16,69.053
2009-10-19,69.815
2009-10-20,69.887
2009-10-21,70.355
2009-10-22,70.692
2009-10-23,69.675
2009-10-26,69.0
2009-10-27,69.169
2009-10-28,69.396
2009-10-29,69.94
2009-10-30,68.596
2009-11-02,68.829
2009-11-03,67.923
2009-11-04,68.852
2009-11-05,69.68
2009-11-06,69.559
2009-11-09,71.051
2009-11-10,70.743
2009-11-11,70.76
2009-11-12,70.701
2009-11-13,71.004
2009-11-16,71.767
2009-11-17,71.51
2009-11-18,71.873
2009-11-19,70.836
2009-11-20,70.48
2009-11-23,72.011
2009-11-24,72.046
2009-11-25,72.998
2009-11-26,72.166
2009-11-27,72.071
2009-11-30,71.851
2009-12-01,73.458
2009-12-02,74.121
2009-12-03,73.956
2009-12-04,73.829
2009-12-07,73.762
2009-12-08,72.769
2009-12-09,72.41
2009-12-10,72.853
2009-12-11,72.79
2009-12-14,72.997
2009-12-15,72.307
2009-12-16,72.485
2009-12-17,71.229
2009-12-18,71.028
2009-12-21,71.853
2009-12-22,72.055
2009-12-23,72.459
2009-12-24,72.551
2009-12-25,72.588
2009-12-28,72.985
2009-12-29,73.18
2009-12-30,72.665
2009-12-31,72.576
2010-01-01,72.576
2010-01-04,73.712
2010-01-05,73.744
2010-01-06,72.941
2010-01-07,71.906
2010-01-08,71.638
2010-01-11,72.033
2010-01-12,71.87
2010-01-13,71.976
2010-01-14,71.655
2010-01-15,70.752
2010-01-18,70.994
2010-01-19,71.472
2010-01-20,70.267
2010-01-21,69.79
2010-01-22,69.47
2010-01-25,69.416
2010-01-26,68.874
2010-01-27,68.78
2010-01-28,67.856
2010-01-29,67.737
2010-02-01,68.048
2010-02-02,68.691
2010-02-03,68.035
2010-02-04,66.958
2010-02-05,66.406
2010-02-08,66.588
2010-02-09,66.938
2010-02-10,67.011
2010-02-11,66.711
2010-02-12,66.779
2010-02-15,66.74
2010-02-16,67.442
2010-02-17,67.68
2010-02-18,67.916
2010-02-19,67.52
2010-02-22,67.629
2010-02-23,66.87
2010-02-24,67.083
2010-02-25,66.702
2010-02-26,67.119
2010-03-01,67.229
2010-03-02,67.689
2010-03-03,68.315
2010-03-04,68.058
2010-03-05,68.478
2010-03-08,68.952
2010-03-09,69.046
2010-03-10,69.33
2010-03-11,69.53
2010-03-12,69.859
2010-03-15,69.385
2010-03-16,69.931
2010-03-17,70.15
2010-03-18,69.865
2010-03-19,69.693
2010-03-22,69.759
2010-03-23,70.114
2010-03-24,69.078
2010-03-25,68.957
2010-03-26,69.061
2010-03-29,69.903
2010-03-30,69.879
2010-03-31,69.851
2010-04-01,70.375
2010-04-02,70.326
2010-04-05,70.412
2010-04-06,70.007
2010-04-07,69.418
2010-04-08,69.494
2010-04-09,70.443
2010-04-12,70.736
2010-04-13,70.522
2010-04-14,70.973
2010-04-15,71.055
2010-04-16,70.254
2010-04-19,70.106
2010-04-20,70.451
2010-04-21,70.057
2010-04-22,69.343
2010-04-23,69.528
2010-04-26,69.496
2010-04-27,68.052
2010-04-28,67.281
2010-04-29,68.194
2010-04-30,68.336
2010-05-03,68.345
2010-05-04,66.601
2010-05-05,65.801
2010-05-06,64.351
2010-05-07,62.773
2010-05-10,65.896
2010-05-11,65.13
2010-05-12,65.881
2010-05-13,65.725
2010-05-14,64.039
2010-05-17,64.279
2010-05-18,64.491
2010-05-19,63.481
2010-05-20,62.532
2010-05-21,62.947
2010-05-24,62.421
2010-05-25,61.545
2010-05-26,61.904
2010-05-27,63.412
2010-05-28,63.486
2010-05-31,63.247
2010-06-01,63.248
2010-06-02,63.893
2010-06-03,64.546
2010-06-04,63.226
2010-06-07,62.516
2010-06-08,62.612
2010-06-09,63.398
2010-06-10,64.784
2010-06-11,65.0
2010-06-14,65.791
2010-06-15,66.51
2010-06-16,66.414
2010-06-17,66.642
2010-06-18,66.866
2010-06-21,67.157
2010-06-22,66.525
2010-06-23,66.405
2010-06-24,66.016
2010-06-25,65.757
2010-06-28,66.475
2010-06-29,64.854
2010-06-30,64.297
2010-07-01,64.482
2010-07-02,64.653
2010-07-05,64.588
2010-07-06,65.747
2010-07-07,66.583
2010-07-08,67.284
2010-07-09,67.415
2010-07-12,67.196
2010-07-13,68.36
2010-07-14,68.628
2010-07-15,68.861
2010-07-16,68.028
2010-07-19,68.1
2010-07-20,67.844
2010-07-21,68.058
2010-07-22,69.484
2010-07-23,69.838
2010-07-26,70.724
2010-07-27,70.83
2010-07-28,70.988
2010-07-29,71.538
2010-07-30,71.262
2010-08-02,73.02
2010-08-03,72.861
2010-08-04,72.824
2010-08-05,72.842
2010-08-06,73.113
2010-08-09,73.727
2010-08-10,73.316
2010-08-11,71.711
2010-08-12,71.809
2010-08-13,71.922
2010-08-16,72.19
2010-08-17,72.649
2010-08-18,72.812
2010-08-19,72.074
2010-08-20,70.91
2010-08-23,71.133
2010-08-24,70.9
2010-08-25,70.633
2010-08-26,71.01
2010-08-27,71.92
2010-08-30,71.638
2010-08-31,72.078
2010-09-01,73.324
2010-09-02,73.193
2010-09-03,73.697
2010-09-06,73.931
2010-09-07,73.384
2010-09-08,73.835
2010-09-09,74.134
2010-09-10,74.146
2010-09-13,74.77
2010-09-14,75.101
2010-09-15,75.445
2010-09-16,75.426
2010-09-17,75.465
2010-09-20,76.546
2010-09-21,76.621
2010-09-22,76.809
2010-09-23,76.564
2010-09-24,77.468
2010-09-27,77.526
2010-09-28,77.605
2010-09-29,77.523
2010-09-30,77.141
2010-10-01,77.827
2010-10-04,77.483
2010-10-05,78.991
2010-10-06,79.003
2010-10-07,78.913
2010-10-08,78.709
2010-10-11,78.854
2010-10-12,78.353
2010-10-13,79.208
2010-10-14,79.962
2010-10-15,79.744
2010-10-18,79.959
2010-10-19,78.718
2010-10-20,79.794
2010-10-21,79.703
2010-10-22,79.364
2010-10-25,79.852
2010-10-26,79.7
2010-10-27,78.971
2010-10-28,80.304
2010-10-29,80.377
2010-11-01,80.556
2010-11-02,81.397
2010-11-03,81.356
2010-11-04,82.561
2010-11-05,81.826
2010-11-08,81.395
2010-11-09,81.651
2010-11-10,80.838
2010-11-11,80.495
2010-11-12,80.228
2010-11-15,80.109
2010-11-16,78.647
2010-11-17,78.631
2010-11-18,79.721
2010-11-19,79.821
2010-11-22,79.246
2010-11-23,77.858
2010-11-24,78.135
2010-11-25,78.141
2010-11-26,77.549
2010-11-29,76.081
2010-11-30,75.856
2010-12-01,77.097
2010-12-02,78.054
2010-12-03,78.571
2010-12-06,78.314
2010-12-07,78.657
2010-12-08,78.266
2010-12-09,78.625
2010-12-10,78.977
2010-12-13,79.605
2010-12-14,80.068
2010-12-15,79.445
2010-12-16,79.12
2010-12-17,78.775
2010-12-20,79.043
2010-12-21,79.528
2010-12-22,79.414
2010-12-23,79.734
2010-12-24,79.775
2010-12-27,79.65
2010-12-28,79.646
2010-12-29,79.666
2010-12-30,79.507
2010-12-31,79.972
2011-01-03,80.251
2011-01-04,80.964
2011-01-05,80.911
2011-01-06,80.321
2011-01-07,79.884
2011-01-10,79.424
2011-01-11,78.933
2011-01-12,79.659
2011-01-13,80.5
2011-01-14,80.375
2011-01-17,80.43
2011-01-18,80.833
2011-01-19,80.7
2011-01-20,79.891
2011-01-21,81.129
2011-01-24,81.895
2011-01-25,82.193
2011-01-26,82.735
2011-01-27,82.58
2011-01-28,81.283
2011-01-31,81.423
2011-02-01,82.51
2011-02-02,82.783
2011-02-03,82.717
2011-02-04,82.97
2011-02-07,82.816
2011-02-08,83.505
2011-02-09,83.589
2011-02-10,83.264
2011-02-11,83.235
2011-02-14,82.928
2011-02-15,83.053
2011-02-16,83.405
2011-02-17,83.578
2011-02-18,83.98
2011-02-21,83.865
2011-02-22,82.86
2011-02-23,82.226
2011-02-24,82.0
2011-02-25,82.684
2011-02-28,83.578
2011-03-01,83.185
2011-03-02,83.205
2011-03-03,83.677
2011-03-04,83.443
2011-03-07,83.239
2011-03-08,83.982
2011-03-09,84.351
2011-03-10,83.277
2011-03-11,83.016
2011-03-14,82.036
2011-03-15,80.046
2011-03-16,79.587
2011-03-17,81.011
2011-03-18,81.153
2011-03-21,82.6
2011-03-22,83.061
2011-03-23,82.975
2011-03-24,83.469
2011-03-25,83.791
2011-03-28,84.068
2011-03-29,84.695
2011-03-30,85.568
2011-03-31,85.408
2011-04-01,85.621
2011-04-04,86.139
2011-04-05,85.673
2011-04-06,86.187
2011-04-07,85.99
2011-04-08,86.534
2011-04-11,86.634
2011-04-12,85.99
2011-04-13,86.222
2011-04-14,86.055
2011-04-15,86.363
2011-04-18,84.821
2011-04-19,84.958
2011-04-20,86.352
2011-04-21,85.882
2011-04-22,85.844
2011-04-25,85.631
2011-04-26,86.762
2011-04-27,87.282
2011-04-28,88.199
2011-04-29,88.191
2011-05-02,88.393
2011-05-03,88.448
2011-05-04,88.135
2011-05-05,87.006
2011-05-06,86.768
2011-05-09,86.36
2011-05-10,86.971
2011-05-11,86.919
2011-05-12,86.445
2011-05-13,85.888
2011-05-16,85.575
2011-05-17,85.375
2011-05-18,85.999
2011-05-19,86.505
2011-05-20,86.347
2011-05-23,85.17
2011-05-24,85.391
2011-05-25,85.159
2011-05-26,85.332
2011-05-27,86.093
2011-05-30,86.258
2011-05-31,87.127
2011-06-01,86.517
2011-06-02,85.816
2011-06-03,85.596
2011-06-06,85.126
2011-06-07,85.41
2011-06-08,84.972
2011-06-09,84.783
2011-06-10,83.785
2011-06-13,84.046
2011-06-14,84.863
2011-06-15,83.348
2011-06-16,82.759
2011-06-17,83.584
2011-06-20,83.878
2011-06-21,84.908
2011-06-22,85.036
2011-06-23,83.724
2011-06-24,83.225
2011-06-27,83.736
2011-06-28,83.917
2011-06-29,85.077
2011-06-30,86.186
2011-07-01,86.578
2011-07-04,86.698
2011-07-05,86.522
2011-07-06,85.874
2011-07-07,86.117
2011-07-08,85.529
2011-07-11,83.766
2011-07-12,83.506
2011-07-13,84.379
2011-07-14,83.786
2011-07-15,83.453
2011-07-18,82.377
2011-07-19,83.65
2011-07-20,84.376
2011-07-21,85.629
2011-07-22,85.935
2011-07-25,84.911
2011-07-26,85.762
2011-07-27,84.894
2011-07-28,84.271
2011-07-29,84.855
2011-08-01,84.132
2011-08-02,83.213
2011-08-03,83.62
2011-08-04,81.114
2011-08-05,80.582
2011-08-08,77.788
2011-08-09,78.495
2011-08-10,76.654
2011-08-11,78.592
2011-08-12,79.689
2011-08-15,81.18
2011-08-16,80.966
2011-08-17,81.79
2011-08-18,79.168
2011-08-19,78.353
2011-08-22,79.055
2011-08-23,80.474
2011-08-24,81.294
2011-08-25,79.787
2011-08-26,79.564
2011-08-29,81.021
2011-08-30,81.118
2011-08-31,80.952
2011-09-01,81.024
2011-09-02,79.924
2011-09-05,78.385
2011-09-06,77.569
2011-09-07,78.907
2011-09-08,79.02
2011-09-09,77.22
2011-09-12,75.986
2011-09-13,76.901
2011-09-14,77.627
2011-09-15,78.963
2011-09-16,79.383
2011-09-19,77.934
2011-09-20,79.002
2011-09-21,77.781
2011-09-22,74.844
2011-09-23,75.53
2011-09-26,75.995
2011-09-27,77.929
2011-09-28,77.545
2011-09-29,78.291
2011-09-30,77.315
2011-10-03,76.432
2011-10-04,75.974
2011-10-05,76.976
2011-10-06,78.062
2011-10-07,78.312
2011-10-10,79.999
2011-10-11,79.606
2011-10-12,80.893
2011-10-13,80.71
2011-10-14,81.46
2011-10-17,80.957
2011-10-18,80.495
2011-10-19,80.706
2011-10-20,79.908
2011-10-21,81.494
2011-10-24,81.603
2011-10-25,80.691
2011-10-26,80.943
2011-10-27,83.647
2011-10-28,83.738
2011-10-31,81.876
2011-11-01,79.517
2011-11-02,80.407
2011-11-03,81.29
2011-11-04,80.959
2011-11-07,81.045
2011-11-08,81.571
2011-11-09,80.076
2011-11-10,80.491
2011-11-11,82.079
2011-11-14,81.312
2011-11-15,80.613
2011-11-16,80.347
2011-11-17,79.689
2011-11-18,79.395
2011-11-21,77.926
2011-11-22,77.625
2011-11-23,75.958
2011-11-24,75.552
2011-11-25,75.406
2011-11-28,77.359
2011-11-29,77.902
2011-11-30,80.356
2011-12-01,79.997
2011-12-02,79.842
2011-12-05,80.444
2011-12-06,80.234
2011-12-07,80.143
2011-12-08,79.114
2011-12-09,79.818
2011-12-12,79.028
2011-12-13,79.018
2011-12-14,77.797
2011-12-15,78.028
2011-12-16,78.149
2011-12-19,77.633
2011-12-20,78.934
2011-12-21,78.698
2011-12-22,79.268
2011-12-23,79.876
2011-12-26,79.94
2011-12-27,80.043
2011-12-28,79.254
2011-12-29,79.921
2011-12-30,80.596
2012-01-02,80.996
2012-01-03,81.544
2012-01-04,80.813
2012-01-05,79.686
2012-01-06,79.228
2012-01-09,79.007
2012-01-10,79.716
2012-01-11,79.551
2012-01-12,79.69
2012-01-13,78.993
2012-01-16,79.165
2012-01-17,79.564
2012-01-18,79.353
2012-01-19,79.581
2012-01-20,79.92
2012-01-23,80.278
2012-01-24,79.107
2012-01-25,78.943
2012-01-26,79.361
2012-01-27,78.918
2012-01-30,78.85
2012-01-31,78.876
2012-02-01,79.666
2012-02-02,79.744
2012-02-03,80.207
2012-02-06,80.375
2012-02-07,80.629
2012-02-08,80.607
2012-02-09,80.604
2012-02-10,79.79
2012-02-13,80.487
2012-02-14,80.023
2012-02-15,79.887
2012-02-16,79.947
2012-02-17,80.736
2012-02-20,81.272
2012-02-21,81.369
2012-02-22,80.772
2012-02-23,80.842
2012-02-24,81.221
2012-02-27,81.165
2012-02-28,81.41
2012-02-29,81.139
2012-03-01,81.207
2012-03-02,80.836
2012-03-05,80.916
2012-03-06,79.594
2012-03-07,79.714
2012-03-08,80.614
2012-03-09,80.334
2012-03-12,80.379
2012-03-13,81.044
2012-03-14,80.303
2012-03-15,80.671
2012-03-16,80.973
2012-03-19,81.415
2012-03-20,81.693
2012-03-21,81.631
2012-03-22,81.694
2012-03-23,81.851
2012-03-26,82.282
2012-03-27,81.95
2012-03-28,81.309
2012-03-29,80.998
2012-03-30,81.231
2012-04-02,81.91
2012-04-03,81.509
2012-04-04,80.208
2012-04-05,79.727
2012-04-06,79.706
2012-04-09,79.474
2012-04-10,78.27
2012-04-11,78.948
2012-04-12,79.425
2012-04-13,78.484
2012-04-16,78.516
2012-04-17,79.706
2012-04-18,78.969
2012-04-19,78.697
2012-04-20,79.416
2012-04-23,78.582
2012-04-24,80.176
2012-04-25,80.376
2012-04-26,80.963
2012-04-27,81.378
2012-04-30,81.384
2012-05-01,81.678
2012-05-02,81.105
2012-05-03,81.235
2012-05-04,80.786
2012-05-07,81.047
2012-05-08,81.056
2012-05-09,80.669
2012-05-10,81.18
2012-05-11,81.364
2012-05-14,80.346
2012-05-15,80.099
2012-05-16,79.309
2012-05-17,78.96
2012-05-18,78.843
2012-05-21,79.02
2012-05-22,79.76
2012-05-23,78.441
2012-05-24,78.956
2012-05-25,78.93
2012-05-28,78.883
2012-05-29,78.953
2012-05-30,78.146
2012-05-31,78.488
2012-06-01,77.95
2012-06-04,78.47
2012-06-05,78.217
2012-06-06,79.385
2012-06-07,79.455
2012-06-08,80.067
2012-06-11,80.199
2012-06-12,80.885
2012-06-13,81.189
2012-06-14,81.914
2012-06-15,82.143
2012-06-18,81.954
2012-06-19,82.959
2012-06-20,83.014
2012-06-21,82.289
2012-06-22,82.539
2012-06-25,81.826
2012-06-26,81.975
2012-06-27,82.709
2012-06-28,83.142
2012-06-29,84.786
2012-07-02,85.329
2012-07-03,85.47
2012-07-04,85.375
2012-07-05,84.735
2012-07-06,84.076
2012-07-09,84.371
2012-07-10,84.408
2012-07-11,84.903
2012-07-12,83.807
2012-07-13,85.442
2012-07-16,85.559
2012-07-17,85.907
2012-07-18,86.618
2012-07-19,86.047
2012-07-20,84.552
2012-07-23,83.64
2012-07-24,82.483
2012-07-25,82.778
2012-07-26,85.192
2012-07-27,86.493
2012-07-30,86.93
2012-07-31,87.222
2012-08-01,87.764
2012-08-02,86.48
2012-08-03,87.689
2012-08-06,88.422
2012-08-07,88.745
2012-08-08,88.678
2012-08-09,88.478
2012-08-10,88.712
2012-08-13,88.613
2012-08-14,88.823
2012-08-15,88.678
2012-08-16,88.683
2012-08-17,88.591
2012-08-20,88.406
2012-08-21,88.46
2012-08-22,87.71
2012-08-23,87.91
2012-08-24,88.257
2012-08-27,88.3
2012-08-28,88.12
2012-08-29,88.109
2012-08-30,87.636
2012-08-31,87.927
2012-09-03,88.148
2012-09-04,88.052
2012-09-05,88.036
2012-09-06,89.265
2012-09-07,89.68
2012-09-10,89.722
2012-09-11,90.268
2012-09-12,90.788
2012-09-13,91.429
2012-09-14,91.227
2012-09-17,90.937
2012-09-18,90.759
2012-09-19,90.994
2012-09-20,90.934
2012-09-21,91.738
2012-09-24,91.597
2012-09-25,91.722
2012-09-26,90.602
2012-09-27,90.929
2012-09-28,90.086
2012-10-01,90.137
2012-10-02,90.338
2012-10-03,90.606
2012-10-04,90.945
2012-10-05,91.577
2012-10-08,90.688
2012-10-09,89.607
2012-10-10,89.035
2012-10-11,88.855
2012-10-12,87.548
2012-10-15,86.958
2012-10-16,87.841
2012-10-17,88.987
2012-10-18,89.473
2012-10-19,88.27
2012-10-22,87.959
2012-10-23,86.752
2012-10-24,86.721
2012-10-25,86.346
2012-10-26,86.512
2012-10-29,85.919
2012-10-30,86.39
2012-10-31,86.042
2012-11-01,86.869
2012-11-02,86.304
2012-11-05,85.644
2012-11-06,85.979
2012-11-07,84.612
2012-11-08,84.02
2012-11-09,84.182
2012-11-12,84.227
2012-11-13,83.991
2012-11-14,83.562
2012-11-15,82.96
2012-11-16,82.213
2012-11-19,84.006
2012-11-20,84.017
2012-11-21,84.457
2012-11-22,84.802
2012-11-23,85.66
2012-11-26,85.159
2012-11-27,84.712
2012-11-28,84.976
2012-11-29,86.06
2012-11-30,86.034
2012-12-03,86.06
2012-12-04,85.83
2012-12-05,86.037
2012-12-06,86.104
2012-12-07,85.853
2012-12-10,85.754
2012-12-11,86.443
2012-12-12,86.988
2012-12-13,86.976
2012-12-14,86.472
2012-12-17,86.421
2012-12-18,86.632
2012-12-19,86.486
2012-12-20,86.477
2012-12-21,86.042
2012-12-24,86.067
2012-12-25,86.195
2012-12-26,86.135
2012-12-27,86.112
2012-12-28,85.424
2012-12-31,85.742
2013-01-01,85.748
2013-01-02,87.772
2013-01-03,87.389
2013-01-04,87.593
2013-01-07,87.689
2013-01-08,87.195
2013-01-09,87.757
2013-01-10,88.398
2013-01-11,88.364
2013-01-14,87.933
2013-01-15,87.398
2013-01-16,86.56
2013-01-17,87.177
2013-01-18,87.272
2013-01-21,87.407
2013-01-22,87.398
2013-01-23,87.259
2013-01-24,87.604
2013-01-25,88.123
2013-01-28,88.203
2013-01-29,89.122
2013-01-30,89.275
2013-01-31,89.444
2013-02-01,90.495
2013-02-04,89.338
2013-02-05,89.161
2013-02-06,89.21
2013-02-07,88.82
2013-02-08,89.083
2013-02-11,88.691
2013-02-12,89.255
2013-02-13,88.956
2013-02-14,87.648
2013-02-15,87.479
2013-02-18,87.521
2013-02-19,87.772
2013-02-20,87.284
2013-02-21,86.317
2013-02-22,87.251
2013-02-25,87.267
2013-02-26,86.779
2013-02-27,87.623
2013-02-28,87.919
2013-03-01,87.611
2013-03-04,88.267
2013-03-05,89.253
2013-03-06,89.856
2013-03-07,89.793
2013-03-08,90.557
2013-03-11,90.72
2013-03-12,90.976
2013-03-13,90.409
2013-03-14,91.676
2013-03-15,91.396
2013-03-18,90.946
2013-03-19,91.103
2013-03-20,91.332
2013-03-21,91.35
2013-03-22,91.95
2013-03-25,91.978
2013-03-26,91.914
2013-03-27,91.457
2013-03-28,92.019
2013-03-29,92.047
2013-04-01,92.216
2013-04-02,93.006
2013-04-03,92.267
2013-04-04,92.596
2013-04-05,92.822
2013-04-08,93.088
2013-04-09,93.852
2013-04-10,94.849
2013-04-11,95.791
2013-04-12,95.821
2013-04-15,95.375
2013-04-16,95.01
2013-04-17,94.23
2013-04-18,94.9
2013-04-19,95.658
2013-04-22,96.122
2013-04-23,96.778
2013-04-24,96.002
2013-04-25,97.558
2013-04-26,97.518
2013-04-29,97.939
2013-04-30,98.62
2013-05-01,98.285
2013-05-02,97.721
2013-05-03,97.867
2013-05-06,97.325
2013-05-07,98.023
2013-05-08,98.767
2013-05-09,98.342
2013-05-10,98.699
2013-05-13,98.347
2013-05-14,98.829
2013-05-15,99.272
2013-05-16,99.435
2013-05-17,99.021
2013-05-20,99.296
2013-05-21,98.811
2013-05-22,97.851
2013-05-23,96.873
2013-05-24,96.772
2013-05-27,96.627
2013-05-28,96.296
2013-05-29,95.377
2013-05-30,94.64
2013-05-31,93.392
2013-06-03,92.917
2013-06-04,93.733
2013-06-05,92.796
2013-06-06,94.02
2013-06-07,94.539
2013-06-10,95.144
2013-06-11,95.079
2013-06-12,94.931
2013-06-13,94.787
2013-06-14,95.015
2013-06-17,95.743
2013-06-18,96.3
2013-06-19,95.278
2013-06-20,92.129
2013-06-21,92.299
2013-06-24,91.408
2013-06-25,92.619
2013-06-26,93.274
2013-06-27,94.302
2013-06-28,94.326
2013-07-01,94.634
2013-07-02,94.814
2013-07-03,94.484
2013-07-04,94.986
2013-07-05,94.488
2013-07-08,94.789
2013-07-09,95.052
2013-07-10,95.292
2013-07-11,96.567
2013-07-12,96.345
2013-07-15,96.256
2013-07-16,96.494
2013-07-17,96.596
2013-07-18,96.51
2013-07-19,97.053
2013-07-22,97.748
2013-07-23,98.559
2013-07-24,98.691
2013-07-25,98.132
2013-07-26,98.347
2013-07-29,98.411
2013-07-30,98.112
2013-07-31,97.688
2013-08-01,98.858
2013-08-02,99.47
2013-08-05,99.237
2013-08-06,99.184
2013-08-07,98.918
2013-08-08,98.898
2013-08-09,99.004
2013-08-12,98.64
2013-08-13,98.739
2013-08-14,98.624
2013-08-15,97.67
2013-08-16,97.434
2013-08-19,96.832
2013-08-20,96.845
2013-08-21,96.137
2013-08-22,95.995
2013-08-23,97.098
2013-08-26,96.606
2013-08-27,95.948
2013-08-28,95.24
2013-08-29,96.766
2013-08-30,96.536
2013-09-02,97.716
2013-09-03,96.839
2013-09-04,97.946
2013-09-05,97.913
2013-09-06,98.089
2013-09-09,98.641
2013-09-10,99.333
2013-09-11,99.974
2013-09-12,100.747
2013-09-13,100.743
2013-09-16,101.81
2013-09-17,101.072
2013-09-18,101.534
2013-09-19,102.234
2013-09-20,101.402
2013-09-23,101.616
2013-09-24,101.858
2013-09-25,102.255
2013-09-26,103.19
2013-09-27,103.171
2013-09-30,102.578
2013-10-01,103.483
2013-10-02,103.808
2013-10-03,104.164
2013-10-04,104.238
2013-10-07,104.269
2013-10-08,103.545
2013-10-09,103.3
2013-10-10,104.667
2013-10-11,105.154
2013-10-14,105.483
2013-10-15,105.291
2013-10-16,106.644
2013-10-17,108.575
2013-10-18,109.175
2013-10-21,109.848
2013-10-22,110.413
2013-10-23,109.755
2013-10-24,109.824
2013-10-25,109.056
2013-10-28,109.481
2013-10-29,110.319
2013-10-30,110.047
2013-10-31,109.468
2013-11-01,109.643
2013-11-04,110.064
2013-11-05,109.197
2013-11-06,109.957
2013-11-07,108.258
2013-11-08,107.955
2013-11-11,108.092
2013-11-12,108.489
2013-11-13,108.053
2013-11-14,108.913
2013-11-15,109.524
2013-11-18,110.336
2013-11-19,109.773
2013-11-20,109.031
2013-11-21,109.435
2013-11-22,109.651
2013-11-25,109.873
2013-11-26,109.792
2013-11-27,109.811
2013-11-28,110.25
2013-11-29,109.823
2013-12-02,108.997
2013-12-03,108.996
2013-12-04,108.212
2013-12-05,107.974
2013-12-06,108.81
2013-12-09,109.675
2013-12-10,109.263
2013-12-11,108.83
2013-12-12,108.136
2013-12-13,107.559
2013-12-16,108.262
2013-12-17,108.14
2013-12-18,109.29
2013-12-19,109.988
2013-12-20,109.894
2013-12-23,110.674
2013-12-24,110.961
2013-12-25,110.973
2013-12-26,111.506
2013-12-27,112.42
2013-12-30,112.398
2013-12-31,112.525
2014-01-01,112.525
2014-01-02,111.4
2014-01-03,111.257
2014-01-06,110.963
2014-01-07,111.587
2014-01-08,111.335
2014-01-09,110.484
2014-01-10,111.207
2014-01-13,110.825
2014-01-14,111.143
2014-01-15,111.878
2014-01-16,111.801
2014-01-17,112.02
2014-01-20,111.949
2014-01-21,111.58
2014-01-22,111.492
2014-01-23,111.416
2014-01-24,109.759
2014-01-27,108.656
2014-01-28,108.154
2014-01-29,108.069
2014-01-30,107.763
2014-01-31,107.609
2014-02-03,104.832
2014-02-04,104.462
2014-02-05,104.157
2014-02-06,105.701
2014-02-07,106.498
2014-02-10,106.902
2014-02-11,107.734
2014-02-12,107.686
2014-02-13,108.326
2014-02-14,108.057
2014-02-17,108.502
2014-02-18,109.152
2014-02-19,109.232
2014-02-20,110.037
2014-02-21,110.534
2014-02-24,110.837
2014-02-25,110.877
2014-02-26,110.002
2014-02-27,110.386
2014-02-28,110.531
2014-03-03,108.91
2014-03-04,110.206
2014-03-05,110.142
2014-03-06,111.136
2014-03-07,110.482
2014-03-10,109.925
2014-03-11,109.846
2014-03-12,109.4
2014-03-13,108.819
2014-03-14,107.917
2014-03-17,109.082
2014-03-18,109.927
2014-03-19,109.752
2014-03-20,109.981
2014-03-21,109.913
2014-03-24,109.725
2014-03-25,109.886
2014-03-26,109.932
2014-03-27,110.406
2014-03-28,110.718
2014-03-31,111.354
2014-04-01,111.386
2014-04-02,111.596
2014-04-03,111.693
2014-04-04,111.467
2014-04-07,110.742
2014-04-08,110.525
2014-04-09,110.772
2014-04-10,110.346
2014-04-11,109.14
2014-04-14,109.19
2014-04-15,109.071
2014-04-16,110.654
2014-04-17,111.302
2014-04-18,111.326
2014-04-21,111.479
2014-04-22,112.151
2014-04-23,111.315
2014-04-24,110.692
2014-04-25,110.156
2014-04-28,110.769
2014-04-29,111.873
2014-04-30,112.73
2014-05-01,113.213
2014-05-02,113.705
2014-05-05,114.11
2014-05-06,114.313
2014-05-07,114.336
2014-05-08,115.293
2014-05-09,114.831
2014-05-12,114.679
2014-05-13,114.316
2014-05-14,114.757
2014-05-15,114.456
2014-05-16,114.727
2014-05-19,114.681
2014-05-20,113.374
2014-05-21,113.391
2014-05-22,113.919
2014-05-23,114.062
2014-05-26,114.537
2014-05-27,114.342
2014-05-28,114.768
2014-05-29,115.043
2014-05-30,115.469
2014-06-02,115.694
2014-06-03,115.083
2014-06-04,115.168
2014-06-05,115.361
2014-06-06,115.702
2014-06-09,115.952
2014-06-10,115.487
2014-06-11,115.113
2014-06-12,115.236
2014-06-13,115.517
2014-06-16,115.048
2014-06-17,114.772
2014-06-18,115.53
2014-06-19,116.297
2014-06-20,115.461
2014-06-23,115.277
2014-06-24,114.932
2014-06-25,114.807
2014-06-26,115.182
2014-06-27,115.541
2014-06-30,115.352
2014-07-01,116.13
2014-07-02,115.809
2014-07-03,116.124
2014-07-04,116.04
2014-07-07,115.783
2014-07-08,114.684
2014-07-09,115.123
2014-07-10,114.74
2014-07-11,115.124
2014-07-14,116.066
2014-07-15,116.094
2014-07-16,116.974
2014-07-17,115.825
2014-07-18,116.128
2014-07-21,115.841
2014-07-22,116.542
2014-07-23,116.477
2014-07-24,116.28
2014-07-25,116.324
2014-07-28,116.745
2014-07-29,117.942
2014-07-30,117.419
2014-07-31,115.734
2014-08-01,114.847
2014-08-04,114.61
2014-08-05,114.089
2014-08-06,112.766
2014-08-07,112.063
2014-08-08,111.318
2014-08-11,111.967
2014-08-12,111.888
2014-08-13,112.433
2014-08-14,112.748
2014-08-15,112.575
2014-08-18,112.806
2014-08-19,112.844
2014-08-20,112.962
2014-08-21,113.509
2014-08-22,113.109
2014-08-25,113.783
2014-08-26,113.736
2014-08-27,114.391
2014-08-28,114.289
2014-08-29,114.687
2014-09-01,114.423
2014-09-02,114.334
2014-09-03,114.732
2014-09-04,114.432
2014-09-05,114.404
2014-09-08,114.087
2014-09-09,113.604
2014-09-10,113.403
2014-09-11,113.943
2014-09-12,113.408
2014-09-15,113.188
2014-09-16,113.668
2014-09-17,114.069
2014-09-18,114.675
2014-09-19,115.222
2014-09-22,114.259
2014-09-23,113.668
2014-09-24,113.891
2014-09-25,113.036
2014-09-26,113.112
2014-09-29,112.802
2014-09-30,112.637
2014-10-01,111.722
2014-10-02,110.678
2014-10-03,110.797
2014-10-06,111.464
2014-10-07,111.076
2014-10-08,111.099
2014-10-09,109.861
2014-10-10,108.353
2014-10-13,107.851
2014-10-14,107.485
2014-10-15,106.644
2014-10-16,105.729
2014-10-17,106.816
2014-10-20,108.058
2014-10-21,108.882
2014-10-22,109.113
2014-10-23,108.912
2014-10-24,109.876
2014-10-27,110.429
2014-10-28,112.086
2014-10-29,112.562
2014-10-30,112.482
2014-10-31,113.368
2014-11-03,112.872
2014-11-04,112.753
2014-11-05,113.085
2014-11-06,112.183
2014-11-07,112.234
2014-11-10,112.682
2014-11-11,113.794
2014-11-12,114.234
2014-11-13,114.995
2014-11-14,115.361
2014-11-17,115.298
2014-11-18,115.892
2014-11-19,115.186
2014-11-20,114.854
2014-11-21,115.378
2014-11-24,114.778
2014-11-25,115.072
2014-11-26,116.189
2014-11-27,116.088
2014-11-28,116.843
2014-12-01,115.969
2014-12-02,114.877
2014-12-03,114.281
2014-12-04,114.121
2014-12-05,114.418
2014-12-08,114.276
2014-12-09,112.247
2014-12-10,111.141
2014-12-11,111.39
2014-12-12,109.494
2014-12-15,108.468
2014-12-16,109.08
2014-12-17,109.553
2014-12-18,111.135
2014-12-19,111.388
2014-12-22,112.146
2014-12-23,112.184
2014-12-24,112.218
2014-12-25,112.115
2014-12-26,112.344
2014-12-29,111.91
2014-12-30,111.027
2014-12-31,110.376
2015-01-01,110.371
2015-01-02,110.013
2015-01-05,108.049
2015-01-06,107.563
2015-01-07,107.33
2015-01-08,109.51
2015-01-09,109.172
2015-01-12,109.823
2015-01-13,110.477
2015-01-14,110.109
2015-01-15,110.505
2015-01-16,111.155
2015-01-19,111.95
2015-01-20,112.468
2015-01-21,113.041
2015-01-22,113.2
2015-01-23,113.306
2015-01-26,113.133
2015-01-27,113.208
2015-01-28,112.907
2015-01-29,112.777
2015-01-30,111.791
2015-02-02,112.717
2015-02-03,114.448
2015-02-04,114.698
2015-02-05,114.866
2015-02-06,115.219
2015-02-09,114.539
2015-02-10,115.568
2015-02-11,115.133
2015-02-12,115.644
2015-02-13,115.946
2015-02-16,116.063
2015-02-17,115.874
2015-02-18,115.184
2015-02-19,115.339
2015-02-20,115.604
2015-02-23,115.467
2015-02-24,115.849
2015-02-25,116.315
2015-02-26,116.592
2015-02-27,116.83
2015-03-02,116.829
2015-03-03,116.271
2015-03-04,115.532
2015-03-05,115.381
2015-03-06,113.524
2015-03-09,112.522
2015-03-10,110.558
2015-03-11,110.725
2015-03-12,111.994
2015-03-13,111.546
2015-03-16,112.332
2015-03-17,112.21
2015-03-18,112.935
2015-03-19,112.7
2015-03-20,114.133
2015-03-23,114.801
2015-03-24,114.668
2015-03-25,114.116
2015-03-26,113.62
2015-03-27,113.441
2015-03-30,113.482
2015-03-31,112.274
2015-04-01,112.638
2015-04-02,113.954
2015-04-03,114.018
2015-04-06,114.965
2015-04-07,114.645
2015-04-08,114.259
2015-04-09,114.161
2015-04-10,114.43
2015-04-13,114.773
2015-04-14,115.586
2015-04-15,115.627
2015-04-16,115.647
2015-04-17,114.882
2015-04-20,115.703
2015-04-21,115.742
2015-04-22,116.429
2015-04-23,118.079
2015-04-24,118.573
2015-04-27,118.843
2015-04-28,119.666
2015-04-29,119.637
2015-04-30,118.54
2015-05-01,118.191
2015-05-04,118.602
2015-05-05,117.117
2015-05-06,117.448
2015-05-07,116.753
2015-05-08,118.247
2015-05-11,118.082
2015-05-12,117.911
2015-05-13,118.317
2015-05-14,118.413
2015-05-15,118.583
2015-05-18,118.968
2015-05-19,117.664
2015-05-20,118.267
2015-05-21,119.013
2015-05-22,118.551
2015-05-25,118.492
2015-05-26,117.21
2015-05-27,117.483
2015-05-28,117.145
2015-05-29,116.787
2015-06-01,116.156
2015-06-02,117.017
2015-06-03,117.892
2015-06-04,117.29
2015-06-05,114.985
2015-06-08,115.119
2015-06-09,114.808
2015-06-10,116.438
2015-06-11,116.669
2015-06-12,116.482
2015-06-15,115.432
2015-06-16,115.778
2015-06-17,115.628
2015-06-18,117.081
2015-06-19,116.999
2015-06-22,119.089
2015-06-23,119.597
2015-06-24,118.895
2015-06-25,119.216
2015-06-26,118.695
2015-06-29,116.608
2015-06-30,116.086
2015-07-01,116.584
2015-07-02,116.806
2015-07-03,116.384
2015-07-06,115.159
2015-07-07,114.342
2015-07-08,114.08
2015-07-09,114.446
2015-07-10,116.86
2015-07-13,117.393
2015-07-14,118.165
2015-07-15,117.962
2015-07-16,119.363
2015-07-17,119.147
2015-07-20,119.475
2015-07-21,118.449
2015-07-22,117.269
2015-07-23,117.161
2015-07-24,117.109
2015-07-27,116.608
2015-07-28,116.683
2015-07-29,118.232
2015-07-30,117.974
2015-07-31,118.443
2015-08-03,118.994
2015-08-04,118.759
2015-08-05,118.683
2015-08-06,118.491
2015-08-07,118.153
2015-08-10,120.173
2015-08-11,119.736
2015-08-12,119.164
2015-08-13,118.712
2015-08-14,118.733
2015-08-17,118.647
2015-08-18,118.438
2015-08-19,117.723
2015-08-20,116.739
2015-08-21,114.823
2015-08-24,111.143
2015-08-25,110.755
2015-08-26,111.773
2015-08-27,113.873
2015-08-28,113.912
2015-08-31,113.465
2015-09-01,110.634
2015-09-02,111.25
2015-09-03,112.487
2015-09-04,110.554
2015-09-07,111.069
2015-09-08,112.551
2015-09-09,113.546
2015-09-10,112.365
2015-09-11,111.544
2015-09-14,110.093
2015-09-15,110.099
2015-09-16,110.684
2015-09-17,110.569
2015-09-18,110.24
2015-09-21,109.897
2015-09-22,108.075
2015-09-23,107.917
2015-09-24,107.212
2015-09-25,108.202
2015-09-28,106.372
2015-09-29,104.921
2015-09-30,106.436
2015-10-01,105.742
2015-10-02,105.929
2015-10-05,108.616
2015-10-06,109.463
2015-10-07,109.607
2015-10-08,109.874
2015-10-09,110.517
2015-10-12,110.719
2015-10-13,109.712
2015-10-14,108.781
2015-10-15,110.366
2015-10-16,111.098
2015-10-19,110.802
2015-10-20,111.924
2015-10-21,111.801
2015-10-22,113.678
2015-10-23,114.669
2015-10-26,114.994
2015-10-27,113.826
2015-10-28,115.023
2015-10-29,114.585
2015-10-30,115.119
2015-11-02,115.049
2015-11-03,114.532
2015-11-04,114.256
2015-11-05,114.032
2015-11-06,112.959
2015-11-09,112.107
2015-11-10,112.504
2015-11-11,113.434
2015-11-12,112.47
2015-11-13,111.435
2015-11-16,112.516
2015-11-17,113.653
2015-11-18,113.552
2015-11-19,114.516
2015-11-20,114.153
2015-11-23,113.263
2015-11-24,112.685
2015-11-25,112.84
2015-11-26,113.665
2015-11-27,113.818
2015-11-30,113.547
2015-12-01,113.768
2015-12-02,113.128
2015-12-03,112.374
2015-12-04,112.933
2015-12-07,113.35
2015-12-08,112.168
2015-12-09,111.849
2015-12-10,111.527
2015-12-11,110.303
2015-12-14,109.793
2015-12-15,110.914
2015-12-16,112.667
2015-12-17,112.384
2015-12-18,110.939
2015-12-21,111.19
2015-12-22,111.88
2015-12-23,113.505
2015-12-24,113.588
2015-12-25,113.546
2015-12-28,113.628
2015-12-29,114.482
2015-12-30,113.827
2015-12-31,113.167
2016-01-01,113.167
2016-01-04,111.185
2016-01-05,111.893
2016-01-06,111.304
2016-01-07,110.308
2016-01-08,110.126
2016-01-11,110.122
2016-01-12,109.754
2016-01-13,109.64
2016-01-14,109.253
2016-01-15,108.115
2016-01-18,107.015
2016-01-19,108.061
2016-01-20,105.403
2016-01-21,106.719
2016-01-22,110.219
2016-01-25,109.934
2016-01-26,110.749
2016-01-27,112.263
2016-01-28,111.564
2016-01-29,113.539
2016-02-01,115.585
2016-02-02,114.092
2016-02-03,114.511
2016-02-04,114.775
2016-02-05,114.318
2016-02-08,113.003
2016-02-09,112.126
2016-02-10,111.336
2016-02-11,110.587
2016-02-12,110.584
2016-02-15,112.133
2016-02-16,112.8
2016-02-17,114.273
2016-02-18,115.052
2016-02-19,113.861
2016-02-22,114.997
2016-02-23,113.802
2016-02-24,113.281
2016-02-25,115.134
2016-02-26,114.573
2016-02-29,114.854
2016-03-01,116.303
2016-03-02,117.177
2016-03-03,117.751
2016-03-04,117.551
2016-03-07,117.343
2016-03-08,117.543
2016-03-09,117.662
2016-03-10,117.649
2016-03-11,119.433
2016-03-14,119.475
2016-03-15,119.304
2016-03-16,119.465
2016-03-17,120.993
2016-03-18,120.117
2016-03-21,120.201
2016-03-22,120.116
2016-03-23,119.36
2016-03-24,119.317
2016-03-25,119.15
2016-03-28,119.64
2016-03-29,120.494
2016-03-30,121.825
2016-03-31,120.924
2016-04-01,119.866
2016-04-04,120.111
2016-04-05,118.482
2016-04-06,118.811
2016-04-07,118.681
2016-04-08,119.391
2016-04-11,119.484
2016-04-12,119.839
2016-04-13,119.826
2016-04-14,120.446
2016-04-15,120.949
2016-04-18,120.942
2016-04-19,122.865
2016-04-20,122.369
2016-04-21,120.783
2016-04-22,120.707
2016-04-25,120.365
2016-04-26,120.39
2016-04-27,121.128
2016-04-28,120.809
2016-04-29,120.772
2016-05-02,121.608
2016-05-03,120.764
2016-05-04,119.761
2016-05-05,119.551
2016-05-06,119.594
2016-05-09,119.434
2016-05-10,121.136
2016-05-11,121.25
2016-05-12,121.829
2016-05-13,120.58
2016-05-16,120.952
2016-05-17,120.75
2016-05-18,119.83
2016-05-19,118.446
2016-05-20,119.111
2016-05-23,118.516
2016-05-24,119.179
2016-05-25,120.52
2016-05-26,120.955
2016-05-27,121.169
2016-05-30,121.24
2016-05-31,121.125
2016-06-01,120.201
2016-06-02,120.3
2016-06-03,121.378
2016-06-06,121.598
2016-06-07,122.682
2016-06-08,122.693
2016-06-09,121.891
2016-06-10,120.929
2016-06-13,119.312
2016-06-14,118.484
2016-06-15,118.714
2016-06-16,118.603
2016-06-17,119.624
2016-06-20,121.873
2016-06-21,122.31
2016-06-22,122.927
2016-06-23,124.648
2016-06-24,119.058
2016-06-27,118.656
2016-06-28,120.431
2016-06-29,123.285
2016-06-30,124.554
2016-07-01,125.271
2016-07-04,125.507
2016-07-05,124.754
2016-07-06,123.87
2016-07-07,123.22
2016-07-08,123.788
2016-07-11,124.338
2016-07-12,124.813
2016-07-13,125.031
2016-07-14,125.491
2016-07-15,125.302
2016-07-18,125.005
2016-07-19,123.793
2016-07-20,124.049
2016-07-21,123.526
2016-07-22,124.879
2016-07-25,124.43
2016-07-26,123.926
2016-07-27,124.194
2016-07-28,123.739
2016-07-29,125.692
2016-08-01,125.595
2016-08-02,125.099
2016-08-03,125.058
2016-08-04,124.772
2016-08-05,124.619
2016-08-08,124.537
2016-08-09,125.607
2016-08-10,126.192
2016-08-11,126.747
2016-08-12,126.529
2016-08-15,126.744
2016-08-16,125.28
2016-08-17,125.203
2016-08-18,124.651
2016-08-19,123.461
2016-08-22,123.628
2016-08-23,124.101
2016-08-24,123.773
2016-08-25,123.86
2016-08-26,123.361
2016-08-29,123.149
2016-08-30,122.317
2016-08-31,121.931
2016-09-01,122.311
2016-09-02,123.046
2016-09-05,123.375
2016-09-06,124.509
2016-09-07,124.685
2016-09-08,124.669
2016-09-09,121.549
2016-09-12,122.063
2016-09-13,119.95
2016-09-14,119.445
2016-09-15,119.989
2016-09-16,119.556
2016-09-19,119.706
2016-09-20,119.652
2016-09-21,121.316
2016-09-22,123.065
2016-09-23,123.003
2016-09-26,122.335
2016-09-27,122.748
2016-09-28,122.103
2016-09-29,122.244
2016-09-30,121.46
2016-10-03,121.358
2016-10-04,120.449
2016-10-05,119.059
2016-10-06,118.191
2016-10-07,117.296
2016-10-10,117.843
2016-10-11,117.692
2016-10-12,117.083
2016-10-13,116.995
2016-10-14,117.715
2016-10-17,117.632
2016-10-18,118.266
2016-10-19,118.341
2016-10-20,117.105
2016-10-21,115.621
2016-10-24,115.472
2016-10-25,115.569
2016-10-26,115.646
2016-10-27,116.07
2016-10-28,115.836
2016-10-31,115.926
2016-11-01,115.253
2016-11-02,114.13
2016-11-03,114.149
2016-11-04,113.296
2016-11-07,113.647
2016-11-08,114.023
2016-11-09,113.375
2016-11-10,111.278
2016-11-11,110.488
2016-11-14,109.111
2016-11-15,110.144
2016-11-16,110.727
2016-11-17,111.469
2016-11-18,110.763
2016-11-21,111.514
2016-11-22,112.996
2016-11-23,112.835
2016-11-24,113.112
2016-11-25,113.925
2016-11-28,114.092
2016-11-29,114.074
2016-11-30,112.855
2016-12-01,112.704
2016-12-02,112.569
2016-12-05,112.566
2016-12-06,113.794
2016-12-07,115.953
2016-12-08,116.495
2016-12-09,116.328
2016-12-12,117.199
2016-12-13,118.756
2016-12-14,118.483
2016-12-15,117.243
2016-12-16,117.727
2016-12-19,118.941
2016-12-20,119.122
2016-12-21,118.866
2016-12-22,119.396
2016-12-23,119.706
2016-12-26,119.453
2016-12-27,119.452
2016-12-28,118.891
2016-12-29,119.703
2016-12-30,119.573
2017-01-02,119.755
2017-01-03,120.332
2017-01-04,121.437
2017-01-05,122.826
2017-01-06,121.707
2017-01-09,120.645
2017-01-10,121.016
2017-01-11,120.501
2017-01-12,121.657
2017-01-13,121.76
2017-01-16,121.253
2017-01-17,121.714
2017-01-18,121.284
2017-01-19,120.909
2017-01-20,122.03
2017-01-23,122.322
2017-01-24,119.904
2017-01-25,119.853
2017-01-26,120.013
2017-01-27,120.438
2017-01-30,119.892
2017-01-31,120.257
2017-02-01,119.61
2017-02-02,118.783
2017-02-03,118.919
2017-02-06,118.174
2017-02-07,118.008
2017-02-08,118.722
2017-02-09,119.24
2017-02-10,119.214
2017-02-13,118.254
2017-02-14,117.694
2017-02-15,118.231
2017-02-16,118.908
2017-02-17,119.162
2017-02-20,119.773
2017-02-21,119.849
2017-02-22,120.192
2017-02-23,121.15
2017-02-24,121.442
2017-02-27,120.562
2017-02-28,120.206
2017-03-01,120.464
2017-03-02,120.236
2017-03-03,120.15
2017-03-06,120.207
2017-03-07,119.772
2017-03-08,119.244
2017-03-09,119.576
2017-03-10,120.543
2017-03-13,120.86
2017-03-14,120.288
2017-03-15,121.134
2017-03-16,122.373
2017-03-17,123.062
2017-03-20,122.638
2017-03-21,122.258
2017-03-22,121.517
2017-03-23,121.709
2017-03-24,121.856
2017-03-27,121.574
2017-03-28,121.981
2017-03-29,121.465
2017-03-30,121.394
2017-03-31,120.875
2017-04-03,120.863
2017-04-04,120.908
2017-04-05,120.684
2017-04-06,120.02
2017-04-07,119.95
2017-04-10,119.743
2017-04-11,120.051
2017-04-12,120.182
2017-04-13,119.526
2017-04-14,119.352
2017-04-17,119.853
2017-04-18,119.738
2017-04-19,120.02
2017-04-20,120.072
2017-04-21,119.037
2017-04-24,120.488
2017-04-25,120.426
2017-04-26,120.757
2017-04-27,119.765
2017-04-28,119.205
2017-05-01,118.942
2017-05-02,119.222
2017-05-03,118.728
2017-05-04,118.42
2017-05-05,119.764
2017-05-08,120.097
2017-05-09,119.525
2017-05-10,119.861
2017-05-11,119.177
2017-05-12,120.222
2017-05-15,120.099
2017-05-16,120.901
2017-05-17,120.133
2017-05-18,120.135
2017-05-19,121.212
2017-05-22,122.245
2017-05-23,122.267
2017-05-24,121.7
2017-05-25,122.48
2017-05-26,122.405
2017-05-29,122.309
2017-05-30,122.961
2017-05-31,123.56
2017-06-01,123.734
2017-06-02,124.118
2017-06-05,124.128
2017-06-06,123.903
2017-06-07,123.793
2017-06-08,122.801
2017-06-09,123.321
2017-06-12,123.79
2017-06-13,123.236
2017-06-14,123.547
2017-06-15,122.263
2017-06-16,123.104
2017-06-19,123.045
2017-06-20,122.04
2017-06-21,121.318
2017-06-22,121.308
2017-06-23,121.338
2017-06-26,121.578
2017-06-27,120.475
2017-06-28,120.902
2017-06-29,120.171
2017-06-30,119.84
2017-07-03,120.205
2017-07-04,119.887
2017-07-05,119.523
2017-07-06,118.88
2017-07-07,118.46
2017-07-10,118.106
2017-07-11,117.783
2017-07-12,118.765
2017-07-13,119.06
2017-07-14,119.524
2017-07-17,119.939
2017-07-18,119.731
2017-07-19,120.379
2017-07-20,121.485
2017-07-21,121.509
2017-07-24,120.845
2017-07-25,120.745
2017-07-26,122.35
2017-07-27,125.702
2017-07-28,125.191
2017-07-31,125.414
2017-08-01,126.193
2017-08-02,125.43
2017-08-03,125.554
2017-08-04,125.604
2017-08-07,126.122
2017-08-08,125.516
2017-08-09,124.93
2017-08-10,124.217
2017-08-11,123.722
2017-08-14,124.739
2017-08-15,123.902
2017-08-16,123.883
2017-08-17,122.789
2017-08-18,122.427
2017-08-21,122.883
2017-08-22,123.278
2017-08-23,123.445
2017-08-24,123.073
2017-08-25,123.676
2017-08-28,123.854
2017-08-29,123.48
2017-08-30,123.038
2017-08-31,123.214
2017-09-01,123.007
2017-09-04,122.685
2017-09-05,121.885
2017-09-06,121.176
2017-09-07,120.454
2017-09-08,120.403
2017-09-11,120.806
2017-09-12,121.27
2017-09-13,121.362
2017-09-14,120.681
2017-09-15,121.87
2017-09-18,122.37
2017-09-19,124.434
2017-09-20,124.966
2017-09-21,123.463
2017-09-22,124.308
2017-09-25,124.752
2017-09-26,123.915
2017-09-27,123.918
2017-09-28,123.911
2017-09-29,124.38
2017-10-02,123.854
2017-10-03,124.448
2017-10-04,124.326
2017-10-05,124.379
2017-10-06,123.551
2017-10-09,123.593
2017-10-10,124.437
2017-10-11,124.348
2017-10-12,122.81
2017-10-13,122.825
2017-10-16,123.216
2017-10-17,122.801
2017-10-18,122.488
2017-10-19,122.95
2017-10-20,122.756
2017-10-23,122.279
2017-10-24,122.122
2017-10-25,120.796
2017-10-26,120.848
2017-10-27,120.937
2017-10-30,120.749
2017-10-31,120.569
2017-11-01,120.541
2017-11-02,120.22
2017-11-03,119.807
2017-11-06,118.237
2017-11-07,118.332
2017-11-08,118.613
2017-11-09,118.873
2017-11-10,118.713
2017-11-13,117.985
2017-11-14,117.725
2017-11-15,117.803
2017-11-16,119.193
2017-11-17,119.342
2017-11-20,119.904
2017-11-21,119.673
2017-11-22,120.86
2017-11-23,121.279
2017-11-24,121.731
2017-11-27,121.839
2017-11-28,122.716
2017-11-29,124.252
2017-11-30,125.014
2017-12-01,124.695
2017-12-04,125.552
2017-12-05,124.566
2017-12-06,123.941
2017-12-07,124.546
2017-12-08,125.096
2017-12-11,125.868
2017-12-12,127.096
2017-12-13,126.996
2017-12-14,126.044
2017-12-15,125.546
2017-12-18,126.637
2017-12-19,125.8
2017-12-20,125.755
2017-12-21,126.379
2017-12-22,126.383
2017-12-25,126.438
2017-12-26,126.636
2017-12-27,126.522
2017-12-28,126.858
2017-12-29,126.529
2018-01-01,126.534
2018-01-02,127.018
2018-01-03,125.602
2018-01-04,126.714
2018-01-05,127.043
2018-01-08,127.172
2018-01-09,126.688
2018-01-10,125.709
2018-01-11,125.303
2018-01-12,125.67
2018-01-15,126.414
2018-01-16,126.566
2018-01-17,126.389
2018-01-18,126.078
2018-01-19,126.302
2018-01-22,128.336
2018-01-23,128.302
2018-01-24,128.995
2018-01-25,129.52
2018-01-26,130.017
2018-01-29,128.759
2018-01-30,128.235
2018-01-31,128.308
2018-02-01,129.171
2018-02-02,126.884
2018-02-05,123.111
2018-02-06,121.37
2018-02-07,122.662
2018-02-08,119.677
2018-02-09,119.613
2018-02-12,120.628
2018-02-13,120.778
2018-02-14,120.5
2018-02-15,121.772
2018-02-16,122.693
2018-02-19,122.783
2018-02-20,121.742
2018-02-21,120.603
2018-02-22,120.631
2018-02-23,122.091
2018-02-26,123.504
2018-02-27,121.962
2018-02-28,120.861
2018-03-01,120.076
2018-03-02,120.162
2018-03-05,121.339
2018-03-06,122.26
2018-03-07,122.219
2018-03-08,122.86
2018-03-09,123.021
2018-03-12,123.373
2018-03-13,122.875
2018-03-14,122.257
2018-03-15,122.037
2018-03-16,122.368
2018-03-19,121.626
2018-03-20,120.449
2018-03-21,119.953
2018-03-22,118.804
2018-03-23,117.407
2018-03-26,117.666
2018-03-27,118.446
2018-03-28,118.984
2018-03-29,118.944
2018-03-30,119.129
2018-04-02,118.373
2018-04-03,118.296
2018-04-04,119.162
2018-04-05,120.369
2018-04-06,120.029
2018-04-09,120.178
2018-04-10,121.935
2018-04-11,121.599
2018-04-12,121.319
2018-04-13,121.186
2018-04-16,122.354
2018-04-17,122.398
2018-04-18,122.55
2018-04-19,122.116
2018-04-20,121.989
2018-04-23,122.573
2018-04-24,122.646
2018-04-25,122.899
2018-04-26,121.748
2018-04-27,123.124
2018-04-30,121.559
2018-05-01,120.488
2018-05-02,119.347
2018-05-03,118.89
2018-05-04,119.373
2018-05-07,119.165
2018-05-08,118.311
2018-05-09,117.801
2018-05-10,118.28
2018-05-11,119.896
2018-05-14,119.361
2018-05-15,117.378
2018-05-16,116.915
2018-05-17,116.662
2018-05-18,116.27
2018-05-21,116.854
2018-05-22,117.593
2018-05-23,117.029
2018-05-24,116.949
2018-05-25,116.225
2018-05-28,115.88
2018-05-29,114.928
2018-05-30,115.692
2018-05-31,114.972
2018-06-01,115.122
2018-06-04,115.827
2018-06-05,116.04
2018-06-06,117.444
2018-06-07,118.133
2018-06-08,117.83
2018-06-11,118.806
2018-06-12,118.631
2018-06-13,116.22
2018-06-14,116.88
2018-06-15,116.941
2018-06-18,115.631
2018-06-19,115.739
2018-06-20,115.564
2018-06-21,115.61
2018-06-22,116.49
2018-06-25,115.82
2018-06-26,115.323
2018-06-27,115.196
2018-06-28,115.749
2018-06-29,115.675
2018-07-02,115.164
2018-07-03,116.652
2018-07-04,117.653
2018-07-05,118.328
2018-07-06,119.307
2018-07-09,119.416
2018-07-10,119.688
2018-07-11,118.677
2018-07-12,119.164
2018-07-13,118.728
2018-07-16,118.994
2018-07-17,118.175
2018-07-18,118.008
2018-07-19,117.085
2018-07-20,117.58
2018-07-23,117.327
2018-07-24,118.273
2018-07-25,116.625
2018-07-26,117.137
2018-07-27,118.989
2018-07-30,120.369
2018-07-31,119.611
2018-08-01,119.488
2018-08-02,118.847
2018-08-03,119.795
2018-08-06,120.129
2018-08-07,121.197
2018-08-08,121.745
2018-08-09,122.12
2018-08-10,120.23
2018-08-13,119.726
2018-08-14,120.568
2018-08-15,120.254
2018-08-16,121.559
2018-08-17,121.758
2018-08-20,121.838
2018-08-21,121.822
2018-08-22,120.922
2018-08-23,120.775
2018-08-24,121.374
2018-08-27,121.777
2018-08-28,121.501
2018-08-29,120.804
2018-08-30,120.086
2018-08-31,119.552
2018-09-03,119.604
2018-09-04,118.275
2018-09-05,117.838
2018-09-06,118.412
2018-09-07,118.371
2018-09-10,119.045
2018-09-11,119.891
2018-09-12,121.284
2018-09-13,122.24
2018-09-14,121.89
2018-09-17,122.302
2018-09-18,122.757
2018-09-19,121.864
2018-09-20,122.449
2018-09-21,123.465
2018-09-24,122.95
2018-09-25,122.291
2018-09-26,122.107
2018-09-27,122.32
2018-09-28,122.123
2018-10-01,121.895
2018-10-02,121.964
2018-10-03,121.754
2018-10-04,122.269
2018-10-05,121.749
2018-10-08,121.543
2018-10-09,120.922
2018-10-10,120.403
2018-10-11,117.848
2018-10-12,118.66
2018-10-15,118.557
2018-10-16,119.52
2018-10-17,119.987
2018-10-18,120.144
2018-10-19,120.661
2018-10-22,119.82
2018-10-23,120.221
2018-10-24,118.119
2018-10-25,116.583
2018-10-26,114.514
2018-10-29,115.531
2018-10-30,117.008
2018-10-31,117.731
2018-11-01,115.602
2018-11-02,116.509
2018-11-05,117.108
2018-11-06,116.958
2018-11-07,118.108
2018-11-08,118.521
2018-11-09,117.364
2018-11-12,117.195
2018-11-13,117.765
2018-11-14,118.641
2018-11-15,118.045
2018-11-16,119.116
2018-11-19,120.121
2018-11-20,117.762
2018-11-21,118.33
2018-11-22,118.128
2018-11-23,117.676
2018-11-26,119.483
2018-11-27,121.093
2018-11-28,121.332
2018-11-29,121.204
2018-11-30,122.392
2018-12-03,122.599
2018-12-04,119.387
2018-12-05,119.252
2018-12-06,119.686
2018-12-07,118.021
2018-12-10,118.07
2018-12-11,118.453
2018-12-12,119.589
2018-12-13,119.193
2018-12-14,118.002
2018-12-17,116.397
2018-12-18,116.561
2018-12-19,115.25
2018-12-20,113.427
2018-12-21,110.517
2018-12-24,108.789
2018-12-25,108.312
2018-12-26,112.708
2018-12-27,113.229
2018-12-28,113.461
2018-12-31,113.848
2019-01-01,113.848
2019-01-02,114.819
2019-01-03,113.841
2019-01-04,117.452
2019-01-07,118.447
2019-01-08,119.908
2019-01-09,119.909
2019-01-10,120.027
2019-01-11,119.959
2019-01-14,119.399
2019-01-15,120.874
2019-01-16,120.507
2019-01-17,120.88
2019-01-18,121.628
2019-01-21,121.499
2019-01-22,119.681
2019-01-23,119.994
2019-01-24,119.939
2019-01-25,120.918
2019-01-28,119.814
2019-01-29,119.035
2019-01-30,120.011
2019-01-31,123.575
2019-02-01,123.106
2019-02-04,123.907
2019-02-05,124.907
2019-02-06,123.256
2019-02-07,122.343
2019-02-08,122.464
2019-02-11,121.862
2019-02-12,123.046
2019-02-13,123.154
2019-02-14,123.332
2019-02-15,123.765
2019-02-18,124.067
2019-02-19,124.328
2019-02-20,124.496
2019-02-21,123.916
2019-02-22,124.982
2019-02-25,124.966
2019-02-26,125.006
2019-02-27,124.64
2019-02-28,124.615
2019-03-01,125.269
2019-03-04,125.228
2019-03-05,125.813
2019-03-06,125.852
2019-03-07,125.064
2019-03-08,124.815
2019-03-11,126.741
2019-03-12,127.501
2019-03-13,127.826
2019-03-14,127.607
2019-03-15,128.023
2019-03-18,127.474
2019-03-19,127.557
2019-03-20,128.34
2019-03-21,129.293
2019-03-22,127.976
2019-03-25,127.339
2019-03-26,127.963
2019-03-27,127.39
2019-03-28,126.554
2019-03-29,126.975
2019-04-01,123.86
