date,3059
1994-12-30,55.767
1995-01-31,55.494
1995-02-28,57.085
1995-03-31,58.361
1995-04-28,60.723
1995-05-31,62.207
1995-06-30,61.732
1995-07-31,63.068
1995-08-31,60.694
1995-09-29,62.874
1995-10-31,62.773
1995-11-30,63.134
1995-12-29,65.708
1996-01-31,66.238
1996-02-29,66.065
1996-03-29,65.659
1996-04-30,66.804
1996-05-31,66.157
1996-06-28,67.504
1996-07-31,64.989
1996-08-30,65.078
1996-09-30,65.804
1996-10-31,67.804
1996-11-29,70.659
1996-12-31,71.303
1997-01-31,69.785
1997-02-28,69.593
1997-03-31,68.301
1997-04-30,67.408
1997-05-30,70.252
1997-06-30,72.965
1997-07-31,73.283
1997-08-29,70.786
1997-09-30,74.212
1997-10-31,72.895
1997-11-28,76.631
1997-12-31,80.852
1998-01-30,81.888
1998-02-27,83.76
1998-03-31,88.046
1998-04-30,87.602
1998-05-29,87.103
1998-06-30,90.178
1998-07-31,88.512
1998-08-31,85.48
1998-09-30,91.947
1998-10-30,95.494
1998-11-30,95.733
1998-12-31,100.0
1999-01-29,97.144
1999-02-26,91.931
1999-03-31,90.026
1999-04-30,91.277
1999-05-31,92.625
1999-06-30,92.693
1999-07-30,92.154
1999-08-31,92.637
1999-09-30,89.411
1999-10-29,89.525
1999-11-30,86.091
1999-12-31,87.183
2000-01-31,87.421
2000-02-29,87.591
2000-03-31,91.576
2000-04-28,91.479
2000-05-31,94.723
2000-06-30,91.931
2000-07-31,93.172
2000-08-31,96.805
2000-09-29,101.041
2000-10-31,99.024
2000-11-30,98.68
2000-12-29,106.632
2001-01-01,106.632
2001-01-02,104.911
2001-01-03,102.455
2001-01-04,98.191
2001-01-05,97.998
2001-01-08,98.371
2001-01-09,97.474
2001-01-10,97.028
2001-01-11,96.091
2001-01-12,96.062
2001-01-15,95.196
2001-01-16,93.941
2001-01-17,94.061
2001-01-18,94.482
2001-01-19,94.082
2001-01-22,95.924
2001-01-23,97.025
2001-01-24,96.906
2001-01-25,98.276
2001-01-26,98.428
2001-01-29,98.357
2001-01-30,97.876
2001-01-31,97.997
2001-02-01,98.198
2001-02-02,98.196
2001-02-05,99.389
2001-02-06,99.532
2001-02-07,100.273
2001-02-08,100.408
2001-02-09,101.233
2001-02-12,101.353
2001-02-13,101.446
2001-02-14,101.427
2001-02-15,100.182
2001-02-16,100.791
2001-02-19,100.868
2001-02-20,100.676
2001-02-21,100.577
2001-02-22,100.129
2001-02-23,98.841
2001-02-26,99.324
2001-02-27,99.82
2001-02-28,99.676
2001-03-01,99.979
2001-03-02,100.763
2001-03-05,100.72
2001-03-06,100.292
2001-03-07,100.875
2001-03-08,100.613
2001-03-09,100.114
2001-03-12,98.218
2001-03-13,96.553
2001-03-14,94.943
2001-03-15,96.356
2001-03-16,94.603
2001-03-19,94.829
2001-03-20,94.799
2001-03-21,93.746
2001-03-22,90.025
2001-03-23,91.669
2001-03-26,94.357
2001-03-27,95.662
2001-03-28,95.016
2001-03-29,94.674
2001-03-30,96.013
2001-04-02,95.976
2001-04-03,95.704
2001-04-04,95.975
2001-04-05,96.357
2001-04-06,94.923
2001-04-09,96.488
2001-04-10,98.074
2001-04-11,97.598
2001-04-12,97.746
2001-04-13,97.552
2001-04-16,97.98
2001-04-17,99.257
2001-04-18,99.039
2001-04-19,97.858
2001-04-20,97.857
2001-04-23,99.133
2001-04-24,99.551
2001-04-25,99.614
2001-04-26,100.708
2001-04-27,100.369
2001-04-30,100.166
2001-05-01,100.359
2001-05-02,99.124
2001-05-03,98.452
2001-05-04,99.291
2001-05-07,98.68
2001-05-08,97.755
2001-05-09,98.468
2001-05-10,98.676
2001-05-11,98.544
2001-05-14,98.768
2001-05-15,98.255
2001-05-16,98.631
2001-05-17,98.638
2001-05-18,99.457
2001-05-21,100.137
2001-05-22,99.711
2001-05-23,99.894
2001-05-24,99.876
2001-05-25,98.587
2001-05-28,98.794
2001-05-29,98.22
2001-05-30,98.643
2001-05-31,99.348
2001-06-01,98.691
2001-06-04,98.867
2001-06-05,98.101
2001-06-06,97.271
2001-06-07,97.05
2001-06-08,97.159
2001-06-11,97.732
2001-06-12,97.942
2001-06-13,97.117
2001-06-14,96.072
2001-06-15,96.936
2001-06-18,96.327
2001-06-19,96.885
2001-06-20,95.827
2001-06-21,94.308
2001-06-22,95.002
2001-06-25,95.071
2001-06-26,95.086
2001-06-27,95.742
2001-06-28,95.82
2001-06-29,96.139
2001-07-02,96.073
2001-07-03,96.01
2001-07-04,96.063
2001-07-05,96.692
2001-07-06,96.891
2001-07-09,97.344
2001-07-10,97.589
2001-07-11,97.203
2001-07-12,96.501
2001-07-13,96.337
2001-07-16,96.558
2001-07-17,96.52
2001-07-18,96.471
2001-07-19,96.548
2001-07-20,95.306
2001-07-23,93.751
2001-07-24,91.806
2001-07-25,92.648
2001-07-26,93.708
2001-07-27,94.271
2001-07-30,94.824
2001-07-31,95.054
2001-08-01,95.665
2001-08-02,96.111
2001-08-03,95.83
2001-08-06,94.366
2001-08-07,94.757
2001-08-08,93.767
2001-08-09,93.927
2001-08-10,94.258
2001-08-13,93.989
2001-08-14,94.636
2001-08-15,94.619
2001-08-16,94.975
2001-08-17,94.732
2001-08-20,95.016
2001-08-21,95.069
2001-08-22,95.879
2001-08-23,95.729
2001-08-24,96.257
2001-08-27,96.295
2001-08-28,95.745
2001-08-29,95.53
2001-08-30,94.058
2001-08-31,94.464
2001-09-03,94.404
2001-09-04,94.756
2001-09-05,93.624
2001-09-06,93.406
2001-09-07,93.252
2001-09-10,91.952
2001-09-11,90.348
2001-09-12,90.735
2001-09-13,92.002
2001-09-14,91.227
2001-09-17,90.544
2001-09-18,89.939
2001-09-19,89.725
2001-09-20,89.168
2001-09-21,87.247
2001-09-24,87.592
2001-09-25,87.277
2001-09-26,85.028
2001-09-27,85.281
2001-09-28,87.001
2001-10-01,87.441
2001-10-02,89.188
2001-10-03,91.266
2001-10-04,91.45
2001-10-05,91.271
2001-10-08,91.201
2001-10-09,90.424
2001-10-10,91.12
2001-10-11,90.683
2001-10-12,90.293
2001-10-15,89.582
2001-10-16,90.915
2001-10-17,90.313
2001-10-18,88.447
2001-10-19,88.5
2001-10-22,88.052
2001-10-23,87.201
2001-10-24,86.157
2001-10-25,86.583
2001-10-26,85.746
2001-10-29,85.854
2001-10-30,85.278
2001-10-31,85.978
2001-11-01,86.349
2001-11-02,85.166
2001-11-05,85.915
2001-11-06,85.423
2001-11-07,85.029
2001-11-08,85.93
2001-11-09,85.787
2001-11-12,85.503
2001-11-13,85.889
2001-11-14,84.812
2001-11-15,83.984
2001-11-16,83.899
2001-11-19,83.178
2001-11-20,83.833
2001-11-21,83.057
2001-11-22,83.174
2001-11-23,83.249
2001-11-26,82.504
2001-11-27,82.283
2001-11-28,81.105
2001-11-29,81.346
2001-11-30,82.033
2001-12-03,81.01
2001-12-04,81.589
2001-12-05,81.778
2001-12-06,80.895
2001-12-07,80.962
2001-12-10,79.888
2001-12-11,78.83
2001-12-12,79.414
2001-12-13,79.806
2001-12-14,79.54
2001-12-17,79.579
2001-12-18,79.723
2001-12-19,80.77
2001-12-20,80.555
2001-12-21,80.153
2001-12-24,80.289
2001-12-25,80.403
2001-12-26,80.724
2001-12-27,82.182
2001-12-28,82.649
2001-12-31,82.709
2002-01-01,82.709
2002-01-02,83.022
2002-01-03,82.711
2002-01-04,82.105
2002-01-07,81.788
2002-01-08,81.373
2002-01-09,81.177
2002-01-10,81.247
2002-01-11,81.065
2002-01-14,81.306
2002-01-15,81.894
2002-01-16,81.449
2002-01-17,81.02
2002-01-18,81.243
2002-01-21,81.168
2002-01-22,80.122
2002-01-23,80.326
2002-01-24,80.554
2002-01-25,80.085
2002-01-28,79.979
2002-01-29,78.439
2002-01-30,78.352
2002-01-31,79.34
2002-02-01,79.541
2002-02-04,79.272
2002-02-05,78.304
2002-02-06,77.86
2002-02-07,78.169
2002-02-08,78.346
2002-02-11,78.926
2002-02-12,79.169
2002-02-13,79.455
2002-02-14,79.526
2002-02-15,78.774
2002-02-18,78.684
2002-02-19,77.778
2002-02-20,77.67
2002-02-21,77.702
2002-02-22,77.979
2002-02-25,78.018
2002-02-26,78.288
2002-02-27,78.744
2002-02-28,78.565
2002-03-01,79.6
2002-03-04,80.434
2002-03-05,80.801
2002-03-06,81.957
2002-03-07,82.556
2002-03-08,82.223
2002-03-11,82.513
2002-03-12,81.939
2002-03-13,81.584
2002-03-14,81.806
2002-03-15,82.193
2002-03-18,82.584
2002-03-19,82.924
2002-03-20,82.739
2002-03-21,83.661
2002-03-22,83.241
2002-03-25,83.004
2002-03-26,83.025
2002-03-27,83.331
2002-03-28,83.504
2002-03-29,83.422
2002-04-01,83.469
2002-04-02,83.786
2002-04-03,83.594
2002-04-04,83.879
2002-04-05,83.56
2002-04-08,83.282
2002-04-09,82.952
2002-04-10,84.221
2002-04-11,83.231
2002-04-12,83.348
2002-04-15,82.977
2002-04-16,83.803
2002-04-17,84.329
2002-04-18,84.544
2002-04-19,84.853
2002-04-22,85.167
2002-04-23,85.473
2002-04-24,85.358
2002-04-25,84.476
2002-04-26,83.553
2002-04-29,83.72
2002-04-30,84.259
2002-05-01,84.334
2002-05-02,84.037
2002-05-03,84.357
2002-05-06,84.21
2002-05-07,83.508
2002-05-08,84.208
2002-05-09,83.774
2002-05-10,83.222
2002-05-13,83.604
2002-05-14,83.579
2002-05-15,82.985
2002-05-16,82.145
2002-05-17,81.82
2002-05-20,82.692
2002-05-21,82.794
2002-05-22,84.108
2002-05-23,84.403
2002-05-24,84.352
2002-05-27,84.207
2002-05-28,84.164
2002-05-29,83.006
2002-05-30,82.289
2002-05-31,82.12
2002-06-03,80.556
2002-06-04,80.87
2002-06-05,80.034
2002-06-06,79.396
2002-06-07,79.139
2002-06-10,79.254
2002-06-11,79.152
2002-06-12,79.528
2002-06-13,79.607
2002-06-14,78.572
2002-06-17,79.689
2002-06-18,80.214
2002-06-19,79.652
2002-06-20,79.287
2002-06-21,79.707
2002-06-24,78.738
2002-06-25,78.555
2002-06-26,78.412
2002-06-27,78.558
2002-06-28,79.945
2002-07-01,79.229
2002-07-02,78.0
2002-07-03,77.531
2002-07-04,77.759
2002-07-05,78.434
2002-07-08,78.321
2002-07-09,77.37
2002-07-10,74.725
2002-07-11,75.15
2002-07-12,73.726
2002-07-15,73.146
2002-07-16,71.994
2002-07-17,72.078
2002-07-18,71.616
2002-07-19,69.364
2002-07-22,67.638
2002-07-23,64.629
2002-07-24,66.642
2002-07-25,68.185
2002-07-26,67.762
2002-07-29,68.836
2002-07-30,71.202
2002-07-31,71.397
2002-08-01,70.115
2002-08-02,70.17
2002-08-05,69.48
2002-08-06,71.01
2002-08-07,71.056
2002-08-08,72.24
2002-08-09,73.129
2002-08-12,73.494
2002-08-13,73.123
2002-08-14,74.089
2002-08-15,74.614
2002-08-16,74.105
2002-08-19,75.038
2002-08-20,74.373
2002-08-21,75.522
2002-08-22,76.05
2002-08-23,75.1
2002-08-26,75.812
2002-08-27,75.943
2002-08-28,74.952
2002-08-29,74.338
2002-08-30,74.349
2002-09-02,74.156
2002-09-03,72.617
2002-09-04,72.888
2002-09-05,72.379
2002-09-06,72.682
2002-09-09,72.129
2002-09-10,71.597
2002-09-11,71.91
2002-09-12,70.29
2002-09-13,70.665
2002-09-16,70.06
2002-09-17,68.84
2002-09-18,69.156
2002-09-19,68.397
2002-09-20,67.491
2002-09-23,65.824
2002-09-24,64.672
2002-09-25,65.561
2002-09-26,67.6
2002-09-27,66.835
2002-09-30,66.914
2002-10-01,67.737
2002-10-02,67.825
2002-10-03,67.447
2002-10-04,65.829
2002-10-07,65.165
2002-10-08,63.696
2002-10-09,61.061
2002-10-10,62.631
2002-10-11,63.569
2002-10-14,63.121
2002-10-15,63.914
2002-10-16,62.582
2002-10-17,63.118
2002-10-18,62.908
2002-10-21,65.096
2002-10-22,64.391
2002-10-23,64.746
2002-10-24,65.301
2002-10-25,65.637
2002-10-28,66.209
2002-10-29,65.442
2002-10-30,66.501
2002-10-31,66.502
2002-11-01,66.978
2002-11-04,68.51
2002-11-05,68.74
2002-11-06,68.87
2002-11-07,67.564
2002-11-08,66.703
2002-11-11,66.541
2002-11-12,66.116
2002-11-13,66.031
2002-11-14,66.823
2002-11-15,67.276
2002-11-18,67.165
2002-11-19,66.821
2002-11-20,66.642
2002-11-21,67.176
2002-11-22,67.718
2002-11-25,67.437
2002-11-26,66.367
2002-11-27,67.272
2002-11-28,67.218
2002-11-29,66.865
2002-12-02,66.419
2002-12-03,66.656
2002-12-04,66.044
2002-12-05,65.624
2002-12-06,66.071
2002-12-09,65.905
2002-12-10,66.522
2002-12-11,67.029
2002-12-12,67.205
2002-12-13,67.532
2002-12-16,68.393
2002-12-17,68.363
2002-12-18,67.723
2002-12-19,67.924
2002-12-20,68.433
2002-12-23,68.391
2002-12-24,68.56
2002-12-25,68.637
2002-12-26,68.98
2002-12-27,68.197
2002-12-30,69.123
2002-12-31,69.4
2003-01-01,69.4
2003-01-02,70.418
2003-01-03,70.647
2003-01-06,72.51
2003-01-07,71.182
2003-01-08,71.201
2003-01-09,72.123
2003-01-10,71.841
2003-01-13,71.103
2003-01-14,71.729
2003-01-15,71.753
2003-01-16,71.622
2003-01-17,71.063
2003-01-20,70.94
2003-01-21,69.951
2003-01-22,69.463
2003-01-23,69.917
2003-01-24,69.136
2003-01-27,67.635
2003-01-28,68.562
2003-01-29,68.376
2003-01-30,68.291
2003-01-31,68.678
2003-02-03,69.127
2003-02-04,68.559
2003-02-05,68.34
2003-02-06,67.636
2003-02-07,66.845
2003-02-10,67.299
2003-02-11,66.955
2003-02-12,65.81
2003-02-13,66.042
2003-02-14,66.879
2003-02-17,66.92
2003-02-18,67.499
2003-02-19,66.973
2003-02-20,67.204
2003-02-21,67.698
2003-02-24,67.062
2003-02-25,66.51
2003-02-26,65.617
2003-02-27,66.13
2003-02-28,66.331
2003-03-03,66.571
2003-03-04,66.37
2003-03-05,66.677
2003-03-06,66.555
2003-03-07,66.508
2003-03-10,65.329
2003-03-11,65.564
2003-03-12,64.605
2003-03-13,65.523
2003-03-14,65.906
2003-03-17,66.942
2003-03-18,66.966
2003-03-19,67.141
2003-03-20,67.227
2003-03-21,68.256
2003-03-24,67.221
2003-03-25,68.289
2003-03-26,68.035
2003-03-27,68.003
2003-03-28,68.022
2003-03-31,67.429
2003-04-01,68.04
2003-04-02,68.74
2003-04-03,68.46
2003-04-04,69.052
2003-04-07,69.54
2003-04-08,69.14
2003-04-09,69.089
2003-04-10,69.468
2003-04-11,69.384
2003-04-14,70.129
2003-04-15,70.718
2003-04-16,70.391
2003-04-17,71.149
2003-04-18,71.062
2003-04-21,70.965
2003-04-22,72.049
2003-04-23,72.035
2003-04-24,72.505
2003-04-25,71.931
2003-04-28,72.992
2003-04-29,72.702
2003-04-30,73.172
2003-05-01,72.918
2003-05-02,73.289
2003-05-05,73.728
2003-05-06,74.281
2003-05-07,73.857
2003-05-08,73.781
2003-05-09,74.469
2003-05-12,74.793
2003-05-13,74.853
2003-05-14,75.233
2003-05-15,76.103
2003-05-16,77.005
2003-05-19,76.222
2003-05-20,76.718
2003-05-21,76.501
2003-05-22,77.297
2003-05-23,78.661
2003-05-26,78.736
2003-05-27,79.327
2003-05-28,78.982
2003-05-29,78.497
2003-05-30,78.52
2003-06-02,79.001
2003-06-03,79.11
2003-06-04,79.573
2003-06-05,79.39
2003-06-06,79.068
2003-06-09,78.843
2003-06-10,79.079
2003-06-11,79.567
2003-06-12,79.981
2003-06-13,79.614
2003-06-16,80.962
2003-06-17,80.893
2003-06-18,80.731
2003-06-19,80.451
2003-06-20,80.505
2003-06-23,79.696
2003-06-24,78.953
2003-06-25,79.152
2003-06-26,79.19
2003-06-27,78.627
2003-06-30,78.547
2003-07-01,78.593
2003-07-02,78.778
2003-07-03,78.551
2003-07-04,78.249
2003-07-07,78.402
2003-07-08,77.723
2003-07-09,77.211
2003-07-10,76.552
2003-07-11,77.022
2003-07-14,77.09
2003-07-15,76.036
2003-07-16,74.982
2003-07-17,74.876
2003-07-18,75.602
2003-07-21,75.249
2003-07-22,76.159
2003-07-23,76.155
2003-07-24,76.645
2003-07-25,76.75
2003-07-28,76.479
2003-07-29,76.202
2003-07-30,75.852
2003-07-31,75.67
2003-08-01,75.208
2003-08-04,75.294
2003-08-05,74.974
2003-08-06,75.068
2003-08-07,75.678
2003-08-08,75.7
2003-08-11,75.804
2003-08-12,76.142
2003-08-13,75.897
2003-08-14,76.379
2003-08-15,76.173
2003-08-18,76.038
2003-08-19,75.753
2003-08-20,76.394
2003-08-21,76.154
2003-08-22,75.61
2003-08-25,75.892
2003-08-26,75.737
2003-08-27,75.814
2003-08-28,75.957
2003-08-29,76.142
2003-09-01,76.375
2003-09-02,76.762
2003-09-03,76.938
2003-09-04,77.161
2003-09-05,77.166
2003-09-08,77.655
2003-09-09,77.502
2003-09-10,77.553
2003-09-11,77.636
2003-09-12,77.975
2003-09-15,77.825
2003-09-16,78.123
2003-09-17,78.083
2003-09-18,79.022
2003-09-19,79.664
2003-09-22,79.422
2003-09-23,79.643
2003-09-24,79.362
2003-09-25,79.407
2003-09-26,79.182
2003-09-29,79.576
2003-09-30,79.085
2003-10-01,80.161
2003-10-02,80.136
2003-10-03,80.504
2003-10-06,80.54
2003-10-07,80.554
2003-10-08,80.411
2003-10-09,80.74
2003-10-10,80.624
2003-10-13,80.628
2003-10-14,80.566
2003-10-15,80.172
2003-10-16,80.385
2003-10-17,79.898
2003-10-20,79.943
2003-10-21,80.395
2003-10-22,80.384
2003-10-23,80.171
2003-10-24,80.209
2003-10-27,80.444
2003-10-28,80.507
2003-10-29,80.454
2003-10-30,80.717
2003-10-31,80.356
2003-11-03,80.574
2003-11-04,80.416
2003-11-05,80.486
2003-11-06,80.133
2003-11-07,80.292
2003-11-10,80.524
2003-11-11,80.33
2003-11-12,80.703
2003-11-13,80.857
2003-11-14,81.155
2003-11-17,80.379
2003-11-18,80.143
2003-11-19,80.755
2003-11-20,80.943
2003-11-21,81.079
2003-11-24,81.332
2003-11-25,81.406
2003-11-26,81.986
2003-11-27,82.2
2003-11-28,82.331
2003-12-01,82.958
2003-12-02,83.101
2003-12-03,83.274
2003-12-04,83.544
2003-12-05,83.757
2003-12-08,84.204
2003-12-09,84.293
2003-12-10,84.107
2003-12-11,84.454
2003-12-12,85.138
2003-12-15,85.461
2003-12-16,85.807
2003-12-17,86.364
2003-12-18,86.785
2003-12-19,86.85
2003-12-22,87.422
2003-12-23,87.985
2003-12-24,88.047
2003-12-25,88.047
2003-12-26,88.062
2003-12-29,88.565
2003-12-30,88.819
2003-12-31,88.947
2004-01-01,88.947
2004-01-02,89.206
2004-01-05,89.617
2004-01-06,89.631
2004-01-07,89.341
2004-01-08,89.057
2004-01-09,89.284
2004-01-12,89.215
2004-01-13,89.078
2004-01-14,89.261
2004-01-15,88.64
2004-01-16,88.252
2004-01-19,88.249
2004-01-20,89.071
2004-01-21,90.471
2004-01-22,90.634
2004-01-23,90.66
2004-01-26,89.946
2004-01-27,89.769
2004-01-28,90.659
2004-01-29,90.154
2004-01-30,90.063
2004-02-02,90.334
2004-02-03,91.195
2004-02-04,90.508
2004-02-05,90.66
2004-02-06,91.226
2004-02-09,91.465
2004-02-10,91.991
2004-02-11,92.278
2004-02-12,92.752
2004-02-13,92.361
2004-02-16,92.779
2004-02-17,93.501
2004-02-18,93.654
2004-02-19,93.137
2004-02-20,91.973
2004-02-23,92.25
2004-02-24,92.246
2004-02-25,92.271
2004-02-26,92.166
2004-02-27,93.314
2004-03-01,94.295
2004-03-02,93.52
2004-03-03,92.742
2004-03-04,93.304
2004-03-05,94.277
2004-03-08,94.157
2004-03-09,94.234
2004-03-10,93.427
2004-03-11,91.878
2004-03-12,91.563
2004-03-15,90.988
2004-03-16,91.914
2004-03-17,92.816
2004-03-18,93.128
2004-03-19,93.123
2004-03-22,92.334
2004-03-23,92.244
2004-03-24,91.898
2004-03-25,92.241
2004-03-26,92.338
2004-03-29,93.089
2004-03-30,93.696
2004-03-31,94.318
2004-04-01,95.186
2004-04-02,94.734
2004-04-05,94.332
2004-04-06,94.3
2004-04-07,94.304
2004-04-08,94.182
2004-04-09,94.173
2004-04-12,93.407
2004-04-13,92.407
2004-04-14,91.497
2004-04-15,91.978
2004-04-16,93.197
2004-04-19,92.948
2004-04-20,92.545
2004-04-21,91.756
2004-04-22,92.363
2004-04-23,92.368
2004-04-26,92.848
2004-04-27,92.634
2004-04-28,91.979
2004-04-29,91.627
2004-04-30,91.369
2004-05-03,91.606
2004-05-04,92.296
2004-05-05,92.486
2004-05-06,91.742
2004-05-07,90.077
2004-05-10,88.273
2004-05-11,88.288
2004-05-12,88.242
2004-05-13,88.293
2004-05-14,88.813
2004-05-17,88.414
2004-05-18,88.487
2004-05-19,89.31
2004-05-20,88.754
2004-05-21,89.377
2004-05-24,89.887
2004-05-25,90.801
2004-05-26,91.201
2004-05-27,92.616
2004-05-28,92.49
2004-05-31,92.703
2004-06-01,92.397
2004-06-02,92.792
2004-06-03,92.294
2004-06-04,92.639
2004-06-07,93.728
2004-06-08,93.163
2004-06-09,92.436
2004-06-10,92.924
2004-06-11,92.559
2004-06-14,91.949
2004-06-15,92.791
2004-06-16,93.298
2004-06-17,93.416
2004-06-18,94.03
2004-06-21,94.412
2004-06-22,94.263
2004-06-23,94.762
2004-06-24,95.312
2004-06-25,95.063
2004-06-28,95.403
2004-06-29,94.571
2004-06-30,94.709
2004-07-01,94.432
2004-07-02,95.128
2004-07-05,94.982
2004-07-06,95.124
2004-07-07,95.552
2004-07-08,95.844
2004-07-09,95.885
2004-07-12,96.065
2004-07-13,95.888
2004-07-14,96.174
2004-07-15,95.94
2004-07-16,96.85
2004-07-19,97.038
2004-07-20,97.135
2004-07-21,95.824
2004-07-22,95.249
2004-07-23,94.528
2004-07-26,94.278
2004-07-27,94.099
2004-07-28,94.156
2004-07-29,94.884
2004-07-30,95.433
2004-08-02,95.909
2004-08-03,96.292
2004-08-04,96.268
2004-08-05,96.019
2004-08-06,96.616
2004-08-09,96.173
2004-08-10,96.462
2004-08-11,96.246
2004-08-12,96.454
2004-08-13,96.535
2004-08-16,96.742
2004-08-17,96.649
2004-08-18,97.061
2004-08-19,97.068
2004-08-20,97.122
2004-08-23,96.808
2004-08-24,96.512
2004-08-25,96.965
2004-08-26,97.157
2004-08-27,97.35
2004-08-30,97.413
2004-08-31,98.183
2004-09-01,98.623
2004-09-02,98.953
2004-09-03,98.488
2004-09-06,98.601
2004-09-07,98.662
2004-09-08,98.366
2004-09-09,98.364
2004-09-10,98.902
2004-09-13,98.623
2004-09-14,98.785
2004-09-15,98.176
2004-09-16,98.877
2004-09-17,99.26
2004-09-20,98.967
2004-09-21,99.403
2004-09-22,98.956
2004-09-23,98.788
2004-09-24,98.74
2004-09-27,98.441
2004-09-28,98.947
2004-09-29,99.072
2004-09-30,99.567
2004-10-01,100.343
2004-10-04,100.106
2004-10-05,100.578
2004-10-06,100.838
2004-10-07,100.463
2004-10-08,101.427
2004-10-11,101.479
2004-10-12,101.251
2004-10-13,100.716
2004-10-14,100.838
2004-10-15,101.482
2004-10-18,101.315
2004-10-19,101.733
2004-10-20,101.997
2004-10-21,102.214
2004-10-22,102.564
2004-10-25,103.362
2004-10-26,103.953
2004-10-27,104.35
2004-10-28,104.488
2004-10-29,105.006
2004-11-01,105.842
2004-11-02,105.356
2004-11-03,106.549
2004-11-04,107.717
2004-11-05,107.283
2004-11-08,107.945
2004-11-09,107.487
2004-11-10,106.987
2004-11-11,107.306
2004-11-12,107.983
2004-11-15,107.768
2004-11-16,107.711
2004-11-17,108.019
2004-11-18,107.994
2004-11-19,108.059
2004-11-22,108.599
2004-11-23,109.102
2004-11-24,109.491
2004-11-25,110.144
2004-11-26,110.267
2004-11-29,109.791
2004-11-30,109.06
2004-12-01,109.248
2004-12-02,109.136
2004-12-03,109.832
2004-12-06,110.307
2004-12-07,110.034
2004-12-08,109.154
2004-12-09,108.938
2004-12-10,108.917
2004-12-13,110.408
2004-12-14,110.537
2004-12-15,111.658
2004-12-16,111.35
2004-12-17,111.029
2004-12-20,112.511
2004-12-21,112.677
2004-12-22,113.248
2004-12-23,113.603
2004-12-24,113.82
2004-12-27,113.649
2004-12-28,113.963
2004-12-29,113.809
2004-12-30,114.383
2004-12-31,114.186
2005-01-03,113.237
2005-01-04,112.112
2005-01-05,111.713
2005-01-06,111.363
2005-01-07,111.024
2005-01-10,111.388
2005-01-11,111.207
2005-01-12,111.858
2005-01-13,111.795
2005-01-14,111.973
2005-01-17,112.004
2005-01-18,112.129
2005-01-19,112.362
2005-01-20,111.696
2005-01-21,111.842
2005-01-24,112.69
2005-01-25,112.162
2005-01-26,113.38
2005-01-27,113.329
2005-01-28,113.316
2005-01-31,114.599
2005-02-01,115.123
2005-02-02,115.957
2005-02-03,115.744
2005-02-04,117.1
2005-02-07,116.313
2005-02-08,116.168
2005-02-09,115.994
2005-02-10,116.444
2005-02-11,117.188
2005-02-14,117.896
2005-02-15,118.279
2005-02-16,118.244
2005-02-17,118.359
2005-02-18,117.371
2005-02-21,115.871
2005-02-22,115.366
2005-02-23,115.296
2005-02-24,115.178
2005-02-25,116.477
2005-02-28,116.963
2005-03-01,117.191
2005-03-02,116.21
2005-03-03,115.935
2005-03-04,118.146
2005-03-07,118.399
2005-03-08,118.194
2005-03-09,116.933
2005-03-10,117.036
2005-03-11,116.854
2005-03-14,117.278
2005-03-15,117.414
2005-03-16,117.068
2005-03-17,117.488
2005-03-18,117.102
2005-03-21,116.395
2005-03-22,115.904
2005-03-23,114.523
2005-03-24,115.49
2005-03-25,115.477
2005-03-28,115.437
2005-03-29,114.932
2005-03-30,115.841
2005-03-31,116.503
2005-04-01,116.61
2005-04-04,115.857
2005-04-05,116.851
2005-04-06,117.009
2005-04-07,117.768
2005-04-08,117.121
2005-04-11,118.095
2005-04-12,118.214
2005-04-13,118.567
2005-04-14,117.583
2005-04-15,116.729
2005-04-18,116.013
2005-04-19,117.097
2005-04-20,116.695
2005-04-21,117.408
2005-04-22,117.992
2005-04-25,118.594
2005-04-26,117.782
2005-04-27,118.046
2005-04-28,117.95
2005-04-29,119.013
2005-05-02,119.175
2005-05-03,119.238
2005-05-04,119.692
2005-05-05,119.733
2005-05-06,119.351
2005-05-09,119.276
2005-05-10,119.223
2005-05-11,119.089
2005-05-12,118.19
2005-05-13,117.179
2005-05-16,116.781
2005-05-17,117.415
2005-05-18,118.051
2005-05-19,118.347
2005-05-20,117.926
2005-05-23,118.551
2005-05-24,118.694
2005-05-25,118.54
2005-05-26,119.176
2005-05-27,119.681
2005-05-30,119.706
2005-05-31,118.905
2005-06-01,119.782
2005-06-02,119.965
2005-06-03,119.881
2005-06-06,119.993
2005-06-07,120.811
2005-06-08,121.058
2005-06-09,120.348
2005-06-10,120.497
2005-06-13,120.475
2005-06-14,120.73
2005-06-15,119.821
2005-06-16,119.804
2005-06-17,121.218
2005-06-20,120.875
2005-06-21,121.322
2005-06-22,121.792
2005-06-23,122.116
2005-06-24,121.827
2005-06-27,122.016
2005-06-28,122.73
2005-06-29,122.713
2005-06-30,123.31
2005-07-01,123.416
2005-07-04,123.042
2005-07-05,122.874
2005-07-06,121.826
2005-07-07,121.492
2005-07-08,122.435
2005-07-11,123.959
2005-07-12,124.602
2005-07-13,123.869
2005-07-14,122.986
2005-07-15,122.705
2005-07-18,122.822
2005-07-19,122.662
2005-07-20,122.866
2005-07-21,123.312
2005-07-22,123.696
2005-07-25,123.614
2005-07-26,123.425
2005-07-27,123.866
2005-07-28,124.396
2005-07-29,124.931
2005-08-01,124.386
2005-08-02,125.925
2005-08-03,126.543
2005-08-04,125.761
2005-08-05,124.179
2005-08-08,123.415
2005-08-09,124.526
2005-08-10,125.985
2005-08-11,126.308
2005-08-12,126.201
2005-08-15,126.049
2005-08-16,125.085
2005-08-17,124.578
2005-08-18,123.968
2005-08-19,124.712
2005-08-22,125.705
2005-08-23,125.692
2005-08-24,125.933
2005-08-25,126.519
2005-08-26,126.15
2005-08-29,126.153
2005-08-30,125.422
2005-08-31,127.158
2005-09-01,129.239
2005-09-02,130.022
2005-09-05,131.126
2005-09-06,132.373
2005-09-07,131.959
2005-09-08,131.122
2005-09-09,131.988
2005-09-12,131.252
2005-09-13,130.403
2005-09-14,130.979
2005-09-15,131.045
2005-09-16,132.041
2005-09-19,131.451
2005-09-20,131.5
2005-09-21,130.397
2005-09-22,129.624
2005-09-23,129.687
2005-09-26,130.401
2005-09-27,130.085
2005-09-28,131.131
2005-09-29,131.519
2005-09-30,131.526
2005-10-03,131.427
2005-10-04,130.88
2005-10-05,128.741
2005-10-06,127.815
2005-10-07,128.156
2005-10-10,126.702
2005-10-11,126.534
2005-10-12,125.305
2005-10-13,123.058
2005-10-14,124.428
2005-10-17,124.685
2005-10-18,122.787
2005-10-19,122.816
2005-10-20,121.558
2005-10-21,122.472
2005-10-24,124.2
2005-10-25,124.574
2005-10-26,123.347
2005-10-27,122.578
2005-10-28,123.736
2005-10-31,125.076
2005-11-01,123.724
2005-11-02,124.301
2005-11-03,124.484
2005-11-04,123.544
2005-11-07,123.55
2005-11-08,123.085
2005-11-09,123.632
2005-11-10,123.652
2005-11-11,123.582
2005-11-14,123.285
2005-11-15,123.376
2005-11-16,123.372
2005-11-17,124.69
2005-11-18,124.502
2005-11-21,125.051
2005-11-22,125.027
2005-11-23,126.238
2005-11-24,126.288
2005-11-25,126.478
2005-11-28,126.289
2005-11-29,126.388
2005-11-30,125.775
2005-12-01,126.459
2005-12-02,126.471
2005-12-05,126.32
2005-12-06,126.692
2005-12-07,125.93
2005-12-08,127.201
2005-12-09,127.401
2005-12-12,128.1
2005-12-13,129.107
2005-12-14,130.258
2005-12-15,130.004
2005-12-16,131.135
2005-12-19,130.118
2005-12-20,130.458
2005-12-21,130.058
2005-12-22,130.796
2005-12-23,130.733
2005-12-26,130.654
2005-12-27,130.348
2005-12-28,130.437
2005-12-29,129.999
2005-12-30,129.105
2006-01-02,129.334
2006-01-03,131.603
2006-01-04,132.652
2006-01-05,132.141
2006-01-06,133.059
2006-01-09,132.415
2006-01-10,132.325
2006-01-11,132.654
2006-01-12,132.863
2006-01-13,133.282
2006-01-16,134.034
2006-01-17,133.999
2006-01-18,134.406
2006-01-19,136.068
2006-01-20,135.208
2006-01-23,136.062
2006-01-24,136.1
2006-01-25,135.298
2006-01-26,135.231
2006-01-27,135.828
2006-01-30,135.362
2006-01-31,136.245
2006-02-01,136.478
2006-02-02,136.138
2006-02-03,135.039
2006-02-06,134.973
2006-02-07,134.561
2006-02-08,134.246
2006-02-09,134.883
2006-02-10,134.677
2006-02-13,134.608
2006-02-14,134.227
2006-02-15,134.552
2006-02-16,135.271
2006-02-17,136.062
2006-02-20,136.683
2006-02-21,138.143
2006-02-22,139.596
2006-02-23,139.463
2006-02-24,140.103
2006-02-27,140.866
2006-02-28,139.67
2006-03-01,139.931
2006-03-02,139.649
2006-03-03,139.367
2006-03-06,138.253
2006-03-07,137.204
2006-03-08,137.171
2006-03-09,137.063
2006-03-10,137.243
2006-03-13,137.785
2006-03-14,139.577
2006-03-15,140.157
2006-03-16,141.208
2006-03-17,140.965
2006-03-20,140.351
2006-03-21,139.633
2006-03-22,139.799
2006-03-23,138.517
2006-03-24,138.616
2006-03-27,137.702
2006-03-28,136.952
2006-03-29,136.892
2006-03-30,137.517
2006-03-31,136.456
2006-04-03,137.062
2006-04-04,138.44
2006-04-05,139.4
2006-04-06,138.651
2006-04-07,136.308
2006-04-10,136.699
2006-04-11,135.436
2006-04-12,135.142
2006-04-13,135.006
2006-04-14,134.892
2006-04-17,135.821
2006-04-18,137.163
2006-04-19,138.393
2006-04-20,139.33
2006-04-21,140.458
2006-04-24,140.803
2006-04-25,140.562
2006-04-26,140.25
2006-04-27,140.924
2006-04-28,141.197
2006-05-01,141.584
2006-05-02,143.678
2006-05-03,142.94
2006-05-04,144.243
2006-05-05,145.899
2006-05-08,145.754
2006-05-09,145.675
2006-05-10,145.578
2006-05-11,144.435
2006-05-12,142.899
2006-05-15,142.793
2006-05-16,142.905
2006-05-17,139.997
2006-05-18,139.709
2006-05-19,138.923
2006-05-22,139.035
2006-05-23,139.675
2006-05-24,138.956
2006-05-25,140.825
2006-05-26,142.329
2006-05-29,142.054
2006-05-30,140.957
2006-05-31,142.503
2006-06-01,143.057
2006-06-02,144.434
2006-06-05,143.23
2006-06-06,141.882
2006-06-07,142.048
2006-06-08,139.629
2006-06-09,141.011
2006-06-12,139.989
2006-06-13,137.726
2006-06-14,137.888
2006-06-15,139.24
2006-06-16,139.39
2006-06-19,137.869
2006-06-20,139.047
2006-06-21,139.684
2006-06-22,139.239
2006-06-23,139.056
2006-06-26,139.201
2006-06-27,139.038
2006-06-28,139.226
2006-06-29,141.195
2006-06-30,144.189
2006-07-03,144.791
2006-07-04,145.068
2006-07-05,143.39
2006-07-06,143.844
2006-07-07,144.872
2006-07-10,145.171
2006-07-11,144.687
2006-07-12,143.594
2006-07-13,142.884
2006-07-14,141.465
2006-07-17,141.255
2006-07-18,141.609
2006-07-19,143.893
2006-07-20,144.897
2006-07-21,144.728
2006-07-24,146.393
2006-07-25,146.772
2006-07-26,147.098
2006-07-27,149.028
2006-07-28,150.215
2006-07-31,149.672
2006-08-01,149.513
2006-08-02,150.981
2006-08-03,150.178
2006-08-04,151.502
2006-08-07,149.755
2006-08-08,150.649
2006-08-09,151.778
2006-08-10,150.922
2006-08-11,150.804
2006-08-14,151.709
2006-08-15,153.354
2006-08-16,153.312
2006-08-17,152.514
2006-08-18,152.983
2006-08-21,153.494
2006-08-22,153.638
2006-08-23,152.391
2006-08-24,153.126
2006-08-25,152.693
2006-08-28,153.821
2006-08-29,154.183
2006-08-30,154.239
2006-08-31,155.142
2006-09-01,155.38
2006-09-04,156.345
2006-09-05,155.238
2006-09-06,153.905
2006-09-07,153.286
2006-09-08,153.669
2006-09-11,152.845
2006-09-12,153.492
2006-09-13,153.809
2006-09-14,154.358
2006-09-15,154.5
2006-09-18,154.718
2006-09-19,154.596
2006-09-20,155.125
2006-09-21,154.716
2006-09-22,154.066
2006-09-25,154.619
2006-09-26,155.39
2006-09-27,158.416
2006-09-28,157.742
2006-09-29,156.477
2006-10-02,158.056
2006-10-03,158.222
2006-10-04,158.539
2006-10-05,158.615
2006-10-06,157.524
2006-10-09,157.357
2006-10-10,157.424
2006-10-11,157.592
2006-10-12,158.193
2006-10-13,157.897
2006-10-16,158.954
2006-10-17,159.294
2006-10-18,159.976
2006-10-19,160.622
2006-10-20,161.629
2006-10-23,161.557
2006-10-24,161.366
2006-10-25,162.133
2006-10-26,162.339
2006-10-27,162.401
2006-10-30,162.579
2006-10-31,162.746
2006-11-01,163.301
2006-11-02,162.545
2006-11-03,161.66
2006-11-06,162.141
2006-11-07,163.13
2006-11-08,164.208
2006-11-09,164.388
2006-11-10,165.794
2006-11-13,165.672
2006-11-14,165.79
2006-11-15,165.712
2006-11-16,166.473
2006-11-17,166.596
2006-11-20,166.728
2006-11-21,166.992
2006-11-22,167.606
2006-11-23,167.636
2006-11-24,168.914
2006-11-27,167.925
2006-11-28,167.872
2006-11-29,170.314
2006-11-30,170.747
2006-12-01,171.158
2006-12-04,172.781
2006-12-05,173.982
2006-12-06,174.311
2006-12-07,173.947
2006-12-08,174.199
2006-12-11,174.15
2006-12-12,174.592
2006-12-13,175.219
2006-12-14,175.65
2006-12-15,175.393
2006-12-18,174.71
2006-12-19,175.248
2006-12-20,174.926
2006-12-21,174.678
2006-12-22,174.077
2006-12-25,173.926
2006-12-26,174.136
2006-12-27,175.169
2006-12-28,175.004
2006-12-29,175.323
2007-01-01,175.323
2007-01-02,176.864
2007-01-03,176.217
2007-01-04,175.226
2007-01-05,170.98
2007-01-08,171.216
2007-01-09,171.145
2007-01-10,170.328
2007-01-11,171.352
2007-01-12,172.076
2007-01-15,172.471
2007-01-16,172.277
2007-01-17,171.894
2007-01-18,171.48
2007-01-19,171.805
2007-01-22,172.065
2007-01-23,172.265
2007-01-24,174.198
2007-01-25,173.371
2007-01-26,173.381
2007-01-29,174.515
2007-01-30,175.492
2007-01-31,175.327
2007-02-01,177.556
2007-02-02,179.113
2007-02-05,179.193
2007-02-06,181.57
2007-02-07,182.981
2007-02-08,182.071
2007-02-09,182.393
2007-02-12,181.682
2007-02-13,182.438
2007-02-14,183.57
2007-02-15,183.073
2007-02-16,182.613
2007-02-19,182.422
2007-02-20,182.715
2007-02-21,180.831
2007-02-22,180.587
2007-02-23,182.341
2007-02-26,185.264
2007-02-27,181.906
2007-02-28,179.25
2007-03-01,178.289
2007-03-02,177.219
2007-03-05,174.818
2007-03-06,176.515
2007-03-07,177.732
2007-03-08,179.547
2007-03-09,179.317
2007-03-12,180.318
2007-03-13,178.856
2007-03-14,177.24
2007-03-15,179.822
2007-03-16,180.024
2007-03-19,181.848
2007-03-20,183.86
2007-03-21,184.701
2007-03-22,186.472
2007-03-23,187.091
2007-03-26,186.862
2007-03-27,186.681
2007-03-28,186.487
2007-03-29,187.285
2007-03-30,186.358
2007-04-02,188.295
2007-04-03,190.508
2007-04-04,190.556
2007-04-05,190.915
2007-04-06,190.824
2007-04-09,191.011
2007-04-10,192.109
2007-04-11,191.686
2007-04-12,191.166
2007-04-13,191.09
2007-04-16,192.693
2007-04-17,193.377
2007-04-18,193.537
2007-04-19,192.651
2007-04-20,193.626
2007-04-23,193.681
2007-04-24,194.452
2007-04-25,195.756
2007-04-26,194.492
2007-04-27,193.6
2007-04-30,193.629
2007-05-01,193.592
2007-05-02,194.66
2007-05-03,194.925
2007-05-04,195.379
2007-05-07,196.961
2007-05-08,195.074
2007-05-09,195.34
2007-05-10,193.219
2007-05-11,194.852
2007-05-14,195.837
2007-05-15,196.338
2007-05-16,197.144
2007-05-17,196.389
2007-05-18,197.283
2007-05-21,197.187
2007-05-22,196.712
2007-05-23,197.164
2007-05-24,194.008
2007-05-25,193.615
2007-05-28,193.659
2007-05-29,194.38
2007-05-30,195.457
2007-05-31,197.54
2007-06-01,197.982
2007-06-04,197.529
2007-06-05,195.912
2007-06-06,192.726
2007-06-07,188.027
2007-06-08,187.669
2007-06-11,189.004
2007-06-12,186.997
2007-06-13,188.222
2007-06-14,189.983
2007-06-15,192.665
2007-06-18,191.888
2007-06-19,191.53
2007-06-20,189.592
2007-06-21,189.184
2007-06-22,187.545
2007-06-25,188.271
2007-06-26,187.795
2007-06-27,188.43
2007-06-28,189.363
2007-06-29,190.942
2007-07-02,192.861
2007-07-03,193.616
2007-07-04,193.623
2007-07-05,192.248
2007-07-06,192.183
2007-07-09,192.118
2007-07-10,190.728
2007-07-11,190.922
2007-07-12,193.262
2007-07-13,194.89
2007-07-16,193.943
2007-07-17,193.591
2007-07-18,193.356
2007-07-19,195.244
2007-07-20,193.66
2007-07-23,194.133
2007-07-24,190.34
2007-07-25,188.66
2007-07-26,185.213
2007-07-27,182.826
2007-07-30,182.654
2007-07-31,183.812
2007-08-01,184.766
2007-08-02,186.704
2007-08-03,183.281
2007-08-06,186.096
2007-08-07,187.865
2007-08-08,190.048
2007-08-09,187.316
2007-08-10,185.29
2007-08-13,186.369
2007-08-14,183.693
2007-08-15,181.854
2007-08-16,179.706
2007-08-17,183.109
2007-08-20,183.589
2007-08-21,183.877
2007-08-22,185.718
2007-08-23,186.491
2007-08-24,187.806
2007-08-27,185.4
2007-08-28,184.299
2007-08-29,186.123
2007-08-30,187.07
2007-08-31,188.748
2007-09-03,187.979
2007-09-04,188.916
2007-09-05,186.662
2007-09-06,188.096
2007-09-07,186.301
2007-09-10,186.834
2007-09-11,188.699
2007-09-12,189.991
2007-09-13,190.563
2007-09-14,190.74
2007-09-17,190.045
2007-09-18,192.327
2007-09-19,195.584
2007-09-20,195.446
2007-09-21,195.866
2007-09-24,196.086
2007-09-25,196.678
2007-09-26,198.264
2007-09-27,198.388
2007-09-28,197.932
2007-10-01,199.659
2007-10-02,198.384
2007-10-03,198.3
2007-10-04,199.026
2007-10-05,200.428
2007-10-08,199.229
2007-10-09,201.713
2007-10-10,201.256
2007-10-11,202.223
2007-10-12,202.327
2007-10-15,201.268
2007-10-16,201.259
2007-10-17,201.91
2007-10-18,202.746
2007-10-19,200.301
2007-10-22,199.37
2007-10-23,200.977
2007-10-24,201.298
2007-10-25,204.54
2007-10-26,206.218
2007-10-29,207.874
2007-10-30,208.296
2007-10-31,209.803
2007-11-01,207.552
2007-11-02,208.789
2007-11-05,210.195
2007-11-06,211.319
2007-11-07,210.49
2007-11-08,211.188
2007-11-09,210.66
2007-11-12,207.409
2007-11-13,207.169
2007-11-14,207.748
2007-11-15,207.511
2007-11-16,208.797
2007-11-19,208.503
2007-11-20,210.97
2007-11-21,209.125
2007-11-22,211.124
2007-11-23,210.785
2007-11-26,211.167
2007-11-27,210.876
2007-11-28,212.635
2007-11-29,213.607
2007-11-30,213.74
2007-12-03,214.581
2007-12-04,216.335
2007-12-05,218.437
2007-12-06,218.645
2007-12-07,219.159
2007-12-10,218.724
2007-12-11,216.658
2007-12-12,216.71
2007-12-13,214.943
2007-12-14,213.595
2007-12-17,211.411
2007-12-18,212.234
2007-12-19,211.126
2007-12-20,210.459
2007-12-21,212.03
2007-12-24,211.974
2007-12-25,211.899
2007-12-26,212.208
2007-12-27,212.729
2007-12-28,214.197
2007-12-31,213.005
2008-01-01,213.005
2008-01-02,211.966
2008-01-03,213.985
2008-01-04,213.475
2008-01-07,216.559
2008-01-08,215.702
2008-01-09,217.115
2008-01-10,217.047
2008-01-11,213.812
2008-01-14,213.681
2008-01-15,211.697
2008-01-16,208.604
2008-01-17,206.467
2008-01-18,204.663
2008-01-21,196.105
2008-01-22,191.348
2008-01-23,189.044
2008-01-24,193.417
2008-01-25,194.227
2008-01-28,194.925
2008-01-29,196.538
2008-01-30,195.51
2008-01-31,197.919
2008-02-01,200.092
2008-02-04,202.256
2008-02-05,196.638
2008-02-06,197.434
2008-02-07,195.1
2008-02-08,195.042
2008-02-11,195.773
2008-02-12,200.427
2008-02-13,200.502
2008-02-14,201.205
2008-02-15,199.699
2008-02-18,200.668
2008-02-19,201.378
2008-02-20,198.39
2008-02-21,197.343
2008-02-22,196.946
2008-02-25,197.765
2008-02-26,198.343
2008-02-27,199.434
2008-02-28,198.195
2008-02-29,195.826
2008-03-03,194.149
2008-03-04,194.927
2008-03-05,195.57
2008-03-06,195.78
2008-03-07,193.766
2008-03-10,194.4
2008-03-11,197.666
2008-03-12,197.757
2008-03-13,198.018
2008-03-14,196.754
2008-03-17,195.305
2008-03-18,198.686
2008-03-19,194.3
2008-03-20,191.963
2008-03-21,192.571
2008-03-24,191.857
2008-03-25,194.604
2008-03-26,195.416
2008-03-27,197.605
2008-03-28,195.878
2008-03-31,196.009
2008-04-01,198.523
2008-04-02,199.493
2008-04-03,200.373
2008-04-04,202.417
2008-04-07,201.691
2008-04-08,201.463
2008-04-09,200.918
2008-04-10,201.196
2008-04-11,200.59
2008-04-14,199.923
2008-04-15,200.494
2008-04-16,203.905
2008-04-17,203.933
2008-04-18,204.405
2008-04-21,203.947
2008-04-22,203.683
2008-04-23,204.616
2008-04-24,203.564
2008-04-25,204.321
2008-04-28,204.089
2008-04-29,202.815
2008-04-30,202.732
2008-05-01,202.581
2008-05-02,203.398
2008-05-05,202.664
2008-05-06,203.108
2008-05-07,201.788
2008-05-08,201.705
2008-05-09,201.177
2008-05-12,202.987
2008-05-13,202.709
2008-05-14,203.633
2008-05-15,203.526
2008-05-16,204.474
2008-05-19,207.441
2008-05-20,207.553
2008-05-21,208.487
2008-05-22,209.569
2008-05-23,206.046
2008-05-26,206.619
2008-05-27,206.973
2008-05-28,206.959
2008-05-29,208.458
2008-05-30,209.45
2008-06-02,207.245
2008-06-03,207.868
2008-06-04,207.688
2008-06-05,208.978
2008-06-06,207.033
2008-06-09,209.277
2008-06-10,206.234
2008-06-11,204.012
2008-06-12,201.863
2008-06-13,202.423
2008-06-16,202.32
2008-06-17,203.056
2008-06-18,203.144
2008-06-19,203.555
2008-06-20,200.74
2008-06-23,201.363
2008-06-24,199.761
2008-06-25,200.929
2008-06-26,199.038
2008-06-27,199.257
2008-06-30,202.694
2008-07-01,202.415
2008-07-02,202.303
2008-07-03,200.476
2008-07-04,199.059
2008-07-07,201.188
2008-07-08,200.17
2008-07-09,201.009
2008-07-10,199.579
2008-07-11,197.591
2008-07-14,196.373
2008-07-15,194.955
2008-07-16,193.803
2008-07-17,193.153
2008-07-18,193.37
2008-07-21,195.232
2008-07-22,196.425
2008-07-23,193.669
2008-07-24,192.137
2008-07-25,192.02
2008-07-28,191.582
2008-07-29,191.169
2008-07-30,193.394
2008-07-31,194.697
2008-08-01,190.82
2008-08-04,190.157
2008-08-05,190.481
2008-08-06,189.165
2008-08-07,189.529
2008-08-08,187.918
2008-08-11,188.634
2008-08-12,186.32
2008-08-13,186.501
2008-08-14,186.049
2008-08-15,184.83
2008-08-18,185.234
2008-08-19,184.807
2008-08-20,185.85
2008-08-21,187.528
2008-08-22,187.912
2008-08-25,186.785
2008-08-26,187.29
2008-08-27,188.674
2008-08-28,189.643
2008-08-29,188.845
2008-09-01,187.681
2008-09-02,185.679
2008-09-03,183.497
2008-09-04,180.021
2008-09-05,176.295
2008-09-08,178.405
2008-09-09,173.514
2008-09-10,172.368
2008-09-11,172.048
2008-09-12,176.268
2008-09-15,172.707
2008-09-16,170.249
2008-09-17,165.952
2008-09-18,166.677
2008-09-19,172.796
2008-09-22,171.159
2008-09-23,171.494
2008-09-24,171.513
2008-09-25,174.875
2008-09-26,173.603
2008-09-29,167.03
2008-09-30,166.394
2008-10-01,167.47
2008-10-02,163.852
2008-10-03,163.344
2008-10-06,153.49
2008-10-07,151.634
2008-10-08,146.167
2008-10-09,137.067
2008-10-10,126.716
2008-10-13,142.829
2008-10-14,145.256
2008-10-15,136.568
2008-10-16,134.831
2008-10-17,140.462
2008-10-20,149.018
2008-10-21,145.141
2008-10-22,136.837
2008-10-23,140.286
2008-10-24,136.187
2008-10-27,128.752
2008-10-28,136.077
2008-10-29,141.996
2008-10-30,145.488
2008-10-31,144.177
2008-11-03,146.265
2008-11-04,151.56
2008-11-05,149.887
2008-11-06,142.572
2008-11-07,146.767
2008-11-10,145.608
2008-11-11,142.2
2008-11-12,138.848
2008-11-13,142.574
2008-11-14,142.501
2008-11-17,141.27
2008-11-18,142.429
2008-11-19,139.734
2008-11-20,133.891
2008-11-21,136.231
2008-11-24,142.94
2008-11-25,145.243
2008-11-26,143.778
2008-11-27,143.698
2008-11-28,143.961
2008-12-01,135.82
2008-12-02,138.819
2008-12-03,140.768
2008-12-04,137.186
2008-12-05,135.931
2008-12-08,140.819
2008-12-09,139.501
2008-12-10,141.695
2008-12-11,143.136
2008-12-12,142.529
2008-12-15,143.508
2008-12-16,145.688
2008-12-17,148.107
2008-12-18,149.429
2008-12-19,146.518
2008-12-22,145.549
2008-12-23,145.14
2008-12-24,145.551
2008-12-25,145.445
2008-12-26,145.856
2008-12-29,148.068
2008-12-30,150.231
2008-12-31,150.411
2009-01-01,150.411
2009-01-02,153.196
2009-01-05,153.349
2009-01-06,150.212
2009-01-07,148.36
2009-01-08,149.545
2009-01-09,146.988
2009-01-12,145.694
2009-01-13,142.807
2009-01-14,140.236
2009-01-15,139.664
2009-01-16,142.038
2009-01-19,141.79
2009-01-20,139.074
2009-01-21,139.176
2009-01-22,139.009
2009-01-23,138.879
2009-01-26,143.136
2009-01-27,144.446
2009-01-28,144.776
2009-01-29,143.031
2009-01-30,141.205
2009-02-02,139.829
2009-02-03,142.079
2009-02-04,143.104
2009-02-05,142.923
2009-02-06,143.073
2009-02-09,142.412
2009-02-10,139.724
2009-02-11,138.597
2009-02-12,136.079
2009-02-13,135.759
2009-02-16,135.239
2009-02-17,131.229
2009-02-18,129.436
2009-02-19,131.035
2009-02-20,127.874
2009-02-23,126.857
2009-02-24,127.698
2009-02-25,125.732
2009-02-26,125.225
2009-02-27,124.544
2009-03-02,118.823
2009-03-03,115.546
2009-03-04,117.218
2009-03-05,115.43
2009-03-06,115.993
2009-03-09,113.432
2009-03-10,114.958
2009-03-11,113.519
2009-03-12,113.656
2009-03-13,115.038
2009-03-16,118.609
2009-03-17,119.194
2009-03-18,121.442
2009-03-19,124.789
2009-03-20,125.027
2009-03-23,128.53
2009-03-24,127.246
2009-03-25,128.911
2009-03-26,128.567
2009-03-27,125.622
2009-03-30,122.585
2009-03-31,124.02
2009-04-01,123.856
2009-04-02,126.575
2009-04-03,125.19
2009-04-06,125.167
2009-04-07,125.338
2009-04-08,126.248
2009-04-09,126.175
2009-04-10,126.056
2009-04-13,125.609
2009-04-14,125.142
2009-04-15,125.985
2009-04-16,126.708
2009-04-17,126.714
2009-04-20,123.951
2009-04-21,125.107
2009-04-22,124.743
2009-04-23,124.932
2009-04-24,126.794
2009-04-27,127.444
2009-04-28,126.827
2009-04-29,129.425
2009-04-30,129.966
2009-05-01,130.925
2009-05-04,133.56
2009-05-05,132.993
2009-05-06,132.774
2009-05-07,133.206
2009-05-08,135.884
2009-05-11,135.747
2009-05-12,136.756
2009-05-13,134.746
2009-05-14,134.365
2009-05-15,133.271
2009-05-18,133.163
2009-05-19,135.841
2009-05-20,136.976
2009-05-21,135.188
2009-05-22,136.592
2009-05-25,136.675
2009-05-26,138.99
2009-05-27,138.327
2009-05-28,138.558
2009-05-29,139.406
2009-06-01,142.472
2009-06-02,142.458
2009-06-03,139.446
2009-06-04,139.256
2009-06-05,138.145
2009-06-08,136.235
2009-06-09,137.545
2009-06-10,138.458
2009-06-11,140.29
2009-06-12,140.667
2009-06-15,137.672
2009-06-16,137.974
2009-06-17,136.785
2009-06-18,138.997
2009-06-19,139.872
2009-06-22,138.437
2009-06-23,138.59
2009-06-24,139.927
2009-06-25,140.099
2009-06-26,140.523
2009-06-29,141.872
2009-06-30,140.651
2009-07-01,142.579
2009-07-02,138.7
2009-07-03,138.202
2009-07-06,137.981
2009-07-07,136.181
2009-07-08,135.54
2009-07-09,136.56
2009-07-10,135.786
2009-07-13,137.465
2009-07-14,137.987
2009-07-15,140.958
2009-07-16,140.99
2009-07-17,140.784
2009-07-20,142.376
2009-07-21,143.624
2009-07-22,143.71
2009-07-23,145.834
2009-07-24,145.967
2009-07-27,146.359
2009-07-28,145.227
2009-07-29,144.868
2009-07-30,146.558
2009-07-31,145.916
2009-08-03,147.896
2009-08-04,147.481
2009-08-05,146.102
2009-08-06,145.544
2009-08-07,145.863
2009-08-10,145.451
2009-08-11,145.003
2009-08-12,147.049
2009-08-13,147.728
2009-08-14,147.228
2009-08-17,144.182
2009-08-18,145.338
2009-08-19,146.942
2009-08-20,148.332
2009-08-21,151.668
2009-08-24,152.376
2009-08-25,152.27
2009-08-26,151.54
2009-08-27,152.198
2009-08-28,153.029
2009-08-31,152.137
2009-09-01,149.912
2009-09-02,149.479
2009-09-03,149.415
2009-09-04,150.361
2009-09-07,151.347
2009-09-08,152.177
2009-09-09,153.254
2009-09-10,153.559
2009-09-11,153.993
2009-09-14,154.794
2009-09-15,155.481
2009-09-16,157.166
2009-09-17,157.465
2009-09-18,157.161
2009-09-21,156.325
2009-09-22,157.124
2009-09-23,156.454
2009-09-24,155.147
2009-09-25,154.66
2009-09-28,156.935
2009-09-29,155.914
2009-09-30,156.237
2009-10-01,153.62
2009-10-02,152.2
2009-10-05,153.406
2009-10-06,155.229
2009-10-07,154.356
2009-10-08,155.119
2009-10-09,154.678
2009-10-12,154.772
2009-10-13,153.584
2009-10-14,154.206
2009-10-15,154.242
2009-10-16,153.491
2009-10-19,155.266
2009-10-20,155.03
2009-10-21,155.761
2009-10-22,155.323
2009-10-23,153.17
2009-10-26,151.957
2009-10-27,151.156
2009-10-28,150.101
2009-10-29,151.184
2009-10-30,148.919
2009-11-02,149.137
2009-11-03,147.884
2009-11-04,149.812
2009-11-05,151.01
2009-11-06,150.481
2009-11-09,152.917
2009-11-10,153.195
2009-11-11,153.636
2009-11-12,151.942
2009-11-13,153.111
2009-11-16,155.312
2009-11-17,154.666
2009-11-18,155.495
2009-11-19,153.427
2009-11-20,153.217
2009-11-23,155.327
2009-11-24,155.416
2009-11-25,157.381
2009-11-26,155.495
2009-11-27,154.903
2009-11-30,155.391
2009-12-01,158.014
2009-12-02,158.92
2009-12-03,159.111
2009-12-04,158.212
2009-12-07,158.273
2009-12-08,157.299
2009-12-09,157.311
2009-12-10,158.447
2009-12-11,159.381
2009-12-14,160.299
2009-12-15,159.673
2009-12-16,160.66
2009-12-17,158.015
2009-12-18,158.009
2009-12-21,158.977
2009-12-22,158.652
2009-12-23,159.396
2009-12-24,159.942
2009-12-25,159.896
2009-12-28,160.758
2009-12-29,161.605
2009-12-30,160.446
2009-12-31,159.77
2010-01-01,159.77
2010-01-04,161.059
2010-01-05,160.71
2010-01-06,160.711
2010-01-07,159.614
2010-01-08,160.325
2010-01-11,162.418
2010-01-12,161.833
2010-01-13,162.044
2010-01-14,161.836
2010-01-15,159.973
2010-01-18,160.488
2010-01-19,161.405
2010-01-20,158.945
2010-01-21,157.454
2010-01-22,156.04
2010-01-25,155.829
2010-01-26,155.615
2010-01-27,154.883
2010-01-28,152.653
2010-01-29,151.831
2010-02-01,152.642
2010-02-02,153.936
2010-02-03,152.73
2010-02-04,149.347
2010-02-05,147.555
2010-02-08,147.678
2010-02-09,147.783
2010-02-10,148.044
2010-02-11,147.819
2010-02-12,148.019
2010-02-15,148.111
2010-02-16,150.295
2010-02-17,150.359
2010-02-18,150.552
2010-02-19,150.721
2010-02-22,151.181
2010-02-23,150.216
2010-02-24,150.449
2010-02-25,149.055
2010-02-26,149.824
2010-03-01,150.547
2010-03-02,151.782
2010-03-03,152.711
2010-03-04,151.93
2010-03-05,152.762
2010-03-08,153.241
2010-03-09,152.981
2010-03-10,153.594
2010-03-11,154.009
2010-03-12,153.779
2010-03-15,153.619
2010-03-16,155.001
2010-03-17,155.539
2010-03-18,154.338
2010-03-19,153.453
2010-03-22,152.908
2010-03-23,153.44
2010-03-24,151.373
2010-03-25,151.695
2010-03-26,151.826
2010-03-29,153.526
2010-03-30,153.916
2010-03-31,153.855
2010-04-01,155.205
2010-04-02,155.105
2010-04-05,155.039
2010-04-06,155.254
2010-04-07,154.59
2010-04-08,153.885
2010-04-09,155.934
2010-04-12,157.164
2010-04-13,156.296
2010-04-14,156.625
2010-04-15,156.606
2010-04-16,155.001
2010-04-19,154.513
2010-04-20,155.924
2010-04-21,155.085
2010-04-22,154.273
2010-04-23,154.662
2010-04-26,154.627
2010-04-27,151.978
2010-04-28,150.5
2010-04-29,151.148
2010-04-30,152.052
2010-05-03,152.68
2010-05-04,149.935
2010-05-05,148.113
2010-05-06,144.7
2010-05-07,141.816
2010-05-10,147.11
2010-05-11,146.376
2010-05-12,148.094
2010-05-13,147.198
2010-05-14,143.994
2010-05-17,143.637
2010-05-18,144.231
2010-05-19,142.413
2010-05-20,139.701
2010-05-21,140.228
2010-05-24,138.532
2010-05-25,136.909
2010-05-26,137.045
2010-05-27,139.812
2010-05-28,140.268
2010-05-31,139.93
2010-06-01,139.638
2010-06-02,140.489
2010-06-03,141.932
2010-06-04,138.268
2010-06-07,137.513
2010-06-08,137.831
2010-06-09,138.371
2010-06-10,141.088
2010-06-11,141.136
2010-06-14,143.052
2010-06-15,145.181
2010-06-16,146.161
2010-06-17,146.713
2010-06-18,147.132
2010-06-21,146.945
2010-06-22,144.704
2010-06-23,143.339
2010-06-24,142.782
2010-06-25,142.303
2010-06-28,143.152
2010-06-29,139.773
2010-06-30,139.279
2010-07-01,139.483
2010-07-02,140.29
2010-07-05,139.962
2010-07-06,142.451
2010-07-07,145.417
2010-07-08,146.351
2010-07-09,146.495
2010-07-12,146.265
2010-07-13,147.548
2010-07-14,147.821
2010-07-15,148.311
2010-07-16,146.228
2010-07-19,147.13
2010-07-20,147.526
2010-07-21,146.633
2010-07-22,149.203
2010-07-23,149.164
2010-07-26,150.176
2010-07-27,151.772
2010-07-28,151.647
2010-07-29,151.22
2010-07-30,150.277
2010-08-02,153.712
2010-08-03,154.118
2010-08-04,154.291
2010-08-05,154.545
2010-08-06,154.528
2010-08-09,155.422
2010-08-10,154.427
2010-08-11,151.319
2010-08-12,151.079
2010-08-13,150.591
2010-08-16,151.03
2010-08-17,152.604
2010-08-18,152.204
2010-08-19,150.35
2010-08-20,149.025
2010-08-23,149.787
2010-08-24,149.73
2010-08-25,148.85
2010-08-26,149.159
2010-08-27,151.069
2010-08-30,150.312
2010-08-31,150.442
2010-09-01,153.512
2010-09-02,153.607
2010-09-03,154.518
2010-09-06,155.617
2010-09-07,154.563
2010-09-08,154.967
2010-09-09,155.791
2010-09-10,154.941
2010-09-13,155.921
2010-09-14,155.786
2010-09-15,154.865
2010-09-16,154.018
2010-09-17,152.844
2010-09-20,154.392
2010-09-21,154.329
2010-09-22,155.328
2010-09-23,154.285
2010-09-24,156.089
2010-09-27,156.298
2010-09-28,156.87
2010-09-29,155.938
2010-09-30,155.277
2010-10-01,156.017
2010-10-04,154.779
2010-10-05,156.977
2010-10-06,156.873
2010-10-07,157.855
2010-10-08,157.838
2010-10-11,158.04
2010-10-12,156.383
2010-10-13,157.965
2010-10-14,158.813
2010-10-15,158.775
2010-10-18,159.886
2010-10-19,158.814
2010-10-20,160.252
2010-10-21,160.618
2010-10-22,159.6
2010-10-25,159.734
2010-10-26,159.335
2010-10-27,157.908
2010-10-28,159.52
2010-10-29,161.071
2010-11-01,160.21
2010-11-02,161.729
2010-11-03,160.764
2010-11-04,163.308
2010-11-05,162.211
2010-11-08,160.85
2010-11-09,160.935
2010-11-10,159.595
2010-11-11,159.167
2010-11-12,158.883
2010-11-15,158.89
2010-11-16,156.47
2010-11-17,156.805
2010-11-18,158.196
2010-11-19,158.136
2010-11-22,157.818
2010-11-23,155.287
2010-11-24,155.183
2010-11-25,154.899
2010-11-26,153.332
2010-11-29,151.55
2010-11-30,150.999
2010-12-01,152.498
2010-12-02,153.769
2010-12-03,155.107
2010-12-06,154.371
2010-12-07,154.825
2010-12-08,154.045
2010-12-09,154.651
2010-12-10,155.183
2010-12-13,156.649
2010-12-14,157.037
2010-12-15,155.598
2010-12-16,155.754
2010-12-17,155.299
2010-12-20,156.363
2010-12-21,157.155
2010-12-22,157.631
2010-12-23,157.589
2010-12-24,157.82
2010-12-27,157.231
2010-12-28,157.473
2010-12-29,157.927
2010-12-30,157.75
2010-12-31,158.188
2011-01-03,158.417
2011-01-04,159.032
2011-01-05,157.529
2011-01-06,157.05
2011-01-07,156.92
2011-01-10,155.478
2011-01-11,155.482
2011-01-12,157.524
2011-01-13,159.44
2011-01-14,159.999
2011-01-17,159.898
2011-01-18,161.716
2011-01-19,162.102
2011-01-20,162.632
2011-01-21,163.739
2011-01-24,164.791
2011-01-25,164.092
2011-01-26,163.39
2011-01-27,163.946
2011-01-28,162.126
2011-01-31,162.895
2011-02-01,165.44
2011-02-02,164.968
2011-02-03,164.236
2011-02-04,163.706
2011-02-07,164.611
2011-02-08,164.864
2011-02-09,165.52
2011-02-10,164.95
2011-02-11,164.949
2011-02-14,164.112
2011-02-15,164.399
2011-02-16,164.473
2011-02-17,165.917
2011-02-18,166.251
2011-02-21,165.705
2011-02-22,165.046
2011-02-23,164.606
2011-02-24,164.276
2011-02-25,164.937
2011-02-28,166.382
2011-03-01,165.125
2011-03-02,164.876
2011-03-03,165.607
2011-03-04,164.915
2011-03-07,165.181
2011-03-08,165.35
2011-03-09,166.401
2011-03-10,164.487
2011-03-11,164.538
2011-03-14,160.761
2011-03-15,155.334
2011-03-16,153.592
2011-03-17,155.688
2011-03-18,156.691
2011-03-21,158.782
2011-03-22,160.097
2011-03-23,159.606
2011-03-24,160.002
2011-03-25,159.534
2011-03-28,158.737
2011-03-29,158.862
2011-03-30,160.349
2011-03-31,160.014
2011-04-01,160.106
2011-04-04,160.828
2011-04-05,159.866
2011-04-06,160.589
2011-04-07,160.29
2011-04-08,161.798
2011-04-11,161.655
2011-04-12,160.664
2011-04-13,161.386
2011-04-14,161.115
2011-04-15,161.611
2011-04-18,158.661
2011-04-19,159.115
2011-04-20,162.105
2011-04-21,162.643
2011-04-22,162.369
2011-04-25,162.169
2011-04-26,163.384
2011-04-27,164.192
2011-04-28,166.987
2011-04-29,167.334
2011-05-02,168.014
2011-05-03,167.992
2011-05-04,166.889
2011-05-05,165.194
2011-05-06,165.272
2011-05-09,163.185
2011-05-10,165.295
2011-05-11,165.287
2011-05-12,164.529
2011-05-13,163.479
2011-05-16,162.689
2011-05-17,161.954
2011-05-18,162.315
2011-05-19,162.481
2011-05-20,161.213
2011-05-23,158.496
2011-05-24,159.271
2011-05-25,159.432
2011-05-26,159.643
2011-05-27,160.623
2011-05-30,160.411
2011-05-31,162.168
2011-06-01,160.763
2011-06-02,159.96
2011-06-03,159.217
2011-06-06,157.393
2011-06-07,159.007
2011-06-08,158.42
2011-06-09,158.878
2011-06-10,156.576
2011-06-13,157.084
2011-06-14,159.488
2011-06-15,157.353
2011-06-16,156.77
2011-06-17,158.457
2011-06-20,158.616
2011-06-21,160.281
2011-06-22,160.061
2011-06-23,156.724
2011-06-24,157.119
2011-06-27,157.948
2011-06-28,159.093
2011-06-29,160.972
2011-06-30,162.915
2011-07-01,164.248
2011-07-04,164.857
2011-07-05,163.666
2011-07-06,162.468
2011-07-07,162.732
2011-07-08,161.358
2011-07-11,158.347
2011-07-12,157.975
2011-07-13,159.474
2011-07-14,158.46
2011-07-15,158.063
2011-07-18,156.372
2011-07-19,158.12
2011-07-20,160.008
2011-07-21,163.084
2011-07-22,163.067
2011-07-25,162.547
2011-07-26,162.83
2011-07-27,160.543
2011-07-28,159.908
2011-07-29,158.487
2011-08-01,156.471
2011-08-02,154.772
2011-08-03,154.667
2011-08-04,149.547
2011-08-05,148.855
2011-08-08,142.794
2011-08-09,144.141
2011-08-10,141.447
2011-08-11,146.391
2011-08-12,147.919
2011-08-15,151.576
2011-08-16,149.806
2011-08-17,151.459
2011-08-18,147.41
2011-08-19,147.05
2011-08-22,148.243
2011-08-23,150.14
2011-08-24,152.575
2011-08-25,149.594
2011-08-26,149.534
2011-08-29,153.116
2011-08-30,152.327
2011-08-31,154.207
2011-09-01,152.809
2011-09-02,150.545
2011-09-05,148.131
2011-09-06,147.476
2011-09-07,149.933
2011-09-08,150.283
2011-09-09,145.925
2011-09-12,144.565
2011-09-13,145.988
2011-09-14,148.007
2011-09-15,151.312
2011-09-16,152.047
2011-09-19,150.099
2011-09-20,152.663
2011-09-21,150.471
2011-09-22,145.926
2011-09-23,146.872
2011-09-26,148.725
2011-09-27,152.181
2011-09-28,151.416
2011-09-29,153.111
2011-09-30,150.926
2011-10-03,148.363
2011-10-04,146.739
2011-10-05,147.777
2011-10-06,150.829
2011-10-07,152.136
2011-10-10,154.747
2011-10-11,153.308
2011-10-12,154.18
2011-10-13,153.052
2011-10-14,154.39
2011-10-17,153.264
2011-10-18,152.531
2011-10-19,153.906
2011-10-20,152.767
2011-10-21,156.282
2011-10-24,156.396
2011-10-25,154.683
2011-10-26,154.675
2011-10-27,159.331
2011-10-28,158.107
2011-10-31,154.967
2011-11-01,150.407
2011-11-02,152.416
2011-11-03,154.501
2011-11-04,152.77
2011-11-07,153.956
2011-11-08,154.141
2011-11-09,150.867
2011-11-10,151.605
2011-11-11,154.889
2011-11-14,152.669
2011-11-15,151.813
2011-11-16,150.805
2011-11-17,150.393
2011-11-18,150.826
2011-11-21,147.836
2011-11-22,147.222
2011-11-23,144.906
2011-11-24,144.181
2011-11-25,144.775
2011-11-28,147.824
2011-11-29,148.998
2011-11-30,153.553
2011-12-01,153.458
2011-12-02,151.928
2011-12-05,153.315
2011-12-06,151.868
2011-12-07,151.792
2011-12-08,149.504
2011-12-09,151.432
2011-12-12,149.079
2011-12-13,148.524
2011-12-14,146.498
2011-12-15,148.205
2011-12-16,148.142
2011-12-19,147.091
2011-12-20,149.632
2011-12-21,149.923
2011-12-22,151.051
2011-12-23,152.215
2011-12-26,151.945
2011-12-27,152.726
2011-12-28,151.001
2011-12-29,152.329
2011-12-30,152.995
2012-01-02,154.185
2012-01-03,153.636
2012-01-04,152.429
2012-01-05,150.682
2012-01-06,149.8
2012-01-09,149.951
2012-01-10,151.537
2012-01-11,150.005
2012-01-12,150.065
2012-01-13,149.02
2012-01-16,149.216
2012-01-17,150.427
2012-01-18,149.919
2012-01-19,149.096
2012-01-20,149.225
2012-01-23,149.036
2012-01-24,148.734
2012-01-25,149.669
2012-01-26,151.919
2012-01-27,150.819
2012-01-30,150.09
2012-01-31,150.815
2012-02-01,152.401
2012-02-02,151.626
2012-02-03,152.559
2012-02-06,152.188
2012-02-07,153.898
2012-02-08,153.968
2012-02-09,153.586
2012-02-10,152.721
2012-02-13,152.858
2012-02-14,152.878
2012-02-15,152.412
2012-02-16,153.17
2012-02-17,153.792
2012-02-20,154.686
2012-02-21,154.148
2012-02-22,153.595
2012-02-23,153.442
2012-02-24,154.374
2012-02-27,153.928
2012-02-28,154.021
2012-02-29,154.37
2012-03-01,155.311
2012-03-02,155.305
2012-03-05,155.429
2012-03-06,153.861
2012-03-07,153.678
2012-03-08,154.788
2012-03-09,154.535
2012-03-12,154.945
2012-03-13,155.98
2012-03-14,155.025
2012-03-15,155.326
2012-03-16,155.799
2012-03-19,155.12
2012-03-20,154.793
2012-03-21,154.476
2012-03-22,154.483
2012-03-23,154.566
2012-03-26,155.57
2012-03-27,156.119
2012-03-28,154.583
2012-03-29,154.405
2012-03-30,155.442
2012-04-02,156.131
2012-04-03,155.683
2012-04-04,153.289
2012-04-05,152.686
2012-04-06,152.796
2012-04-09,152.318
2012-04-10,150.721
2012-04-11,151.269
2012-04-12,151.677
2012-04-13,150.309
2012-04-16,151.561
2012-04-17,153.281
2012-04-18,152.193
2012-04-19,151.512
2012-04-20,153.077
2012-04-23,150.987
2012-04-24,152.69
2012-04-25,153.171
2012-04-26,153.523
2012-04-27,154.364
2012-04-30,154.069
2012-05-01,154.493
2012-05-02,153.11
2012-05-03,152.744
2012-05-04,152.402
2012-05-07,152.352
2012-05-08,151.911
2012-05-09,151.006
2012-05-10,152.726
2012-05-11,152.766
2012-05-14,151.591
2012-05-15,149.795
2012-05-16,148.905
2012-05-17,148.116
2012-05-18,148.135
2012-05-21,148.263
2012-05-22,149.186
2012-05-23,147.009
2012-05-24,148.187
2012-05-25,148.567
2012-05-28,147.953
2012-05-29,147.914
2012-05-30,146.334
2012-05-31,146.914
2012-06-01,145.973
2012-06-04,146.855
2012-06-05,146.944
2012-06-06,148.666
2012-06-07,149.259
2012-06-08,149.656
2012-06-11,149.561
2012-06-12,149.84
2012-06-13,150.317
2012-06-14,151.18
2012-06-15,152.378
2012-06-18,152.161
2012-06-19,152.969
2012-06-20,152.994
2012-06-21,151.512
2012-06-22,151.359
2012-06-25,150.147
2012-06-26,150.767
2012-06-27,152.729
2012-06-28,153.247
2012-06-29,155.952
2012-07-02,156.642
2012-07-03,156.55
2012-07-04,156.088
2012-07-05,154.587
2012-07-06,154.008
2012-07-09,153.7
2012-07-10,153.898
2012-07-11,154.741
2012-07-12,153.674
2012-07-13,155.309
2012-07-16,155.297
2012-07-17,154.674
2012-07-18,155.023
2012-07-19,155.188
2012-07-20,153.066
2012-07-23,150.795
2012-07-24,148.851
2012-07-25,148.398
2012-07-26,152.062
2012-07-27,153.878
2012-07-30,154.213
2012-07-31,153.644
2012-08-01,152.694
2012-08-02,150.905
2012-08-03,154.007
2012-08-06,154.629
2012-08-07,155.253
2012-08-08,155.067
2012-08-09,154.784
2012-08-10,154.751
2012-08-13,154.667
2012-08-14,155.333
2012-08-15,154.69
2012-08-16,155.419
2012-08-17,155.381
2012-08-20,155.572
2012-08-21,155.424
2012-08-22,154.741
2012-08-23,153.84
2012-08-24,154.385
2012-08-27,154.699
2012-08-28,153.965
2012-08-29,153.614
2012-08-30,152.915
2012-08-31,153.545
2012-09-03,153.703
2012-09-04,153.48
2012-09-05,153.157
2012-09-06,155.161
2012-09-07,156.424
2012-09-10,156.005
2012-09-11,156.194
2012-09-12,156.367
2012-09-13,157.831
2012-09-14,158.606
2012-09-17,157.702
2012-09-18,157.063
2012-09-19,157.846
2012-09-20,157.405
2012-09-21,158.211
2012-09-24,158.835
2012-09-25,158.791
2012-09-26,157.533
2012-09-27,157.606
2012-09-28,157.065
2012-10-01,157.786
2012-10-02,158.314
2012-10-03,159.002
2012-10-04,159.313
2012-10-05,159.818
2012-10-08,159.038
2012-10-09,157.711
2012-10-10,157.425
2012-10-11,158.072
2012-10-12,157.519
2012-10-15,158.101
2012-10-16,159.55
2012-10-17,161.54
2012-10-18,161.902
2012-10-19,160.851
2012-10-22,160.128
2012-10-23,157.543
2012-10-24,156.915
2012-10-25,157.448
2012-10-26,157.281
2012-10-29,156.976
2012-10-30,157.408
2012-10-31,158.194
2012-11-01,157.583
2012-11-02,156.504
2012-11-05,154.349
2012-11-06,154.891
2012-11-07,152.461
2012-11-08,151.639
2012-11-09,150.408
2012-11-12,149.55
2012-11-13,149.063
2012-11-14,148.395
2012-11-15,147.996
2012-11-16,148.096
2012-11-19,149.976
2012-11-20,149.604
2012-11-21,149.792
2012-11-22,150.126
2012-11-23,150.563
2012-11-26,151.756
2012-11-27,151.555
2012-11-28,151.528
2012-11-29,153.243
2012-11-30,153.746
2012-12-03,153.3
2012-12-04,153.179
2012-12-05,154.491
2012-12-06,153.673
2012-12-07,153.66
2012-12-10,153.477
2012-12-11,154.658
2012-12-12,154.87
2012-12-13,154.426
2012-12-14,154.373
2012-12-17,156.771
2012-12-18,157.767
2012-12-19,157.487
2012-12-20,157.888
2012-12-21,157.238
2012-12-24,157.026
2012-12-25,157.154
2012-12-26,156.308
2012-12-27,156.12
2012-12-28,154.765
2012-12-31,155.784
2013-01-01,155.784
2013-01-02,158.46
2013-01-03,157.805
2013-01-04,158.722
2013-01-07,156.95
2013-01-08,156.662
2013-01-09,156.695
2013-01-10,157.275
2013-01-11,157.514
2013-01-14,157.121
2013-01-15,157.649
2013-01-16,156.756
2013-01-17,157.331
2013-01-18,157.436
2013-01-21,157.929
2013-01-22,158.288
2013-01-23,157.647
2013-01-24,158.005
2013-01-25,158.824
2013-01-28,158.334
2013-01-29,159.858
2013-01-30,159.648
2013-01-31,159.582
2013-02-01,159.551
2013-02-04,157.594
2013-02-05,157.671
2013-02-06,157.825
2013-02-07,157.346
2013-02-08,157.767
2013-02-11,157.958
2013-02-12,158.996
2013-02-13,158.529
2013-02-14,157.105
2013-02-15,157.341
2013-02-18,157.718
2013-02-19,158.951
2013-02-20,158.813
2013-02-21,156.919
2013-02-22,158.622
2013-02-25,157.768
2013-02-26,156.661
2013-02-27,158.125
2013-02-28,158.889
2013-03-01,158.414
2013-03-04,159.991
2013-03-05,161.093
2013-03-06,160.717
2013-03-07,160.564
2013-03-08,160.764
2013-03-11,160.976
2013-03-12,160.217
2013-03-13,160.025
2013-03-14,161.113
2013-03-15,162.05
2013-03-18,160.834
2013-03-19,161.306
2013-03-20,162.374
2013-03-21,162.752
2013-03-22,163.636
2013-03-25,162.334
2013-03-26,163.238
2013-03-27,163.213
2013-03-28,165.071
2013-03-29,165.324
2013-04-01,165.062
2013-04-02,165.919
2013-04-03,165.748
2013-04-04,166.192
2013-04-05,167.224
2013-04-08,167.699
2013-04-09,167.833
2013-04-10,170.582
2013-04-11,171.611
2013-04-12,172.765
2013-04-15,172.142
2013-04-16,172.037
2013-04-17,170.551
2013-04-18,170.363
2013-04-19,172.038
2013-04-22,172.319
2013-04-23,173.636
2013-04-24,174.306
2013-04-25,174.808
2013-04-26,174.739
2013-04-29,176.494
2013-04-30,177.352
2013-05-01,176.653
2013-05-02,176.006
2013-05-03,176.836
2013-05-06,175.065
2013-05-07,176.267
2013-05-08,176.387
2013-05-09,174.127
2013-05-10,173.827
2013-05-13,173.535
2013-05-14,175.026
2013-05-15,175.303
2013-05-16,174.922
2013-05-17,175.328
2013-05-20,176.639
2013-05-21,176.749
2013-05-22,174.354
2013-05-23,171.942
2013-05-24,171.719
2013-05-27,171.238
2013-05-28,169.988
2013-05-29,168.848
2013-05-30,168.282
2013-05-31,166.625
2013-06-03,166.679
2013-06-04,166.813
2013-06-05,164.307
2013-06-06,165.101
2013-06-07,166.547
2013-06-10,166.431
2013-06-11,165.605
2013-06-12,165.427
2013-06-13,166.808
2013-06-14,167.531
2013-06-17,169.023
2013-06-18,169.957
2013-06-19,167.75
2013-06-20,161.926
2013-06-21,162.154
2013-06-24,161.21
2013-06-25,161.77
2013-06-26,163.805
2013-06-27,164.775
2013-06-28,165.111
2013-07-01,163.908
2013-07-02,164.184
2013-07-03,163.084
2013-07-04,164.099
2013-07-05,162.937
2013-07-08,164.688
2013-07-09,165.898
2013-07-10,166.663
2013-07-11,169.472
2013-07-12,168.754
2013-07-15,170.293
2013-07-16,170.539
2013-07-17,170.362
2013-07-18,171.613
2013-07-19,171.97
2013-07-22,172.419
2013-07-23,172.827
2013-07-24,171.889
2013-07-25,171.9
2013-07-26,172.509
2013-07-29,171.742
2013-07-30,173.11
2013-07-31,172.007
2013-08-01,173.926
2013-08-02,174.697
2013-08-05,173.531
2013-08-06,172.978
2013-08-07,173.397
2013-08-08,174.269
2013-08-09,173.393
2013-08-12,172.367
2013-08-13,171.92
2013-08-14,171.451
2013-08-15,169.554
2013-08-16,168.953
2013-08-19,167.792
2013-08-20,168.152
2013-08-21,166.36
2013-08-22,166.751
2013-08-23,167.869
2013-08-26,166.658
2013-08-27,166.224
2013-08-28,166.297
2013-08-29,165.272
2013-08-30,164.568
2013-09-02,165.353
2013-09-03,164.73
2013-09-04,164.674
2013-09-05,164.573
2013-09-06,166.177
2013-09-09,166.819
2013-09-10,167.947
2013-09-11,168.533
2013-09-12,168.616
2013-09-13,169.168
2013-09-16,170.152
2013-09-17,170.662
2013-09-18,173.242
2013-09-19,174.307
2013-09-20,172.598
2013-09-23,173.314
2013-09-24,173.52
2013-09-25,172.621
2013-09-26,172.735
2013-09-27,172.563
2013-09-30,172.113
2013-10-01,172.832
2013-10-02,173.452
2013-10-03,172.002
2013-10-04,172.244
2013-10-07,171.752
2013-10-08,172.452
2013-10-09,172.924
2013-10-10,175.003
2013-10-11,175.39
2013-10-14,175.296
2013-10-15,174.228
2013-10-16,175.165
2013-10-17,177.386
2013-10-18,177.801
2013-10-21,177.484
2013-10-22,178.767
2013-10-23,178.072
2013-10-24,178.087
2013-10-25,178.784
2013-10-28,178.8
2013-10-29,179.342
2013-10-30,178.651
2013-10-31,177.552
2013-11-01,177.062
2013-11-04,177.579
2013-11-05,176.774
2013-11-06,178.623
2013-11-07,176.297
2013-11-08,176.143
2013-11-11,176.433
2013-11-12,175.825
2013-11-13,176.275
2013-11-14,177.041
2013-11-15,177.607
2013-11-18,178.486
2013-11-19,177.268
2013-11-20,175.671
2013-11-21,176.122
2013-11-22,176.329
2013-11-25,176.038
2013-11-26,174.839
2013-11-27,174.579
2013-11-28,174.965
2013-11-29,174.764
2013-12-02,173.713
2013-12-03,173.393
2013-12-04,172.878
2013-12-05,171.902
2013-12-06,173.35
2013-12-09,173.19
2013-12-10,172.26
2013-12-11,171.039
2013-12-12,170.68
2013-12-13,170.23
2013-12-16,171.424
2013-12-17,170.687
2013-12-18,172.626
2013-12-19,172.365
2013-12-20,173.028
2013-12-23,173.274
2013-12-24,173.65
2013-12-25,173.581
2013-12-26,173.515
2013-12-27,174.626
2013-12-30,175.183
2013-12-31,175.43
2014-01-01,175.43
2014-01-02,172.738
2014-01-03,172.703
2014-01-06,172.614
2014-01-07,173.207
2014-01-08,172.574
2014-01-09,172.825
2014-01-10,174.959
2014-01-13,173.952
2014-01-14,174.236
2014-01-15,173.985
2014-01-16,174.656
2014-01-17,174.88
2014-01-20,175.105
2014-01-21,175.933
2014-01-22,176.834
2014-01-23,176.794
2014-01-24,174.608
2014-01-27,173.981
2014-01-28,174.229
2014-01-29,174.04
2014-01-30,175.226
2014-01-31,175.882
2014-02-03,174.534
2014-02-04,173.077
2014-02-05,172.853
2014-02-06,174.904
2014-02-07,176.767
2014-02-10,177.425
2014-02-11,179.125
2014-02-12,179.453
2014-02-13,180.925
2014-02-14,182.343
2014-02-17,182.695
2014-02-18,183.176
2014-02-19,183.088
2014-02-20,184.133
2014-02-21,185.12
2014-02-24,185.256
2014-02-25,185.234
2014-02-26,183.931
2014-02-27,184.383
2014-02-28,185.433
2014-03-03,183.369
2014-03-04,185.371
2014-03-05,185.113
2014-03-06,184.853
2014-03-07,184.849
2014-03-10,184.675
2014-03-11,184.913
2014-03-12,186.037
2014-03-13,186.668
2014-03-14,186.33
2014-03-17,187.66
2014-03-18,188.147
2014-03-19,186.512
2014-03-20,185.515
2014-03-21,186.283
2014-03-24,186.109
2014-03-25,187.051
2014-03-26,187.051
2014-03-27,188.212
2014-03-28,189.351
2014-03-31,190.24
2014-04-01,189.732
2014-04-02,188.865
2014-04-03,188.867
2014-04-04,189.578
2014-04-07,189.335
2014-04-08,190.716
2014-04-09,190.792
2014-04-10,189.895
2014-04-11,189.169
2014-04-14,189.671
2014-04-15,190.818
2014-04-16,192.806
2014-04-17,191.861
2014-04-18,191.929
2014-04-21,191.677
2014-04-22,192.38
2014-04-23,192.056
2014-04-24,192.436
2014-04-25,193.004
2014-04-28,193.73
2014-04-29,194.07
2014-04-30,194.292
2014-05-01,195.025
2014-05-02,192.929
2014-05-05,193.69
2014-05-06,193.574
2014-05-07,195.36
2014-05-08,195.076
2014-05-09,193.289
2014-05-12,192.836
2014-05-13,192.721
2014-05-14,193.271
2014-05-15,192.306
2014-05-16,192.798
2014-05-19,191.696
2014-05-20,191.952
2014-05-21,192.428
2014-05-22,192.981
2014-05-23,193.241
2014-05-26,194.207
2014-05-27,194.65
2014-05-28,195.221
2014-05-29,195.351
2014-05-30,196.777
2014-06-02,196.986
2014-06-03,196.996
2014-06-04,196.675
2014-06-05,198.07
2014-06-06,198.331
2014-06-09,197.615
2014-06-10,197.379
2014-06-11,195.671
2014-06-12,196.161
2014-06-13,197.085
2014-06-16,197.774
2014-06-17,197.782
2014-06-18,200.446
2014-06-19,202.548
2014-06-20,201.374
2014-06-23,200.934
2014-06-24,201.454
2014-06-25,201.177
2014-06-26,201.885
2014-06-27,202.513
2014-06-30,203.628
2014-07-01,203.191
2014-07-02,201.492
2014-07-03,200.323
2014-07-04,199.841
2014-07-07,199.758
2014-07-08,199.911
2014-07-09,199.324
2014-07-10,198.913
2014-07-11,198.57
2014-07-14,197.81
2014-07-15,198.192
2014-07-16,199.391
2014-07-17,197.215
2014-07-18,198.628
2014-07-21,198.574
2014-07-22,199.394
2014-07-23,199.197
2014-07-24,199.968
2014-07-25,198.456
2014-07-28,200.043
2014-07-29,199.178
2014-07-30,196.554
2014-07-31,193.998
2014-08-01,193.21
2014-08-04,192.765
2014-08-05,191.043
2014-08-06,188.832
2014-08-07,189.129
2014-08-08,190.777
2014-08-11,191.277
2014-08-12,191.036
2014-08-13,192.35
2014-08-14,193.737
2014-08-15,194.194
2014-08-18,194.481
2014-08-19,195.683
2014-08-20,196.195
2014-08-21,196.803
2014-08-22,195.668
2014-08-25,196.897
2014-08-26,196.105
2014-08-27,197.077
2014-08-28,197.137
2014-08-29,197.966
2014-09-01,198.275
2014-09-02,196.947
2014-09-03,198.558
2014-09-04,198.584
2014-09-05,200.039
2014-09-08,198.603
2014-09-09,196.437
2014-09-10,196.042
2014-09-11,197.222
2014-09-12,195.024
2014-09-15,194.992
2014-09-16,195.885
2014-09-17,195.896
2014-09-18,195.357
2014-09-19,195.837
2014-09-22,195.009
2014-09-23,193.819
2014-09-24,193.859
2014-09-25,192.668
2014-09-26,192.908
2014-09-29,193.03
2014-09-30,193.514
2014-10-01,193.268
2014-10-02,191.246
2014-10-03,191.72
2014-10-06,192.045
2014-10-07,191.628
2014-10-08,193.798
2014-10-09,192.18
2014-10-10,191.008
2014-10-13,191.3
2014-10-14,191.858
2014-10-15,189.02
2014-10-16,188.332
2014-10-17,190.426
2014-10-20,192.104
2014-10-21,193.245
2014-10-22,194.355
2014-10-23,194.962
2014-10-24,195.977
2014-10-27,196.211
2014-10-28,198.585
2014-10-29,198.074
2014-10-30,199.962
2014-10-31,201.089
2014-11-03,199.763
2014-11-04,199.399
2014-11-05,202.754
2014-11-06,200.159
2014-11-07,200.842
2014-11-10,202.211
2014-11-11,202.28
2014-11-12,198.981
2014-11-13,198.021
2014-11-14,197.544
2014-11-17,198.625
2014-11-18,200.147
2014-11-19,200.253
2014-11-20,199.052
2014-11-21,200.25
2014-11-24,199.377
2014-11-25,200.045
2014-11-26,201.422
2014-11-27,201.3
2014-11-28,202.307
2014-12-01,202.586
2014-12-02,203.185
2014-12-03,202.78
2014-12-04,202.446
2014-12-05,202.136
2014-12-08,202.385
2014-12-09,201.761
2014-12-10,200.078
2014-12-11,200.418
2014-12-12,198.327
2014-12-15,195.033
2014-12-16,196.695
2014-12-17,198.199
2014-12-18,201.783
2014-12-19,201.739
2014-12-22,202.26
2014-12-23,202.733
2014-12-24,205.023
2014-12-25,204.869
2014-12-26,206.406
2014-12-29,207.962
2014-12-30,204.36
2014-12-31,202.21
2015-01-01,202.21
2015-01-02,202.0
2015-01-05,198.069
2015-01-06,197.331
2015-01-07,197.931
2015-01-08,200.387
2015-01-09,198.908
2015-01-12,198.129
2015-01-13,199.143
2015-01-14,199.01
2015-01-15,200.386
2015-01-16,201.729
2015-01-19,202.816
2015-01-20,203.313
2015-01-21,204.581
2015-01-22,204.462
2015-01-23,204.796
2015-01-26,205.146
2015-01-27,206.779
2015-01-28,206.159
2015-01-29,207.814
2015-01-30,204.468
2015-02-02,205.063
2015-02-03,205.717
2015-02-04,204.172
2015-02-05,204.588
2015-02-06,199.139
2015-02-09,196.919
2015-02-10,199.721
2015-02-11,197.05
2015-02-12,197.384
2015-02-13,195.538
2015-02-16,194.916
2015-02-17,195.174
2015-02-18,197.597
2015-02-19,196.684
2015-02-20,196.703
2015-02-23,197.809
2015-02-24,199.636
2015-02-25,198.273
2015-02-26,196.445
2015-02-27,196.937
2015-03-02,194.181
2015-03-03,194.205
2015-03-04,192.716
2015-03-05,193.935
2015-03-06,188.835
2015-03-09,188.495
2015-03-10,186.711
2015-03-11,186.057
2015-03-12,187.891
2015-03-13,186.042
2015-03-16,188.232
2015-03-17,188.616
2015-03-18,192.218
2015-03-19,191.576
2015-03-20,194.456
2015-03-23,195.104
2015-03-24,193.974
2015-03-25,193.231
2015-03-26,191.178
2015-03-27,191.926
2015-03-30,192.824
2015-03-31,191.849
2015-04-01,192.241
2015-04-02,193.057
2015-04-03,193.034
2015-04-06,195.249
2015-04-07,194.773
2015-04-08,194.247
2015-04-09,193.901
2015-04-10,194.628
2015-04-13,193.384
2015-04-14,194.82
2015-04-15,194.754
2015-04-16,194.498
2015-04-17,193.758
2015-04-20,195.183
2015-04-21,194.483
2015-04-22,194.283
2015-04-23,195.319
2015-04-24,198.163
2015-04-27,197.274
2015-04-28,198.559
2015-04-29,197.56
2015-04-30,195.588
2015-05-01,195.602
2015-05-04,196.422
2015-05-05,192.808
2015-05-06,192.998
2015-05-07,193.215
2015-05-08,196.443
2015-05-11,195.749
2015-05-12,195.517
2015-05-13,195.044
2015-05-14,196.659
2015-05-15,198.362
2015-05-18,198.392
2015-05-19,198.284
2015-05-20,199.051
2015-05-21,199.335
2015-05-22,198.481
2015-05-25,198.22
2015-05-26,195.865
2015-05-27,197.263
2015-05-28,197.566
2015-05-29,197.082
2015-06-01,196.915
2015-06-02,196.413
2015-06-03,195.411
2015-06-04,193.623
2015-06-05,190.474
2015-06-08,189.497
2015-06-09,189.22
2015-06-10,191.227
2015-06-11,191.861
2015-06-12,190.389
2015-06-15,189.008
2015-06-16,189.877
2015-06-17,190.473
2015-06-18,193.609
2015-06-19,192.321
2015-06-22,194.269
2015-06-23,192.222
2015-06-24,191.061
2015-06-25,189.958
2015-06-26,189.91
2015-06-29,187.267
2015-06-30,186.254
2015-07-01,186.703
2015-07-02,188.908
2015-07-03,188.509
2015-07-06,187.32
2015-07-07,188.814
2015-07-08,188.809
2015-07-09,189.061
2015-07-10,191.603
2015-07-13,191.867
2015-07-14,192.184
2015-07-15,193.056
2015-07-16,195.136
2015-07-17,193.504
2015-07-20,193.248
2015-07-21,192.194
2015-07-22,192.13
2015-07-23,190.731
2015-07-24,190.388
2015-07-27,191.299
2015-07-28,191.898
2015-07-29,192.711
2015-07-30,193.181
2015-07-31,195.732
2015-08-03,195.883
2015-08-04,194.59
2015-08-05,194.962
2015-08-06,195.054
2015-08-07,196.338
2015-08-10,196.612
2015-08-11,196.241
2015-08-12,198.214
2015-08-13,198.355
2015-08-14,198.928
2015-08-17,199.844
2015-08-18,199.038
2015-08-19,198.72
2015-08-20,197.682
2015-08-21,194.4
2015-08-24,186.661
2015-08-25,184.363
2015-08-26,185.737
2015-08-27,188.287
2015-08-28,188.534
2015-08-31,186.15
2015-09-01,181.629
2015-09-02,181.054
2015-09-03,181.715
2015-09-04,179.118
2015-09-07,179.841
2015-09-08,182.535
2015-09-09,182.739
2015-09-10,181.402
2015-09-11,181.613
2015-09-14,182.013
2015-09-15,182.5
2015-09-16,184.134
2015-09-17,185.916
2015-09-18,184.589
2015-09-21,184.332
2015-09-22,181.419
2015-09-23,181.657
2015-09-24,182.176
2015-09-25,184.551
2015-09-28,183.451
2015-09-29,182.894
2015-09-30,186.382
2015-10-01,185.089
2015-10-02,187.681
2015-10-05,190.275
2015-10-06,190.089
2015-10-07,190.431
2015-10-08,192.13
2015-10-09,192.595
2015-10-12,193.603
2015-10-13,192.772
2015-10-14,193.232
2015-10-15,195.512
2015-10-16,196.28
2015-10-19,195.931
2015-10-20,196.43
2015-10-21,196.426
2015-10-22,197.736
2015-10-23,195.889
2015-10-26,195.563
2015-10-27,194.299
2015-10-28,193.843
2015-10-29,191.776
2015-10-30,193.12
2015-11-02,193.013
2015-11-03,192.879
2015-11-04,193.195
2015-11-05,192.066
2015-11-06,186.783
2015-11-09,186.13
2015-11-10,186.635
2015-11-11,187.442
2015-11-12,186.144
2015-11-13,185.027
2015-11-16,186.919
2015-11-17,186.19
2015-11-18,186.345
2015-11-19,188.692
2015-11-20,188.962
2015-11-23,187.15
2015-11-24,186.054
2015-11-25,186.1
2015-11-26,186.989
2015-11-27,186.587
2015-11-30,186.039
2015-12-01,187.896
2015-12-02,185.364
2015-12-03,184.445
2015-12-04,185.695
2015-12-07,185.813
2015-12-08,184.299
2015-12-09,185.315
2015-12-10,183.822
2015-12-11,182.972
2015-12-14,182.141
2015-12-15,183.563
2015-12-16,186.447
2015-12-17,187.294
2015-12-18,185.315
2015-12-21,185.188
2015-12-22,185.992
2015-12-23,188.947
2015-12-24,189.527
2015-12-25,189.09
2015-12-28,189.358
2015-12-29,190.642
2015-12-30,190.573
2015-12-31,188.852
2016-01-01,188.852
2016-01-04,186.355
2016-01-05,187.441
2016-01-06,187.024
2016-01-07,186.074
2016-01-08,185.552
2016-01-11,185.92
2016-01-12,184.78
2016-01-13,185.552
2016-01-14,186.108
2016-01-15,184.415
2016-01-18,183.267
2016-01-19,185.901
2016-01-20,181.422
2016-01-21,181.329
2016-01-22,185.398
2016-01-25,184.45
2016-01-26,185.773
2016-01-27,187.346
2016-01-28,188.926
2016-01-29,191.742
2016-02-01,193.939
2016-02-02,193.912
2016-02-03,195.157
2016-02-04,195.504
2016-02-05,194.48
2016-02-08,193.134
2016-02-09,192.993
2016-02-10,191.762
2016-02-11,188.695
2016-02-12,188.624
2016-02-15,190.639
2016-02-16,190.599
2016-02-17,190.248
2016-02-18,192.903
2016-02-19,191.945
2016-02-22,193.958
2016-02-23,192.761
2016-02-24,191.968
2016-02-25,194.388
2016-02-26,191.06
2016-02-29,190.826
2016-03-01,190.963
2016-03-02,191.886
2016-03-03,193.328
2016-03-04,195.243
2016-03-07,195.056
2016-03-08,195.844
2016-03-09,196.465
2016-03-10,196.615
2016-03-11,198.299
2016-03-14,198.4
2016-03-15,198.162
2016-03-16,198.655
2016-03-17,202.251
2016-03-18,201.567
2016-03-21,201.045
2016-03-22,200.284
2016-03-23,200.746
2016-03-24,200.798
2016-03-25,200.949
2016-03-28,201.114
2016-03-29,203.318
2016-03-30,204.919
2016-03-31,205.029
2016-04-01,203.681
2016-04-04,203.911
2016-04-05,200.158
2016-04-06,200.498
2016-04-07,200.495
2016-04-08,202.065
2016-04-11,202.146
2016-04-12,202.857
2016-04-13,202.588
2016-04-14,202.905
2016-04-15,204.01
2016-04-18,204.421
2016-04-19,205.773
2016-04-20,202.906
2016-04-21,199.515
2016-04-22,199.801
2016-04-25,200.019
2016-04-26,200.833
2016-04-27,202.971
2016-04-28,203.287
2016-04-29,204.216
2016-05-02,205.05
2016-05-03,204.251
2016-05-04,204.704
2016-05-05,203.921
2016-05-06,203.237
2016-05-09,203.549
2016-05-10,204.624
2016-05-11,204.224
2016-05-12,205.077
2016-05-13,203.965
2016-05-16,204.051
2016-05-17,202.372
2016-05-18,199.743
2016-05-19,199.351
2016-05-20,200.487
2016-05-23,198.852
2016-05-24,200.972
2016-05-25,201.274
2016-05-26,203.064
2016-05-27,203.375
2016-05-30,203.456
2016-05-31,203.874
2016-06-01,203.439
2016-06-02,203.175
2016-06-03,206.293
2016-06-06,206.883
2016-06-07,207.655
2016-06-08,209.416
2016-06-09,209.858
2016-06-10,207.867
2016-06-13,206.303
2016-06-14,205.187
2016-06-15,204.872
2016-06-16,204.871
2016-06-17,206.773
2016-06-20,209.275
2016-06-21,209.337
2016-06-22,208.402
2016-06-23,209.677
2016-06-24,203.083
2016-06-27,203.677
2016-06-28,206.24
2016-06-29,209.838
2016-06-30,214.241
2016-07-01,214.396
2016-07-04,215.144
2016-07-05,214.91
2016-07-06,214.029
2016-07-07,212.12
2016-07-08,213.507
2016-07-11,214.077
2016-07-12,212.332
2016-07-13,214.282
2016-07-14,213.447
2016-07-15,213.688
2016-07-18,214.212
2016-07-19,213.523
2016-07-20,213.559
2016-07-21,214.402
2016-07-22,215.916
2016-07-25,216.129
2016-07-26,215.226
2016-07-27,213.399
2016-07-28,213.808
2016-07-29,215.685
2016-08-01,215.054
2016-08-02,213.88
2016-08-03,211.969
2016-08-04,212.161
2016-08-05,210.041
2016-08-08,210.136
2016-08-09,210.204
2016-08-10,209.758
2016-08-11,210.692
2016-08-12,211.079
2016-08-15,209.093
2016-08-16,206.812
2016-08-17,207.857
2016-08-18,209.809
2016-08-19,207.828
2016-08-22,208.576
2016-08-23,208.598
2016-08-24,208.081
2016-08-25,208.365
2016-08-26,206.067
2016-08-29,205.843
2016-08-30,204.33
2016-08-31,204.759
2016-09-01,204.549
2016-09-02,207.598
2016-09-05,208.285
2016-09-06,210.174
2016-09-07,210.607
2016-09-08,210.974
2016-09-09,205.032
2016-09-12,205.969
2016-09-13,203.356
2016-09-14,203.659
2016-09-15,204.51
2016-09-16,205.054
2016-09-19,207.239
2016-09-20,207.042
2016-09-21,209.501
2016-09-22,212.127
2016-09-23,211.068
2016-09-26,210.523
2016-09-27,209.243
2016-09-28,209.263
2016-09-29,208.176
2016-09-30,206.619
2016-10-03,204.657
2016-10-04,201.251
2016-10-05,199.626
2016-10-06,198.615
2016-10-07,197.396
2016-10-10,198.65
2016-10-11,196.635
2016-10-12,197.332
2016-10-13,199.085
2016-10-14,199.546
2016-10-17,199.67
2016-10-18,201.782
2016-10-19,201.903
2016-10-20,201.887
2016-10-21,200.797
2016-10-24,200.879
2016-10-25,201.404
2016-10-26,202.338
2016-10-27,201.348
2016-10-28,201.732
2016-10-31,204.367
2016-11-01,202.382
2016-11-02,200.157
2016-11-03,200.358
2016-11-04,199.841
2016-11-07,201.741
2016-11-08,202.748
2016-11-09,196.849
2016-11-10,191.615
2016-11-11,190.65
2016-11-14,188.581
2016-11-15,190.965
2016-11-16,189.778
2016-11-17,190.441
2016-11-18,188.808
2016-11-21,190.599
2016-11-22,191.326
2016-11-23,189.82
2016-11-24,189.844
2016-11-25,192.317
2016-11-28,195.046
2016-11-29,195.812
2016-11-30,191.69
2016-12-01,190.077
2016-12-02,191.34
2016-12-05,191.447
2016-12-06,192.849
2016-12-07,194.745
2016-12-08,194.926
2016-12-09,196.213
2016-12-12,198.232
2016-12-13,200.352
2016-12-14,197.852
2016-12-15,196.91
2016-12-16,198.309
2016-12-19,199.313
2016-12-20,199.477
2016-12-21,199.108
2016-12-22,199.319
2016-12-23,199.631
2016-12-26,199.543
2016-12-27,199.723
2016-12-28,198.183
2016-12-29,200.298
2016-12-30,200.105
2017-01-02,200.404
2017-01-03,198.961
2017-01-04,199.733
2017-01-05,200.819
2017-01-06,200.702
2017-01-09,198.85
2017-01-10,198.251
2017-01-11,198.837
2017-01-12,200.47
2017-01-13,200.461
2017-01-16,200.293
2017-01-17,202.47
2017-01-18,202.334
2017-01-19,200.445
2017-01-20,200.857
2017-01-23,200.555
2017-01-24,200.424
2017-01-25,200.199
2017-01-26,199.66
2017-01-27,199.753
2017-01-30,199.077
2017-01-31,201.482
2017-02-01,199.059
2017-02-02,200.404
2017-02-03,200.842
2017-02-06,199.985
2017-02-07,200.773
2017-02-08,203.125
2017-02-09,202.263
2017-02-10,203.074
2017-02-13,203.717
2017-02-14,202.41
2017-02-15,201.857
2017-02-16,203.598
2017-02-17,203.414
2017-02-20,203.641
2017-02-21,204.972
2017-02-22,205.389
2017-02-23,207.027
2017-02-24,208.604
2017-02-27,208.282
2017-02-28,209.607
2017-03-01,208.061
2017-03-02,209.603
2017-03-03,209.146
2017-03-06,209.098
2017-03-07,208.687
2017-03-08,206.364
2017-03-09,206.069
2017-03-10,207.14
2017-03-13,207.872
2017-03-14,207.56
2017-03-15,209.397
2017-03-16,209.522
2017-03-17,210.274
2017-03-20,209.547
2017-03-21,212.002
2017-03-22,212.511
2017-03-23,212.772
2017-03-24,213.64
2017-03-27,213.685
2017-03-28,213.979
2017-03-29,213.356
2017-03-30,212.342
2017-03-31,213.124
2017-04-03,212.784
2017-04-04,213.109
2017-04-05,214.151
2017-04-06,214.149
2017-04-07,213.551
2017-04-10,213.49
2017-04-11,213.725
2017-04-12,215.013
2017-04-13,214.336
2017-04-14,214.038
2017-04-17,215.318
2017-04-18,214.783
2017-04-19,213.507
2017-04-20,212.534
2017-04-21,213.319
2017-04-24,215.893
2017-04-25,215.577
2017-04-26,214.66
2017-04-27,214.992
2017-04-28,214.486
2017-05-01,213.95
2017-05-02,214.798
2017-05-03,214.441
2017-05-04,215.976
2017-05-05,217.197
2017-05-08,217.321
2017-05-09,216.08
2017-05-10,216.839
2017-05-11,216.286
2017-05-12,217.52
2017-05-15,218.448
2017-05-16,218.49
2017-05-17,219.097
2017-05-18,219.566
2017-05-19,220.947
2017-05-22,222.866
2017-05-23,223.857
2017-05-24,224.393
2017-05-25,225.99
2017-05-26,225.417
2017-05-29,225.323
2017-05-30,226.077
2017-05-31,227.491
2017-06-01,228.708
2017-06-02,228.81
2017-06-05,228.154
2017-06-06,228.255
2017-06-07,228.954
2017-06-08,228.104
2017-06-09,227.257
2017-06-12,226.178
2017-06-13,226.758
2017-06-14,228.623
2017-06-15,228.33
2017-06-16,229.795
2017-06-19,229.349
2017-06-20,228.692
2017-06-21,228.02
2017-06-22,227.153
2017-06-23,226.803
2017-06-26,228.365
2017-06-27,225.485
2017-06-28,224.656
2017-06-29,222.984
2017-06-30,221.899
2017-07-03,221.15
2017-07-04,220.632
2017-07-05,219.686
2017-07-06,219.5
2017-07-07,219.678
2017-07-10,219.74
2017-07-11,219.383
2017-07-12,221.434
2017-07-13,221.191
2017-07-14,222.438
2017-07-17,222.935
2017-07-18,223.747
2017-07-19,224.713
2017-07-20,225.751
2017-07-21,226.818
2017-07-24,225.167
2017-07-25,224.432
2017-07-26,225.793
2017-07-27,226.492
2017-07-28,226.05
2017-07-31,227.033
2017-08-01,228.866
2017-08-02,229.524
2017-08-03,230.596
2017-08-04,229.9
2017-08-07,230.237
2017-08-08,230.634
2017-08-09,230.001
2017-08-10,230.096
2017-08-11,228.989
2017-08-14,230.811
2017-08-15,231.306
2017-08-16,232.219
2017-08-17,231.754
2017-08-18,232.245
2017-08-21,232.912
2017-08-22,233.077
2017-08-23,233.365
2017-08-24,233.476
2017-08-25,234.259
2017-08-28,234.993
2017-08-29,234.558
2017-08-30,233.684
2017-08-31,234.093
2017-09-01,234.071
2017-09-04,233.728
2017-09-05,234.337
2017-09-06,234.007
2017-09-07,236.371
2017-09-08,237.093
2017-09-11,238.684
2017-09-12,235.49
2017-09-13,233.81
2017-09-14,234.374
2017-09-15,234.787
2017-09-18,233.124
2017-09-19,233.238
2017-09-20,232.477
2017-09-21,231.128
2017-09-22,230.449
2017-09-25,231.212
2017-09-26,230.307
2017-09-27,227.883
2017-09-28,228.147
2017-09-29,228.435
2017-10-02,228.644
2017-10-03,227.91
2017-10-04,228.28
2017-10-05,228.622
2017-10-06,228.067
2017-10-09,229.192
2017-10-10,231.079
2017-10-11,232.798
2017-10-12,233.911
2017-10-13,233.084
2017-10-16,232.162
2017-10-17,232.909
2017-10-18,232.921
2017-10-19,234.783
2017-10-20,234.531
2017-10-23,234.827
2017-10-24,234.648
2017-10-25,232.877
2017-10-26,233.469
2017-10-27,233.766
2017-10-30,234.409
2017-10-31,234.854
2017-11-01,234.17
2017-11-02,234.792
2017-11-03,235.002
2017-11-06,234.706
2017-11-07,236.559
2017-11-08,237.147
2017-11-09,236.843
2017-11-10,235.569
2017-11-13,236.228
2017-11-14,237.802
2017-11-15,236.373
2017-11-16,236.111
2017-11-17,234.028
2017-11-20,233.278
2017-11-21,233.733
2017-11-22,234.567
2017-11-23,234.81
2017-11-24,235.225
2017-11-27,236.094
2017-11-28,236.988
2017-11-29,237.967
2017-11-30,238.9
2017-12-01,237.425
2017-12-04,236.917
2017-12-05,235.52
2017-12-06,235.69
2017-12-07,236.084
2017-12-08,236.274
2017-12-11,236.8
2017-12-12,234.347
2017-12-13,233.425
2017-12-14,232.308
2017-12-15,232.783
2017-12-18,232.245
2017-12-19,229.032
2017-12-20,227.986
2017-12-21,226.115
2017-12-22,226.194
2017-12-25,226.241
2017-12-26,225.557
2017-12-27,226.28
2017-12-28,227.028
2017-12-29,227.438
2018-01-01,227.438
2018-01-02,226.341
2018-01-03,225.047
2018-01-04,225.394
2018-01-05,226.268
2018-01-08,227.025
2018-01-09,225.049
2018-01-10,223.049
2018-01-11,222.78
2018-01-12,222.52
2018-01-15,223.658
2018-01-16,223.789
2018-01-17,224.734
2018-01-18,223.362
2018-01-19,222.941
2018-01-22,223.345
2018-01-23,224.963
2018-01-24,224.108
2018-01-25,226.21
2018-01-26,225.904
2018-01-29,223.356
2018-01-30,223.237
2018-01-31,225.137
2018-02-01,222.889
2018-02-02,220.502
2018-02-05,217.041
2018-02-06,212.11
2018-02-07,212.517
2018-02-08,209.987
2018-02-09,211.243
2018-02-12,212.587
2018-02-13,213.009
2018-02-14,212.929
2018-02-15,215.672
2018-02-16,217.97
2018-02-19,217.715
2018-02-20,216.081
2018-02-21,213.711
2018-02-22,214.805
2018-02-23,219.518
2018-02-26,219.474
2018-02-27,216.802
2018-02-28,214.763
2018-03-01,214.094
2018-03-02,213.097
2018-03-05,216.357
2018-03-06,215.673
2018-03-07,215.028
2018-03-08,216.609
2018-03-09,216.937
2018-03-12,218.433
2018-03-13,219.195
2018-03-14,220.428
2018-03-15,220.216
2018-03-16,221.515
2018-03-19,220.025
2018-03-20,219.21
2018-03-21,219.08
2018-03-22,219.197
2018-03-23,217.642
2018-03-26,218.842
2018-03-27,221.414
2018-03-28,223.488
2018-03-29,223.609
2018-03-30,223.539
2018-04-02,222.675
2018-04-03,222.768
2018-04-04,223.224
2018-04-05,224.333
2018-04-06,223.832
2018-04-09,224.785
2018-04-10,223.646
2018-04-11,223.568
2018-04-12,222.077
2018-04-13,223.355
2018-04-16,225.21
2018-04-17,226.876
2018-04-18,227.05
2018-04-19,226.903
2018-04-20,224.951
2018-04-23,224.398
2018-04-24,225.714
2018-04-25,225.634
2018-04-26,227.873
2018-04-27,229.358
2018-04-30,229.304
2018-05-01,228.478
2018-05-02,228.89
2018-05-03,228.786
2018-05-04,229.69
2018-05-07,229.4
2018-05-08,225.642
2018-05-09,224.444
2018-05-10,225.699
2018-05-11,226.491
2018-05-14,226.689
2018-05-15,224.772
2018-05-16,222.196
2018-05-17,222.145
2018-05-18,222.225
2018-05-21,222.896
2018-05-22,223.443
2018-05-23,224.057
2018-05-24,224.554
2018-05-25,224.029
2018-05-28,223.744
2018-05-29,222.655
2018-05-30,224.307
2018-05-31,224.199
2018-06-01,221.967
2018-06-04,222.216
2018-06-05,220.456
2018-06-06,218.116
2018-06-07,219.305
2018-06-08,218.482
2018-06-11,218.687
2018-06-12,220.475
2018-06-13,220.297
2018-06-14,222.124
2018-06-15,222.842
2018-06-18,222.134
2018-06-19,223.039
2018-06-20,223.601
2018-06-21,223.262
2018-06-22,224.856
2018-06-25,226.727
2018-06-26,227.514
2018-06-27,228.372
2018-06-28,228.137
2018-06-29,228.84
2018-07-02,229.386
2018-07-03,231.15
2018-07-04,231.9
2018-07-05,233.765
2018-07-06,235.973
2018-07-09,231.469
2018-07-10,231.913
2018-07-11,232.382
2018-07-12,232.777
2018-07-13,232.548
2018-07-16,232.283
2018-07-17,232.314
2018-07-18,231.59
2018-07-19,232.107
2018-07-20,232.143
2018-07-23,231.144
2018-07-24,230.949
2018-07-25,231.025
2018-07-26,233.084
2018-07-27,233.043
2018-07-30,231.945
2018-07-31,233.283
2018-08-01,230.75
2018-08-02,230.746
2018-08-03,232.418
2018-08-06,232.501
2018-08-07,232.963
2018-08-08,231.846
2018-08-09,232.186
2018-08-10,230.094
2018-08-13,229.912
2018-08-14,230.845
2018-08-15,231.149
2018-08-16,233.452
2018-08-17,234.306
2018-08-20,233.898
2018-08-21,233.384
2018-08-22,232.517
2018-08-23,231.941
2018-08-24,232.671
2018-08-27,232.348
2018-08-28,232.22
2018-08-29,233.139
2018-08-30,232.927
2018-08-31,231.723
2018-09-03,231.477
2018-09-04,231.516
2018-09-05,232.793
2018-09-06,233.735
2018-09-07,232.176
2018-09-10,234.034
2018-09-11,233.723
2018-09-12,233.1
2018-09-13,234.333
2018-09-14,233.259
2018-09-17,234.397
2018-09-18,234.593
2018-09-19,230.741
2018-09-20,231.982
2018-09-21,233.078
2018-09-24,231.291
2018-09-25,229.583
2018-09-26,228.393
2018-09-27,229.462
2018-09-28,230.859
2018-10-01,230.004
2018-10-02,231.883
2018-10-03,230.549
2018-10-04,230.017
2018-10-05,232.006
2018-10-08,232.808
2018-10-09,233.473
2018-10-10,232.921
2018-10-11,228.768
2018-10-12,227.729
2018-10-15,228.298
2018-10-16,231.178
2018-10-17,230.684
2018-10-18,230.778
2018-10-19,233.933
2018-10-22,232.634
2018-10-23,230.879
2018-10-24,233.951
2018-10-25,231.743
2018-10-26,228.741
2018-10-29,231.152
2018-10-30,231.239
2018-10-31,229.352
2018-11-01,229.441
2018-11-02,228.53
2018-11-05,230.951
2018-11-06,232.726
2018-11-07,235.62
2018-11-08,235.471
2018-11-09,235.591
2018-11-12,235.101
2018-11-13,235.688
2018-11-14,235.071
2018-11-15,233.439
2018-11-16,235.743
2018-11-19,236.906
2018-11-20,236.092
2018-11-21,233.935
2018-11-22,233.533
2018-11-23,233.473
2018-11-26,234.999
2018-11-27,236.363
2018-11-28,235.698
2018-11-29,235.5
2018-11-30,237.24
2018-12-03,239.232
2018-12-04,239.293
2018-12-05,239.351
2018-12-06,238.628
2018-12-07,240.077
2018-12-10,238.836
2018-12-11,239.998
2018-12-12,241.375
2018-12-13,243.281
2018-12-14,242.588
2018-12-17,238.075
2018-12-18,235.499
2018-12-19,235.77
2018-12-20,236.053
2018-12-21,234.622
2018-12-24,228.365
2018-12-25,227.95
2018-12-26,230.099
2018-12-27,229.909
2018-12-28,230.98
2018-12-31,231.919
2019-01-01,231.919
2019-01-02,229.208
2019-01-03,229.876
2019-01-04,233.327
2019-01-07,232.733
2019-01-08,234.748
2019-01-09,234.602
2019-01-10,237.64
2019-01-11,236.845
2019-01-14,233.487
2019-01-15,235.251
2019-01-16,235.505
2019-01-17,236.498
2019-01-18,237.508
2019-01-21,236.882
2019-01-22,237.206
2019-01-23,239.214
2019-01-24,240.348
2019-01-25,238.684
2019-01-28,237.793
2019-01-29,239.348
2019-01-30,240.095
2019-01-31,243.729
2019-02-01,242.926
2019-02-04,243.035
2019-02-05,243.915
2019-02-06,243.171
2019-02-07,244.409
2019-02-08,244.555
2019-02-11,244.42
2019-02-12,245.393
2019-02-13,244.823
2019-02-14,244.486
2019-02-15,244.947
2019-02-18,245.409
2019-02-19,246.747
2019-02-20,247.869
2019-02-21,248.914
2019-02-22,249.926
2019-02-25,248.774
2019-02-26,249.13
2019-02-27,249.462
2019-02-28,249.721
2019-03-01,249.832
2019-03-04,249.466
2019-03-05,249.049
2019-03-06,249.242
2019-03-07,250.54
2019-03-08,250.581
2019-03-11,252.286
2019-03-12,254.181
2019-03-13,254.283
2019-03-14,254.295
2019-03-15,255.562
2019-03-18,255.535
2019-03-19,253.696
2019-03-20,253.903
2019-03-21,256.073
2019-03-22,257.125
2019-03-25,257.222
2019-03-26,258.617
2019-03-27,257.276
2019-03-28,254.484
2019-03-29,255.147
2019-04-01,254.03
