date,3060
2003-11-24,1006.47
2003-11-25,1018.134
2003-11-26,1024.301
2003-11-27,1024.835
2003-11-28,1027.353
2003-12-01,1037.87
2003-12-02,1037.571
2003-12-03,1040.916
2003-12-04,1039.812
2003-12-05,1042.28
2003-12-08,1047.054
2003-12-09,1045.851
2003-12-10,1039.374
2003-12-11,1046.657
2003-12-12,1053.399
2003-12-15,1058.909
2003-12-16,1061.273
2003-12-17,1066.426
2003-12-18,1074.277
2003-12-19,1071.249
2003-12-22,1078.972
2003-12-23,1086.088
2003-12-24,1078.935
2003-12-25,1076.26
2003-12-26,1077.847
2003-12-29,1085.507
2003-12-30,1089.583
2003-12-31,1092.519
2004-01-02,1089.871
2004-01-05,1105.687
2004-01-06,1099.11
2004-01-07,1099.496
2004-01-08,1102.185
2004-01-09,1096.526
2004-01-12,1099.297
2004-01-13,1098.189
2004-01-14,1103.823
2004-01-15,1098.763
2004-01-16,1096.859
2004-01-19,1095.125
2004-01-20,1099.329
2004-01-21,1108.614
2004-01-22,1109.189
2004-01-23,1106.114
2004-01-26,1111.73
2004-01-27,1110.748
2004-01-28,1101.787
2004-01-29,1088.568
2004-01-30,1092.645
2004-02-02,1096.704
2004-02-03,1097.196
2004-02-04,1090.689
2004-02-05,1092.714
2004-02-06,1107.387
2004-02-09,1103.14
2004-02-10,1104.248
2004-02-11,1117.748
2004-02-12,1121.392
2004-02-13,1117.182
2004-02-16,1119.711
2004-02-17,1140.836
2004-02-18,1137.025
2004-02-19,1133.067
2004-02-20,1121.388
2004-02-23,1122.442
2004-02-24,1118.477
2004-02-25,1121.983
2004-02-26,1126.407
2004-02-27,1132.403
2004-03-01,1147.092
2004-03-02,1145.272
2004-03-03,1139.244
2004-03-04,1141.24
2004-03-05,1147.955
2004-03-08,1141.636
2004-03-09,1145.346
2004-03-10,1131.257
2004-03-11,1117.192
2004-03-12,1124.486
2004-03-15,1111.255
2004-03-16,1118.943
2004-03-17,1133.004
2004-03-18,1134.569
2004-03-19,1129.915
2004-03-22,1118.404
2004-03-23,1119.497
2004-03-24,1119.83
2004-03-25,1135.458
2004-03-26,1136.734
2004-03-29,1154.003
2004-03-30,1161.769
2004-03-31,1164.765
2004-04-01,1171.946
2004-04-02,1180.087
2004-04-05,1185.446
2004-04-06,1190.721
2004-04-07,1190.799
2004-04-08,1185.599
2004-04-09,1183.837
2004-04-12,1191.428
2004-04-13,1180.037
2004-04-14,1174.095
2004-04-15,1171.506
2004-04-16,1184.062
2004-04-19,1183.453
2004-04-20,1174.894
2004-04-21,1172.011
2004-04-22,1198.186
2004-04-23,1192.827
2004-04-26,1193.146
2004-04-27,1195.916
2004-04-28,1177.74
2004-04-29,1169.022
2004-04-30,1162.263
2004-05-03,1170.709
2004-05-04,1175.074
2004-05-05,1176.031
2004-05-06,1167.913
2004-05-07,1151.314
2004-05-10,1120.941
2004-05-11,1133.048
2004-05-12,1135.587
2004-05-13,1135.105
2004-05-14,1140.912
2004-05-17,1128.634
2004-05-18,1129.462
2004-05-19,1136.452
2004-05-20,1125.977
2004-05-21,1130.763
2004-05-24,1136.47
2004-05-25,1145.558
2004-05-26,1153.672
2004-05-27,1171.544
2004-05-28,1170.829
2004-05-31,1171.519
2004-06-01,1169.93
2004-06-02,1176.625
2004-06-03,1168.984
2004-06-04,1173.202
2004-06-07,1192.073
2004-06-08,1190.008
2004-06-09,1178.224
2004-06-10,1176.575
2004-06-11,1174.856
2004-06-14,1169.221
2004-06-15,1176.032
2004-06-16,1173.882
2004-06-17,1184.503
2004-06-18,1187.77
2004-06-21,1194.036
2004-06-22,1198.041
2004-06-23,1200.321
2004-06-24,1202.648
2004-06-25,1203.364
2004-06-28,1206.496
2004-06-29,1208.54
2004-06-30,1219.612
2004-07-01,1207.226
2004-07-02,1204.439
2004-07-05,1200.383
2004-07-06,1199.377
2004-07-07,1200.885
2004-07-08,1196.586
2004-07-09,1198.11
2004-07-12,1202.871
2004-07-13,1199.783
2004-07-14,1196.513
2004-07-15,1196.85
2004-07-16,1198.129
2004-07-19,1197.071
2004-07-20,1199.982
2004-07-21,1184.802
2004-07-22,1172.239
2004-07-23,1163.047
2004-07-26,1150.098
2004-07-27,1150.145
2004-07-28,1156.124
2004-07-29,1160.817
2004-07-30,1158.565
2004-08-02,1163.36
2004-08-03,1158.861
2004-08-04,1151.628
2004-08-05,1142.15
2004-08-06,1132.914
2004-08-09,1131.369
2004-08-10,1142.371
2004-08-11,1144.375
2004-08-12,1136.633
2004-08-13,1132.448
2004-08-16,1141.257
2004-08-17,1143.66
2004-08-18,1146.033
2004-08-19,1146.419
2004-08-20,1155.483
2004-08-23,1156.379
2004-08-24,1161.164
2004-08-25,1165.118
2004-08-26,1169.436
2004-08-27,1175.013
2004-08-30,1164.229
2004-08-31,1171.807
2004-09-01,1173.697
2004-09-02,1184.619
2004-09-03,1184.616
2004-09-06,1188.431
2004-09-07,1197.255
2004-09-08,1193.773
2004-09-09,1190.883
2004-09-10,1189.965
2004-09-13,1193.371
2004-09-14,1193.464
2004-09-15,1181.248
2004-09-16,1185.566
2004-09-17,1192.302
2004-09-20,1186.141
2004-09-21,1189.172
2004-09-22,1179.4
2004-09-23,1175.057
2004-09-24,1177.722
2004-09-27,1171.416
2004-09-28,1188.101
2004-09-29,1202.204
2004-09-30,1215.242
2004-10-01,1221.903
2004-10-04,1226.907
2004-10-05,1222.133
2004-10-06,1224.541
2004-10-07,1219.005
2004-10-08,1220.861
2004-10-11,1219.967
2004-10-12,1211.124
2004-10-13,1197.294
2004-10-14,1194.567
2004-10-15,1202.229
2004-10-18,1203.918
2004-10-19,1202.444
2004-10-20,1201.329
2004-10-21,1197.939
2004-10-22,1203.359
2004-10-25,1198.431
2004-10-26,1212.586
2004-10-27,1227.605
2004-10-28,1234.65
2004-10-29,1245.993
2004-11-01,1251.048
2004-11-02,1255.04
2004-11-03,1266.399
2004-11-04,1283.659
2004-11-05,1294.941
2004-11-08,1293.517
2004-11-09,1303.489
2004-11-10,1309.105
2004-11-11,1320.051
2004-11-12,1330.946
2004-11-15,1333.95
2004-11-16,1331.667
2004-11-17,1346.391
2004-11-18,1351.406
2004-11-19,1344.231
2004-11-22,1339.4
2004-11-23,1346.749
2004-11-24,1365.513
2004-11-25,1371.093
2004-11-26,1375.174
2004-11-29,1377.26
2004-11-30,1378.726
2004-12-01,1391.078
2004-12-02,1387.395
2004-12-03,1388.452
2004-12-06,1382.153
2004-12-07,1376.183
2004-12-08,1366.187
2004-12-09,1369.184
2004-12-10,1365.377
2004-12-13,1385.924
2004-12-14,1389.369
2004-12-15,1402.267
2004-12-16,1397.471
2004-12-17,1393.838
2004-12-20,1407.19
2004-12-21,1413.215
2004-12-22,1417.994
2004-12-23,1427.586
2004-12-24,1430.871
2004-12-27,1430.525
2004-12-28,1442.327
2004-12-29,1440.464
2004-12-30,1451.089
2004-12-31,1451.043
2005-01-03,1436.194
2005-01-04,1413.185
2005-01-05,1393.23
2005-01-06,1401.006
2005-01-07,1401.603
2005-01-10,1406.315
2005-01-11,1402.519
2005-01-12,1411.116
2005-01-13,1412.423
2005-01-14,1416.632
2005-01-17,1418.238
2005-01-18,1427.238
2005-01-19,1425.434
2005-01-20,1417.882
2005-01-21,1412.104
2005-01-24,1407.856
2005-01-25,1400.2
2005-01-26,1410.628
2005-01-27,1405.566
2005-01-28,1408.799
2005-01-31,1432.038
2005-02-01,1435.831
2005-02-02,1443.129
2005-02-03,1441.29
2005-02-04,1451.268
2005-02-07,1446.423
2005-02-08,1433.432
2005-02-09,1426.447
2005-02-10,1436.485
2005-02-11,1452.279
2005-02-14,1461.739
2005-02-15,1452.287
2005-02-16,1458.07
2005-02-17,1459.15
2005-02-18,1468.542
2005-02-21,1468.745
2005-02-22,1468.795
2005-02-23,1454.533
2005-02-24,1476.587
2005-02-25,1502.851
2005-02-28,1505.953
2005-03-01,1511.261
2005-03-02,1511.282
2005-03-03,1514.692
2005-03-04,1534.767
2005-03-07,1529.1
2005-03-08,1525.652
2005-03-09,1518.866
2005-03-10,1518.48
2005-03-11,1522.643
2005-03-14,1512.136
2005-03-15,1502.833
2005-03-16,1497.356
2005-03-17,1503.758
2005-03-18,1500.244
2005-03-21,1491.004
2005-03-22,1484.826
2005-03-23,1473.632
2005-03-24,1474.584
2005-03-25,1474.475
2005-03-28,1475.177
2005-03-29,1467.067
2005-03-30,1480.596
2005-03-31,1494.515
2005-04-01,1492.937
2005-04-04,1476.303
2005-04-05,1480.633
2005-04-06,1467.983
2005-04-07,1473.721
2005-04-08,1471.672
2005-04-11,1470.422
2005-04-12,1469.825
2005-04-13,1461.932
2005-04-14,1438.495
2005-04-15,1415.921
2005-04-18,1407.246
2005-04-19,1422.746
2005-04-20,1415.552
2005-04-21,1430.619
2005-04-22,1434.561
2005-04-25,1443.113
2005-04-26,1436.3
2005-04-27,1429.189
2005-04-28,1420.036
2005-04-29,1410.716
2005-05-02,1422.074
2005-05-03,1426.452
2005-05-04,1444.241
2005-05-05,1442.982
2005-05-06,1445.9
2005-05-09,1449.66
2005-05-10,1454.865
2005-05-11,1458.901
2005-05-12,1444.316
2005-05-13,1433.518
2005-05-16,1432.778
2005-05-17,1438.258
2005-05-18,1456.437
2005-05-19,1456.266
2005-05-20,1449.502
2005-05-23,1459.621
2005-05-24,1462.582
2005-05-25,1455.124
2005-05-26,1467.827
2005-05-27,1470.89
2005-05-30,1472.129
2005-05-31,1468.515
2005-06-01,1476.058
2005-06-02,1481.222
2005-06-03,1477.732
2005-06-06,1479.494
2005-06-07,1494.127
2005-06-08,1500.64
2005-06-09,1496.508
2005-06-10,1493.496
2005-06-13,1500.513
2005-06-14,1507.718
2005-06-15,1514.192
2005-06-16,1522.899
2005-06-17,1540.704
2005-06-20,1528.472
2005-06-21,1536.521
2005-06-22,1542.21
2005-06-23,1522.445
2005-06-24,1517.335
2005-06-27,1509.035
2005-06-28,1521.129
2005-06-29,1506.656
2005-06-30,1500.806
2005-07-01,1503.152
2005-07-04,1501.788
2005-07-05,1500.891
2005-07-06,1503.801
2005-07-07,1509.773
2005-07-08,1533.053
2005-07-11,1544.07
2005-07-12,1552.836
2005-07-13,1547.761
2005-07-14,1553.548
2005-07-15,1555.388
2005-07-18,1556.634
2005-07-19,1590.31
2005-07-20,1607.646
2005-07-21,1598.945
2005-07-22,1606.606
2005-07-25,1590.517
2005-07-26,1583.373
2005-07-27,1594.299
2005-07-28,1618.615
2005-07-29,1628.526
2005-08-01,1629.927
2005-08-02,1639.199
2005-08-03,1640.565
2005-08-04,1634.554
2005-08-05,1618.311
2005-08-08,1620.043
2005-08-09,1628.909
2005-08-10,1643.374
2005-08-11,1653.885
2005-08-12,1651.831
2005-08-15,1645.433
2005-08-16,1618.211
2005-08-17,1612.504
2005-08-18,1601.943
2005-08-19,1612.932
2005-08-22,1629.493
2005-08-23,1628.495
2005-08-24,1615.058
2005-08-25,1620.858
2005-08-26,1625.982
2005-08-29,1615.882
2005-08-30,1609.752
2005-08-31,1632.826
2005-09-01,1661.964
2005-09-02,1675.014
2005-09-05,1687.111
2005-09-06,1697.306
2005-09-07,1700.294
2005-09-08,1688.0
2005-09-09,1698.586
2005-09-12,1695.031
2005-09-13,1685.188
2005-09-14,1678.275
2005-09-15,1669.774
2005-09-16,1669.664
2005-09-19,1652.858
2005-09-20,1657.281
2005-09-21,1639.469
2005-09-22,1640.524
2005-09-23,1650.874
2005-09-26,1649.275
2005-09-27,1659.878
2005-09-28,1655.535
2005-09-29,1661.17
2005-09-30,1672.198
2005-10-03,1668.612
2005-10-04,1668.628
2005-10-05,1641.718
2005-10-06,1626.149
2005-10-07,1639.274
2005-10-10,1623.449
2005-10-11,1631.331
2005-10-12,1615.211
2005-10-13,1608.036
2005-10-14,1614.999
2005-10-17,1613.299
2005-10-18,1588.678
2005-10-19,1591.574
2005-10-20,1582.408
2005-10-21,1575.024
2005-10-24,1585.669
2005-10-25,1583.557
2005-10-26,1578.876
2005-10-27,1563.272
2005-10-28,1583.269
2005-10-31,1612.593
2005-11-01,1617.406
2005-11-02,1638.55
2005-11-03,1637.041
2005-11-04,1631.485
2005-11-07,1632.774
2005-11-08,1620.019
2005-11-09,1626.134
2005-11-10,1641.037
2005-11-11,1652.053
2005-11-14,1642.69
2005-11-15,1636.002
2005-11-16,1635.751
2005-11-17,1658.589
2005-11-18,1660.354
2005-11-21,1661.281
2005-11-22,1670.288
2005-11-23,1672.479
2005-11-24,1665.868
2005-11-25,1675.169
2005-11-28,1676.334
2005-11-29,1681.487
2005-11-30,1673.799
2005-12-01,1695.46
2005-12-02,1702.996
2005-12-05,1704.931
2005-12-06,1705.358
2005-12-07,1716.5
2005-12-08,1720.39
2005-12-09,1734.285
2005-12-12,1746.625
2005-12-13,1752.989
2005-12-14,1757.826
2005-12-15,1750.772
2005-12-16,1758.242
2005-12-19,1751.181
2005-12-20,1751.494
2005-12-21,1765.633
2005-12-22,1777.484
2005-12-23,1782.878
2005-12-26,1780.628
2005-12-27,1768.1
2005-12-28,1772.686
2005-12-29,1772.831
2005-12-30,1758.728
2006-01-02,1760.018
2006-01-03,1777.296
2006-01-04,1817.14
2006-01-05,1808.686
2006-01-06,1826.074
2006-01-09,1828.428
2006-01-10,1824.387
2006-01-11,1826.425
2006-01-12,1821.239
2006-01-13,1808.456
2006-01-16,1807.485
2006-01-17,1793.401
2006-01-18,1781.463
2006-01-19,1796.115
2006-01-20,1783.76
2006-01-23,1792.018
2006-01-24,1800.92
2006-01-25,1798.119
2006-01-26,1820.534
2006-01-27,1842.434
2006-01-30,1836.505
2006-01-31,1860.885
2006-02-01,1873.887
2006-02-02,1865.682
2006-02-03,1863.756
2006-02-06,1862.282
2006-02-07,1858.173
2006-02-08,1847.175
2006-02-09,1858.203
2006-02-10,1857.2
2006-02-13,1843.46
2006-02-14,1857.026
2006-02-15,1858.194
2006-02-16,1857.295
2006-02-17,1857.864
2006-02-20,1849.929
2006-02-21,1861.71
2006-02-22,1879.674
2006-02-23,1897.213
2006-02-24,1889.279
2006-02-27,1912.938
2006-02-28,1902.597
2006-03-01,1903.856
2006-03-02,1910.977
2006-03-03,1906.314
2006-03-06,1892.16
2006-03-07,1868.136
2006-03-08,1841.656
2006-03-09,1856.83
2006-03-10,1860.392
2006-03-13,1876.858
2006-03-14,1895.586
2006-03-15,1890.057
2006-03-16,1904.406
2006-03-17,1912.432
2006-03-20,1917.377
2006-03-21,1908.403
2006-03-22,1912.361
2006-03-23,1896.496
2006-03-24,1903.902
2006-03-27,1905.274
2006-03-28,1918.855
2006-03-29,1927.031
2006-03-30,1936.631
2006-03-31,1931.251
2006-04-03,1962.954
2006-04-04,1978.615
2006-04-05,1991.31
2006-04-06,1990.269
2006-04-07,1978.249
2006-04-10,1970.764
2006-04-11,1964.311
2006-04-12,1967.068
2006-04-13,1963.781
2006-04-14,1966.936
2006-04-17,1972.708
2006-04-18,2001.634
2006-04-19,2013.1
2006-04-20,2007.556
2006-04-21,2032.695
2006-04-24,2022.72
2006-04-25,2002.92
2006-04-26,2015.689
2006-04-27,2017.386
2006-04-28,2010.569
2006-05-01,2039.866
2006-05-02,2106.887
2006-05-03,2111.85
2006-05-04,2093.349
2006-05-05,2119.832
2006-05-08,2150.15
2006-05-09,2173.263
2006-05-10,2169.538
2006-05-11,2155.052
2006-05-12,2123.552
2006-05-15,2094.301
2006-05-16,2092.375
2006-05-17,2047.827
2006-05-18,2009.464
2006-05-19,2013.753
2006-05-22,1982.025
2006-05-23,1983.808
2006-05-24,1983.663
2006-05-25,2004.78
2006-05-26,2035.159
2006-05-29,2038.468
2006-05-30,2005.356
2006-05-31,2011.948
2006-06-01,2025.482
2006-06-02,2035.98
2006-06-05,2000.083
2006-06-06,1960.024
2006-06-07,1933.809
2006-06-08,1877.916
2006-06-09,1908.665
2006-06-12,1868.269
2006-06-13,1820.857
2006-06-14,1839.77
2006-06-15,1879.07
2006-06-16,1890.612
2006-06-19,1862.956
2006-06-20,1862.374
2006-06-21,1871.945
2006-06-22,1886.546
2006-06-23,1890.164
2006-06-26,1890.674
2006-06-27,1884.154
2006-06-28,1881.382
2006-06-29,1936.094
2006-06-30,1970.33
2006-07-03,1994.199
2006-07-04,2002.295
2006-07-05,1969.148
2006-07-06,1977.42
2006-07-07,1977.33
2006-07-10,1992.179
2006-07-11,2002.199
2006-07-12,1979.638
2006-07-13,1951.907
2006-07-14,1921.176
2006-07-17,1896.613
2006-07-18,1892.797
2006-07-19,1934.796
2006-07-20,1929.277
2006-07-21,1904.138
2006-07-24,1925.476
2006-07-25,1947.031
2006-07-26,1952.909
2006-07-27,1983.971
2006-07-28,2013.376
2006-07-31,2018.252
2006-08-01,2005.388
2006-08-02,2011.505
2006-08-03,2004.423
2006-08-04,1999.68
2006-08-07,1984.719
2006-08-08,1981.942
2006-08-09,1980.519
2006-08-10,1959.586
2006-08-11,1957.226
2006-08-14,1953.719
2006-08-15,1979.582
2006-08-16,2004.26
2006-08-17,2004.421
2006-08-18,2009.678
2006-08-21,2011.348
2006-08-22,2006.961
2006-08-23,2004.287
2006-08-24,1995.983
2006-08-25,1992.922
2006-08-28,1994.814
2006-08-29,2003.052
2006-08-30,2012.16
2006-08-31,2023.22
2006-09-01,2042.507
2006-09-04,2056.595
2006-09-05,2055.036
2006-09-06,2036.911
2006-09-07,2015.191
2006-09-08,2016.546
2006-09-11,1978.122
2006-09-12,1972.942
2006-09-13,1973.2
2006-09-14,1988.775
2006-09-15,1981.55
2006-09-18,1997.144
2006-09-19,2002.63
2006-09-20,2008.455
2006-09-21,2014.831
2006-09-22,2004.162
2006-09-25,1993.669
2006-09-26,2028.959
2006-09-27,2032.684
2006-09-28,2033.115
2006-09-29,2029.879
2006-10-02,2036.966
2006-10-03,2024.384
2006-10-04,2025.779
2006-10-05,2053.754
2006-10-06,2035.951
2006-10-09,2058.888
2006-10-10,2031.234
2006-10-11,2011.735
2006-10-12,2032.681
2006-10-13,2049.582
2006-10-16,2067.675
2006-10-17,2048.931
2006-10-18,2057.437
2006-10-19,2066.228
2006-10-20,2054.824
2006-10-23,2039.015
2006-10-24,2047.019
2006-10-25,2069.993
2006-10-26,2102.94
2006-10-27,2095.49
2006-10-30,2090.656
2006-10-31,2097.715
2006-11-01,2090.108
2006-11-02,2090.933
2006-11-03,2075.846
2006-11-06,2094.073
2006-11-07,2098.777
2006-11-08,2123.958
2006-11-09,2127.365
2006-11-10,2123.462
2006-11-13,2136.443
2006-11-14,2154.387
2006-11-15,2151.351
2006-11-16,2156.912
2006-11-17,2142.355
2006-11-20,2131.494
2006-11-21,2166.214
2006-11-22,2199.257
2006-11-23,2200.333
2006-11-24,2200.826
2006-11-27,2163.512
2006-11-28,2146.128
2006-11-29,2191.036
2006-11-30,2209.121
2006-12-01,2203.553
2006-12-04,2227.982
2006-12-05,2224.968
2006-12-06,2231.707
2006-12-07,2223.049
2006-12-08,2228.126
2006-12-11,2228.919
2006-12-12,2226.131
2006-12-13,2213.662
2006-12-14,2223.304
2006-12-15,2241.646
2006-12-18,2225.342
2006-12-19,2235.153
2006-12-20,2254.749
2006-12-21,2244.866
2006-12-22,2234.853
2006-12-25,2237.17
2006-12-26,2250.449
2006-12-27,2273.785
2006-12-28,2270.892
2006-12-29,2265.617
2007-01-02,2281.972
2007-01-03,2281.071
2007-01-04,2252.644
2007-01-05,2228.212
2007-01-08,2228.092
2007-01-09,2219.864
2007-01-10,2206.651
2007-01-11,2225.774
2007-01-12,2267.046
2007-01-15,2278.007
2007-01-16,2296.178
2007-01-17,2297.264
2007-01-18,2295.123
2007-01-19,2304.472
2007-01-22,2293.714
2007-01-23,2328.32
2007-01-24,2335.541
2007-01-25,2308.871
2007-01-26,2307.9
2007-01-29,2332.984
2007-01-30,2338.52
2007-01-31,2346.184
2007-02-01,2397.83
2007-02-02,2401.022
2007-02-05,2378.874
2007-02-06,2384.397
2007-02-07,2402.417
2007-02-08,2383.571
2007-02-09,2385.051
2007-02-12,2386.243
2007-02-13,2423.826
2007-02-14,2470.239
2007-02-15,2496.28
2007-02-16,2503.472
2007-02-19,2511.678
2007-02-20,2519.805
2007-02-21,2531.878
2007-02-22,2522.633
2007-02-23,2528.588
2007-02-26,2537.417
2007-02-27,2450.207
2007-02-28,2439.65
2007-03-01,2425.183
2007-03-02,2386.251
2007-03-05,2341.09
2007-03-06,2387.952
2007-03-07,2424.731
2007-03-08,2449.388
2007-03-09,2452.031
2007-03-12,2471.058
2007-03-13,2420.631
2007-03-14,2403.573
2007-03-15,2419.548
2007-03-16,2407.09
2007-03-19,2438.14
2007-03-20,2452.889
2007-03-21,2498.773
2007-03-22,2495.467
2007-03-23,2495.663
2007-03-26,2494.899
2007-03-27,2477.38
2007-03-28,2472.136
2007-03-29,2489.075
2007-03-30,2501.764
2007-04-02,2497.3
2007-04-03,2519.387
2007-04-04,2530.617
2007-04-05,2541.729
2007-04-06,2540.367
2007-04-09,2553.527
2007-04-10,2558.106
2007-04-11,2560.626
2007-04-12,2581.932
2007-04-13,2602.148
2007-04-16,2623.786
2007-04-17,2624.468
2007-04-18,2633.773
2007-04-19,2619.643
2007-04-20,2647.405
2007-04-23,2669.304
2007-04-24,2672.036
2007-04-25,2689.186
2007-04-26,2685.463
2007-04-27,2682.707
2007-04-30,2647.319
2007-05-01,2627.082
2007-05-02,2646.239
2007-05-03,2656.772
2007-05-04,2655.444
2007-05-07,2673.999
2007-05-08,2658.571
2007-05-09,2679.608
2007-05-10,2643.007
2007-05-11,2664.015
2007-05-14,2661.261
2007-05-15,2691.095
2007-05-16,2706.594
2007-05-17,2708.615
2007-05-18,2718.126
2007-05-21,2728.264
2007-05-22,2738.545
2007-05-23,2725.988
2007-05-24,2694.465
2007-05-25,2704.987
2007-05-28,2707.335
2007-05-29,2716.094
2007-05-30,2742.472
2007-05-31,2767.851
2007-06-01,2770.968
2007-06-04,2786.672
2007-06-05,2787.78
2007-06-06,2751.328
2007-06-07,2702.798
2007-06-08,2723.863
2007-06-11,2739.67
2007-06-12,2724.752
2007-06-13,2773.604
2007-06-14,2803.753
2007-06-15,2835.036
2007-06-18,2861.127
2007-06-19,2869.508
2007-06-20,2845.301
2007-06-21,2873.743
2007-06-22,2861.146
2007-06-25,2852.431
2007-06-26,2837.05
2007-06-27,2817.968
2007-06-28,2833.893
2007-06-29,2862.937
2007-07-02,2916.934
2007-07-03,2909.928
2007-07-04,2915.669
2007-07-05,2913.526
2007-07-06,2921.631
2007-07-09,2949.55
2007-07-10,2920.922
2007-07-11,2940.553
2007-07-12,2972.341
2007-07-13,3006.563
2007-07-16,3008.017
2007-07-17,2999.861
2007-07-18,2988.703
2007-07-19,3014.672
2007-07-20,3002.446
2007-07-23,3003.868
2007-07-24,2949.707
2007-07-25,2893.381
2007-07-26,2837.73
2007-07-27,2808.742
2007-07-30,2865.388
2007-07-31,2856.795
2007-08-01,2826.254
2007-08-02,2862.956
2007-08-03,2837.8
2007-08-06,2845.371
2007-08-07,2867.096
2007-08-08,2900.009
2007-08-09,2845.627
2007-08-10,2815.498
2007-08-13,2824.48
2007-08-14,2795.91
2007-08-15,2742.067
2007-08-16,2670.733
2007-08-17,2679.251
2007-08-20,2730.954
2007-08-21,2760.363
2007-08-22,2811.106
2007-08-23,2825.797
2007-08-24,2870.973
2007-08-27,2863.874
2007-08-28,2805.033
2007-08-29,2844.585
2007-08-30,2873.016
2007-08-31,2936.058
2007-09-03,2940.892
2007-09-04,2970.648
2007-09-05,2926.183
2007-09-06,2943.64
2007-09-07,2905.4
2007-09-10,2902.09
2007-09-11,2946.107
2007-09-12,2961.295
2007-09-13,2957.859
2007-09-14,2967.453
2007-09-17,2967.413
2007-09-18,3010.184
2007-09-19,3077.408
2007-09-20,3087.606
2007-09-21,3134.598
2007-09-24,3125.85
2007-09-25,3138.642
2007-09-26,3189.789
2007-09-27,3219.602
2007-09-28,3247.337
2007-10-01,3275.461
2007-10-02,3238.791
2007-10-03,3180.725
2007-10-04,3188.577
2007-10-05,3220.481
2007-10-08,3220.349
2007-10-09,3308.976
2007-10-10,3331.147
2007-10-11,3345.761
2007-10-12,3385.712
2007-10-15,3369.288
2007-10-16,3364.509
2007-10-17,3347.399
2007-10-18,3397.683
2007-10-19,3325.812
2007-10-22,3276.489
2007-10-23,3354.189
2007-10-24,3355.545
2007-10-25,3404.739
2007-10-26,3461.052
2007-10-29,3515.381
2007-10-30,3485.492
2007-10-31,3543.221
2007-11-01,3461.285
2007-11-02,3460.237
2007-11-05,3425.058
2007-11-06,3527.572
2007-11-07,3521.49
2007-11-08,3560.306
2007-11-09,3512.035
2007-11-12,3291.07
2007-11-13,3402.99
2007-11-14,3447.301
2007-11-15,3344.859
2007-11-16,3360.569
2007-11-19,3257.62
2007-11-20,3317.078
2007-11-21,3235.848
2007-11-22,3221.643
2007-11-23,3251.955
2007-11-26,3284.397
2007-11-27,3310.006
2007-11-28,3425.815
2007-11-29,3433.849
2007-11-30,3468.241
2007-12-03,3525.639
2007-12-04,3523.089
2007-12-05,3578.857
2007-12-06,3635.115
2007-12-07,3642.387
2007-12-10,3674.912
2007-12-11,3599.693
2007-12-12,3622.055
2007-12-13,3587.068
2007-12-14,3568.269
2007-12-17,3516.887
2007-12-18,3497.935
2007-12-19,3502.075
2007-12-20,3626.042
2007-12-21,3700.421
2007-12-24,3767.057
2007-12-25,3775.657
2007-12-26,3818.972
2007-12-27,3831.82
2007-12-28,3850.197
2007-12-31,3834.724
2008-01-02,3850.115
2008-01-03,3933.478
2008-01-04,3874.552
2008-01-07,3869.903
2008-01-08,3839.33
2008-01-09,3835.71
2008-01-10,3816.004
2008-01-11,3816.383
2008-01-14,3960.891
2008-01-15,3845.829
2008-01-16,3610.948
2008-01-17,3418.149
2008-01-18,3424.178
2008-01-21,3346.871
2008-01-22,3362.614
2008-01-23,3360.603
2008-01-24,3513.872
2008-01-25,3571.48
2008-01-28,3594.192
2008-01-29,3636.447
2008-01-30,3613.465
2008-01-31,3654.404
2008-02-01,3720.606
2008-02-04,3753.43
2008-02-05,3619.851
2008-02-06,3604.403
2008-02-07,3523.161
2008-02-08,3544.85
2008-02-11,3616.027
2008-02-12,3694.255
2008-02-13,3681.303
2008-02-14,3732.721
2008-02-15,3733.494
2008-02-18,3754.375
2008-02-19,3843.337
2008-02-20,3856.918
2008-02-21,3877.368
2008-02-22,3868.672
2008-02-25,3955.849
2008-02-26,3965.8
2008-02-27,3955.54
2008-02-28,3954.581
2008-02-29,3907.16
2008-03-03,3892.823
2008-03-04,3852.44
2008-03-05,3887.07
2008-03-06,3894.407
2008-03-07,3747.06
2008-03-10,3576.411
2008-03-11,3729.632
2008-03-12,3742.064
2008-03-13,3767.265
2008-03-14,3767.884
2008-03-17,3646.923
2008-03-18,3753.927
2008-03-19,3575.836
2008-03-20,3498.016
2008-03-21,3498.704
2008-03-24,3581.408
2008-03-25,3753.62
2008-03-26,3759.472
2008-03-27,3777.762
2008-03-28,3784.366
2008-03-31,3734.14
2008-04-01,3740.607
2008-04-02,3725.012
2008-04-03,3830.064
2008-04-04,3936.778
2008-04-07,3984.299
2008-04-08,3981.867
2008-04-09,3969.458
2008-04-10,4013.133
2008-04-11,4019.611
2008-04-14,4063.411
2008-04-15,4098.963
2008-04-16,4296.3
2008-04-17,4241.713
2008-04-18,4324.603
2008-04-21,4404.467
2008-04-22,4406.29
2008-04-23,4323.366
2008-04-24,4191.269
2008-04-25,4308.246
2008-04-28,4242.235
2008-04-29,4066.723
2008-04-30,4088.141
2008-05-01,4060.104
2008-05-02,4106.745
2008-05-05,4153.744
2008-05-06,4212.197
2008-05-07,4187.024
2008-05-08,4240.76
2008-05-09,4202.562
2008-05-12,4247.963
2008-05-13,4240.164
2008-05-14,4226.383
2008-05-15,4282.785
2008-05-16,4325.254
2008-05-19,4287.389
2008-05-20,4306.771
2008-05-21,4234.536
2008-05-22,4235.319
2008-05-23,4198.854
2008-05-26,4193.368
2008-05-27,4132.269
2008-05-28,4205.008
2008-05-29,4205.702
2008-05-30,4254.142
2008-06-02,4259.315
2008-06-03,4311.519
2008-06-04,4295.292
2008-06-05,4373.815
2008-06-06,4333.118
2008-06-09,4377.699
2008-06-10,4312.269
2008-06-11,4335.928
2008-06-12,4257.887
2008-06-13,4281.474
2008-06-16,4358.079
2008-06-17,4456.279
2008-06-18,4424.694
2008-06-19,4379.731
2008-06-20,4360.291
2008-06-23,4365.675
2008-06-24,4282.02
2008-06-25,4234.619
2008-06-26,4174.123
2008-06-27,4215.389
2008-06-30,4219.031
2008-07-01,4145.116
2008-07-02,3989.194
2008-07-03,3911.898
2008-07-04,3925.61
2008-07-07,3931.617
2008-07-08,3906.019
2008-07-09,3956.904
2008-07-10,3974.079
2008-07-11,3950.38
2008-07-14,4008.324
2008-07-15,3906.618
2008-07-16,3901.016
2008-07-17,3881.985
2008-07-18,3804.639
2008-07-21,3927.818
2008-07-22,3913.613
2008-07-23,3788.779
2008-07-24,3719.621
2008-07-25,3770.426
2008-07-28,3766.693
2008-07-29,3768.986
2008-07-30,3906.083
2008-07-31,3837.645
2008-08-01,3772.76
2008-08-04,3576.22
2008-08-05,3502.599
2008-08-06,3569.851
2008-08-07,3534.838
2008-08-08,3503.796
2008-08-11,3430.844
2008-08-12,3441.916
2008-08-13,3524.273
2008-08-14,3510.33
2008-08-15,3413.454
2008-08-18,3428.925
2008-08-19,3443.177
2008-08-20,3517.654
2008-08-21,3551.832
2008-08-22,3540.386
2008-08-25,3502.748
2008-08-26,3494.897
2008-08-27,3538.411
2008-08-28,3539.541
2008-08-29,3546.082
2008-09-01,3523.554
2008-09-02,3384.802
2008-09-03,3268.759
2008-09-04,3148.073
2008-09-05,3190.935
2008-09-08,3143.61
2008-09-09,2933.918
2008-09-10,2949.742
2008-09-11,2975.465
2008-09-12,3129.365
2008-09-15,2984.54
2008-09-16,3016.946
2008-09-17,2931.277
2008-09-18,2988.144
2008-09-19,3162.237
2008-09-22,3174.708
2008-09-23,3075.281
2008-09-24,3059.576
2008-09-25,3015.432
2008-09-26,2870.915
2008-09-29,2591.025
2008-09-30,2634.263
2008-10-01,2593.777
2008-10-02,2200.098
2008-10-03,2200.959
2008-10-06,2038.943
2008-10-07,2010.045
2008-10-08,2008.013
2008-10-09,1974.456
2008-10-10,1896.705
2008-10-13,2126.724
2008-10-14,2105.529
2008-10-15,1878.13
2008-10-16,1830.384
2008-10-17,1850.218
2008-10-20,1955.489
2008-10-21,1901.236
2008-10-22,1725.584
2008-10-23,1704.966
2008-10-24,1638.915
2008-10-27,1566.531
2008-10-28,1700.897
2008-10-29,1840.692
2008-10-30,1936.517
2008-10-31,1952.556
2008-11-03,1969.463
2008-11-04,2115.815
2008-11-05,2056.637
2008-11-06,1899.923
2008-11-07,1973.787
2008-11-10,2014.227
2008-11-11,1950.559
2008-11-12,1846.287
2008-11-13,1892.149
2008-11-14,1838.509
2008-11-17,1823.668
2008-11-18,1828.802
2008-11-19,1701.224
2008-11-20,1571.109
2008-11-21,1650.637
2008-11-24,1786.234
2008-11-25,1833.696
2008-11-26,1906.001
2008-11-27,1927.755
2008-11-28,1945.288
2008-12-01,1794.579
2008-12-02,1822.621
2008-12-03,1814.538
2008-12-04,1808.73
2008-12-05,1821.469
2008-12-08,1961.519
2008-12-09,1994.649
2008-12-10,2065.236
2008-12-11,2008.217
2008-12-12,1994.098
2008-12-15,2024.691
2008-12-16,2131.658
2008-12-17,2197.799
2008-12-18,2153.737
2008-12-19,2101.982
2008-12-22,2044.397
2008-12-23,2057.391
2008-12-24,2070.472
2008-12-25,2070.421
2008-12-26,2090.17
2008-12-29,2093.808
2008-12-30,2119.623
2008-12-31,2133.353
2009-01-02,2229.096
2009-01-05,2278.422
2009-01-06,2311.919
2009-01-07,2312.583
2009-01-08,2296.834
2009-01-09,2282.017
2009-01-12,2154.562
2009-01-13,2163.22
2009-01-14,2053.108
2009-01-15,2046.681
2009-01-16,2079.252
2009-01-19,2044.304
2009-01-20,1959.191
2009-01-21,2010.467
2009-01-22,1999.15
2009-01-23,2005.654
2009-01-26,2044.785
2009-01-27,2052.285
2009-01-28,2102.932
2009-01-29,2075.344
2009-01-30,2025.849
2009-02-02,1985.446
2009-02-03,2015.55
2009-02-04,2060.51
2009-02-05,2121.332
2009-02-06,2219.898
2009-02-09,2244.125
2009-02-10,2185.248
2009-02-11,2159.625
2009-02-12,2153.448
2009-02-13,2180.958
2009-02-16,2167.743
2009-02-17,2046.939
2009-02-18,2060.739
2009-02-19,2080.046
2009-02-20,2047.151
2009-02-23,1975.477
2009-02-24,2026.429
2009-02-25,1998.372
2009-02-26,2015.72
2009-02-27,2029.047
2009-03-02,1892.73
2009-03-03,1905.503
2009-03-04,1969.024
2009-03-05,1908.821
2009-03-06,1910.86
2009-03-09,1921.657
2009-03-10,2064.573
2009-03-11,2084.478
2009-03-12,2081.158
2009-03-13,2079.646
2009-03-16,2109.633
2009-03-17,2132.491
2009-03-18,2138.736
2009-03-19,2183.236
2009-03-20,2150.214
2009-03-23,2263.652
2009-03-24,2289.703
2009-03-25,2322.744
2009-03-26,2366.139
2009-03-27,2305.962
2009-03-30,2175.12
2009-03-31,2199.746
2009-04-01,2243.149
2009-04-02,2316.318
2009-04-03,2326.73
2009-04-06,2298.075
2009-04-07,2229.089
2009-04-08,2260.448
2009-04-09,2311.975
2009-04-10,2312.632
2009-04-13,2335.34
2009-04-14,2322.801
2009-04-15,2358.559
2009-04-16,2381.371
2009-04-17,2376.427
2009-04-20,2270.072
2009-04-21,2290.951
2009-04-22,2306.271
2009-04-23,2271.178
2009-04-24,2328.217
2009-04-27,2267.837
2009-04-28,2266.809
2009-04-29,2332.992
2009-04-30,2348.858
2009-05-01,2384.965
2009-05-04,2473.705
2009-05-05,2486.577
2009-05-06,2536.109
2009-05-07,2533.224
2009-05-08,2590.183
2009-05-11,2576.463
2009-05-12,2695.146
2009-05-13,2650.591
2009-05-14,2716.392
2009-05-15,2753.257
2009-05-18,2813.988
2009-05-19,2859.779
2009-05-20,2901.106
2009-05-21,2839.64
2009-05-22,2886.443
2009-05-25,2898.098
2009-05-26,2902.333
2009-05-27,2858.086
2009-05-28,2866.895
2009-05-29,2908.237
2009-06-01,2974.775
2009-06-02,2991.728
2009-06-03,2914.041
2009-06-04,2956.391
2009-06-05,2943.185
2009-06-08,2915.684
2009-06-09,2971.082
2009-06-10,3012.95
2009-06-11,3047.517
2009-06-12,3023.25
2009-06-15,2920.949
2009-06-16,2868.283
2009-06-17,2773.219
2009-06-18,2777.747
2009-06-19,2787.146
2009-06-22,2681.611
2009-06-23,2705.12
2009-06-24,2755.374
2009-06-25,2757.671
2009-06-26,2759.85
2009-06-29,2799.087
2009-06-30,2750.553
2009-07-01,2778.153
2009-07-02,2742.359
2009-07-03,2738.48
2009-07-06,2732.43
2009-07-07,2687.755
2009-07-08,2651.387
2009-07-09,2684.847
2009-07-10,2643.803
2009-07-13,2682.181
2009-07-14,2710.911
2009-07-15,2799.41
2009-07-16,2857.863
2009-07-17,2839.034
2009-07-20,2853.569
2009-07-21,2872.308
2009-07-22,2858.61
2009-07-23,2935.175
2009-07-24,2944.112
2009-07-27,2967.504
2009-07-28,2943.067
2009-07-29,2902.802
2009-07-30,2954.176
2009-07-31,2974.167
2009-08-03,3048.243
2009-08-04,3017.259
2009-08-05,3018.408
2009-08-06,3028.179
2009-08-07,3010.374
2009-08-10,2994.934
2009-08-11,2967.919
2009-08-12,2980.331
2009-08-13,3034.833
2009-08-14,3010.783
2009-08-17,2894.152
2009-08-18,2941.854
2009-08-19,2945.893
2009-08-20,2974.074
2009-08-21,3007.848
2009-08-24,3031.415
2009-08-25,3007.913
2009-08-26,2997.539
2009-08-27,2996.289
2009-08-28,2997.419
2009-08-31,2967.812
2009-09-01,2918.112
2009-09-02,2905.114
2009-09-03,2939.217
2009-09-04,2980.309
2009-09-07,3003.41
2009-09-08,3046.954
2009-09-09,3044.854
2009-09-10,3034.998
2009-09-11,3050.267
2009-09-14,3036.396
2009-09-15,3085.77
2009-09-16,3118.648
2009-09-17,3120.373
2009-09-18,3132.184
2009-09-21,3091.698
2009-09-22,3126.182
2009-09-23,3104.875
2009-09-24,3052.624
2009-09-25,3006.172
2009-09-28,3007.727
2009-09-29,3018.679
2009-09-30,3032.819
2009-10-01,2953.669
2009-10-02,2929.882
2009-10-05,2952.87
2009-10-06,3027.896
2009-10-07,3028.479
2009-10-08,3086.017
2009-10-09,3080.835
2009-10-12,3087.068
2009-10-13,3084.242
2009-10-14,3133.544
2009-10-15,3161.17
2009-10-16,3166.621
2009-10-19,3229.0
2009-10-20,3206.044
2009-10-21,3232.972
2009-10-22,3215.069
2009-10-23,3174.313
2009-10-26,3126.946
2009-10-27,3088.35
2009-10-28,3024.933
2009-10-29,3090.149
2009-10-30,3006.178
2009-11-02,3018.222
2009-11-03,3036.321
2009-11-04,3072.026
2009-11-05,3112.779
2009-11-06,3106.617
2009-11-09,3173.274
2009-11-10,3193.52
2009-11-11,3201.294
2009-11-12,3171.746
2009-11-13,3169.064
2009-11-16,3214.372
2009-11-17,3247.882
2009-11-18,3300.138
2009-11-19,3272.214
2009-11-20,3281.95
2009-11-23,3307.214
2009-11-24,3277.774
2009-11-25,3330.776
2009-11-26,3302.842
2009-11-27,3261.216
2009-11-30,3281.18
2009-12-01,3367.454
2009-12-02,3423.382
2009-12-03,3412.983
2009-12-04,3393.507
2009-12-07,3405.891
2009-12-08,3368.363
2009-12-09,3377.374
2009-12-10,3371.827
2009-12-11,3382.679
2009-12-14,3380.83
2009-12-15,3377.071
2009-12-16,3408.514
2009-12-17,3327.89
2009-12-18,3298.467
2009-12-21,3336.901
2009-12-22,3354.276
2009-12-23,3378.209
2009-12-24,3397.94
2009-12-25,3397.834
2009-12-28,3409.572
2009-12-29,3401.532
2009-12-30,3400.096
2009-12-31,3393.954
2010-01-04,3463.944
2010-01-05,3535.602
2010-01-06,3587.582
2010-01-07,3599.684
2010-01-08,3638.275
2010-01-11,3660.418
2010-01-12,3587.032
2010-01-13,3584.75
2010-01-14,3579.979
2010-01-15,3560.16
2010-01-18,3559.28
2010-01-19,3582.388
2010-01-20,3536.275
2010-01-21,3457.76
2010-01-22,3397.291
2010-01-25,3393.749
2010-01-26,3362.303
2010-01-27,3351.092
2010-01-28,3303.54
2010-01-29,3265.403
2010-02-01,3306.813
2010-02-02,3353.281
2010-02-03,3376.445
2010-02-04,3261.541
2010-02-05,3243.496
2010-02-08,3211.622
2010-02-09,3284.772
2010-02-10,3289.36
2010-02-11,3338.075
2010-02-12,3344.533
2010-02-15,3336.076
2010-02-16,3386.408
2010-02-17,3443.881
2010-02-18,3452.721
2010-02-19,3445.055
2010-02-22,3437.545
2010-02-23,3404.245
2010-02-24,3388.727
2010-02-25,3379.936
2010-02-26,3389.07
2010-03-01,3430.569
2010-03-02,3462.591
2010-03-03,3485.529
2010-03-04,3464.309
2010-03-05,3515.886
2010-03-08,3518.978
2010-03-09,3513.665
2010-03-10,3523.359
2010-03-11,3496.889
2010-03-12,3544.671
2010-03-15,3516.316
2010-03-16,3543.652
2010-03-17,3553.259
2010-03-18,3506.446
2010-03-19,3491.827
2010-03-22,3511.473
2010-03-23,3533.492
2010-03-24,3511.511
2010-03-25,3486.386
2010-03-26,3499.233
2010-03-29,3538.927
2010-03-30,3546.953
2010-03-31,3541.584
2010-04-01,3557.077
2010-04-02,3556.189
2010-04-05,3544.716
2010-04-06,3524.222
2010-04-07,3515.096
2010-04-08,3512.044
2010-04-09,3531.581
2010-04-12,3546.376
2010-04-13,3507.027
2010-04-14,3501.623
2010-04-15,3507.279
2010-04-16,3456.87
2010-04-19,3434.537
2010-04-20,3482.495
2010-04-21,3466.965
2010-04-22,3453.151
2010-04-23,3471.115
2010-04-26,3464.277
2010-04-27,3376.306
2010-04-28,3366.408
2010-04-29,3393.04
2010-04-30,3388.414
2010-05-03,3385.541
2010-05-04,3283.923
2010-05-05,3230.027
2010-05-06,3145.049
2010-05-07,3116.08
2010-05-10,3233.052
2010-05-11,3196.372
2010-05-12,3245.421
2010-05-13,3216.399
2010-05-14,3155.892
2010-05-17,3128.809
2010-05-18,3126.69
2010-05-19,3070.857
2010-05-20,2955.13
2010-05-21,2988.914
2010-05-24,2963.344
2010-05-25,2908.802
2010-05-26,2928.339
2010-05-27,3017.815
2010-05-28,3003.687
2010-05-31,3009.734
2010-06-01,2962.215
2010-06-02,3010.799
2010-06-03,3019.684
2010-06-04,2950.166
2010-06-07,2915.264
2010-06-08,2927.329
2010-06-09,2955.04
2010-06-10,3049.592
2010-06-11,3072.918
2010-06-14,3078.377
2010-06-15,3141.61
2010-06-16,3143.975
2010-06-17,3135.864
2010-06-18,3128.813
2010-06-21,3157.739
2010-06-22,3119.137
2010-06-23,3117.5
2010-06-24,3080.524
2010-06-25,3079.313
2010-06-28,3062.213
2010-06-29,2951.41
2010-06-30,2928.682
2010-07-01,2911.949
2010-07-02,2921.014
2010-07-05,2920.996
2010-07-06,2947.031
2010-07-07,3005.903
2010-07-08,3061.045
2010-07-09,3116.827
2010-07-12,3093.302
2010-07-13,3138.549
2010-07-14,3164.775
2010-07-15,3209.637
2010-07-16,3189.343
2010-07-19,3176.664
2010-07-20,3217.808
2010-07-21,3225.916
2010-07-22,3246.114
2010-07-23,3290.009
2010-07-26,3291.377
2010-07-27,3278.39
2010-07-28,3264.073
2010-07-29,3269.185
2010-07-30,3304.619
2010-08-02,3393.897
2010-08-03,3376.116
2010-08-04,3400.843
2010-08-05,3460.214
2010-08-06,3479.038
2010-08-09,3470.206
2010-08-10,3431.545
2010-08-11,3341.201
2010-08-12,3375.983
2010-08-13,3372.957
2010-08-16,3385.29
2010-08-17,3534.366
2010-08-18,3554.96
2010-08-19,3509.965
2010-08-20,3494.954
2010-08-23,3494.616
2010-08-24,3453.336
2010-08-25,3428.86
2010-08-26,3427.661
2010-08-27,3480.836
2010-08-30,3462.343
2010-08-31,3469.51
2010-09-01,3538.565
2010-09-02,3566.781
2010-09-03,3590.871
2010-09-06,3607.881
2010-09-07,3572.608
2010-09-08,3614.622
2010-09-09,3623.717
2010-09-10,3644.964
2010-09-13,3679.198
2010-09-14,3673.071
2010-09-15,3665.244
2010-09-16,3688.018
2010-09-17,3681.039
2010-09-20,3721.728
2010-09-21,3686.722
2010-09-22,3705.261
2010-09-23,3691.411
2010-09-24,3726.544
2010-09-27,3716.149
2010-09-28,3700.351
2010-09-29,3679.23
2010-09-30,3639.76
2010-10-01,3634.799
2010-10-04,3611.75
2010-10-05,3673.085
2010-10-06,3688.162
2010-10-07,3687.685
2010-10-08,3780.671
2010-10-11,3805.965
2010-10-12,3811.929
2010-10-13,3877.777
2010-10-14,3889.267
2010-10-15,3900.773
2010-10-18,3887.179
2010-10-19,3825.098
2010-10-20,3867.536
2010-10-21,3889.855
2010-10-22,3871.055
2010-10-25,3925.704
2010-10-26,3931.92
2010-10-27,3908.507
2010-10-28,3886.326
2010-10-29,3929.318
2010-11-01,3938.443
2010-11-02,3941.934
2010-11-03,3945.303
2010-11-04,4005.596
2010-11-05,4003.569
2010-11-08,4015.818
2010-11-09,4039.275
2010-11-10,4001.178
2010-11-11,4003.884
2010-11-12,3911.319
2010-11-15,3873.287
2010-11-16,3806.032
2010-11-17,3819.203
2010-11-18,3880.055
2010-11-19,3888.692
2010-11-22,3888.002
2010-11-23,3810.431
2010-11-24,3880.127
2010-11-25,3900.062
2010-11-26,3856.706
2010-11-29,3827.061
2010-11-30,3818.198
2010-12-01,3878.967
2010-12-02,3933.778
2010-12-03,3975.083
2010-12-06,3978.49
2010-12-07,3995.812
2010-12-08,3952.523
2010-12-09,3953.218
2010-12-10,3967.54
2010-12-13,3959.527
2010-12-14,3956.999
2010-12-15,3941.083
2010-12-16,3964.482
2010-12-17,3981.204
2010-12-20,3982.025
2010-12-21,4031.005
2010-12-22,4023.976
2010-12-23,4046.898
2010-12-24,4054.711
2010-12-27,4054.063
2010-12-28,4062.562
2010-12-29,4127.964
2010-12-30,4140.096
2010-12-31,4161.462
2011-01-03,4169.749
2011-01-04,4150.983
2011-01-05,4177.601
2011-01-06,4224.6
2011-01-07,4238.772
2011-01-10,4217.328
2011-01-11,4241.147
2011-01-12,4320.448
2011-01-13,4349.597
2011-01-14,4358.687
2011-01-17,4352.399
2011-01-18,4398.803
2011-01-19,4313.329
2011-01-20,4210.708
2011-01-21,4215.527
2011-01-24,4243.086
2011-01-25,4225.994
2011-01-26,4297.22
2011-01-27,4279.964
2011-01-28,4222.671
2011-01-31,4264.767
2011-02-01,4377.345
2011-02-02,4403.541
2011-02-03,4386.009
2011-02-04,4390.982
2011-02-07,4404.684
2011-02-08,4408.022
2011-02-09,4416.209
2011-02-10,4393.25
2011-02-11,4440.053
2011-02-14,4464.328
2011-02-15,4403.676
2011-02-17,4458.852
2011-02-18,4429.999
2011-02-21,4419.719
2011-02-22,4318.385
2011-02-23,4260.228
2011-02-24,4266.647
2011-02-25,4347.072
2011-02-28,4369.097
2011-03-01,4346.836
2011-03-02,4347.075
2011-03-03,4411.429
2011-03-04,4396.837
2011-03-07,4331.274
2011-03-08,4328.509
2011-03-09,4273.249
2011-03-10,4160.302
2011-03-11,4165.158
2011-03-14,4139.129
2011-03-15,4076.584
2011-03-16,4051.292
2011-03-17,4102.832
2011-03-18,4123.419
2011-03-21,4210.782
2011-03-22,4202.429
2011-03-23,4239.151
2011-03-24,4288.062
2011-03-25,4315.118
2011-03-28,4279.242
2011-03-29,4293.921
2011-03-30,4352.482
2011-03-31,4380.094
2011-04-01,4447.411
2011-04-04,4480.023
2011-04-05,4477.88
2011-04-06,4435.587
2011-04-07,4403.992
2011-04-08,4396.228
2011-04-11,4378.423
2011-04-12,4333.942
2011-04-13,4352.244
2011-04-14,4349.639
2011-04-15,4335.67
2011-04-18,4280.564
2011-04-19,4340.788
2011-04-20,4409.917
2011-04-21,4454.086
2011-04-22,4452.891
2011-04-25,4435.337
2011-04-26,4481.405
2011-04-27,4441.862
2011-04-28,4430.68
2011-04-29,4489.921
2011-05-02,4468.694
2011-05-03,4384.427
2011-05-04,4307.215
2011-05-05,4255.105
2011-05-06,4299.242
2011-05-09,4329.977
2011-05-10,4326.438
2011-05-11,4242.954
2011-05-12,4195.554
2011-05-13,4185.438
2011-05-16,4196.427
2011-05-17,4180.288
2011-05-18,4231.817
2011-05-19,4215.773
2011-05-20,4193.408
2011-05-23,4158.128
2011-05-24,4179.016
2011-05-25,4216.374
2011-05-26,4240.497
2011-05-27,4296.969
2011-05-30,4292.875
2011-05-31,4340.3
2011-06-01,4272.919
2011-06-02,4261.523
2011-06-03,4234.253
2011-06-06,4174.251
2011-06-07,4173.818
2011-06-08,4126.234
2011-06-09,4171.971
2011-06-10,4129.976
2011-06-13,4110.572
2011-06-14,4167.776
2011-06-15,4091.391
2011-06-16,4018.049
2011-06-17,4017.461
2011-06-20,4028.293
2011-06-21,4118.131
2011-06-22,4102.127
2011-06-23,4061.227
2011-06-24,4035.822
2011-06-27,4041.59
2011-06-28,4078.987
2011-06-29,4171.929
2011-06-30,4198.302
2011-07-01,4221.942
2011-07-04,4236.365
2011-07-05,4251.196
2011-07-06,4237.409
2011-07-07,4256.463
2011-07-08,4281.93
2011-07-11,4202.489
2011-07-12,4184.243
2011-07-13,4245.817
2011-07-14,4242.664
2011-07-15,4257.435
2011-07-18,4207.285
2011-07-19,4259.825
2011-07-20,4290.831
2011-07-21,4357.144
2011-07-22,4373.856
2011-07-25,4389.693
2011-07-26,4378.194
2011-07-27,4307.084
2011-07-28,4300.558
2011-07-29,4279.145
2011-08-01,4280.474
2011-08-02,4163.843
2011-08-03,4172.797
2011-08-04,3959.813
2011-08-05,3929.951
2011-08-08,3690.571
2011-08-09,3838.699
2011-08-10,3749.846
2011-08-11,3893.232
2011-08-12,3934.248
2011-08-15,4006.456
2011-08-16,3971.19
2011-08-17,4014.007
2011-08-18,3844.768
2011-08-19,3779.29
2011-08-22,3798.949
2011-08-23,3910.506
2011-08-24,3951.936
2011-08-25,3900.617
2011-08-26,3975.455
2011-08-29,4079.036
2011-08-30,4100.431
2011-08-31,4123.584
2011-09-01,4116.851
2011-09-02,4042.405
2011-09-05,3992.326
2011-09-06,3972.917
2011-09-07,4069.559
2011-09-08,4026.822
2011-09-09,3930.363
2011-09-12,3875.483
2011-09-13,3913.129
2011-09-14,3950.338
2011-09-15,4004.562
2011-09-16,4001.611
2011-09-19,3909.292
2011-09-20,3883.331
2011-09-21,3765.446
2011-09-22,3554.554
2011-09-23,3528.788
2011-09-26,3557.812
2011-09-27,3659.705
2011-09-28,3555.953
2011-09-29,3562.128
2011-09-30,3433.639
2011-10-03,3320.24
2011-10-04,3321.884
2011-10-05,3398.514
2011-10-06,3532.12
2011-10-07,3498.03
2011-10-10,3612.314
2011-10-11,3650.387
2011-10-12,3723.309
2011-10-13,3713.47
2011-10-14,3786.174
2011-10-17,3725.974
2011-10-18,3756.454
2011-10-19,3723.777
2011-10-20,3715.412
2011-10-21,3815.841
2011-10-24,3889.33
2011-10-25,3833.546
2011-10-26,3877.957
2011-10-27,4045.682
2011-10-28,4070.547
2011-10-31,3947.809
2011-11-01,3808.1
2011-11-02,3883.444
2011-11-03,3926.917
2011-11-04,3927.047
2011-11-07,3942.535
2011-11-08,3996.739
2011-11-09,3853.151
2011-11-10,3834.299
2011-11-11,3905.375
2011-11-14,3880.192
2011-11-15,3872.623
2011-11-16,3833.062
2011-11-17,3732.829
2011-11-18,3725.815
2011-11-21,3649.184
2011-11-22,3649.848
2011-11-23,3592.091
2011-11-24,3581.761
2011-11-25,3565.627
2011-11-28,3675.549
2011-11-29,3683.238
2011-11-30,3796.956
2011-12-01,3815.807
2011-12-02,3772.241
2011-12-05,3779.255
2011-12-06,3794.736
2011-12-07,3798.319
2011-12-08,3693.722
2011-12-09,3699.663
2011-12-12,3632.562
2011-12-13,3607.808
2011-12-14,3527.806
2011-12-15,3558.878
2011-12-16,3562.685
2011-12-19,3538.506
2011-12-20,3635.177
2011-12-21,3655.744
2011-12-22,3683.709
2011-12-23,3712.464
2011-12-26,3713.31
2011-12-27,3705.983
2011-12-28,3639.606
2011-12-29,3666.455
2011-12-30,3675.686
2012-01-02,3679.187
2012-01-03,3774.287
2012-01-04,3787.066
2012-01-05,3790.524
2012-01-06,3770.519
2012-01-09,3761.805
2012-01-10,3819.462
2012-01-11,3811.315
2012-01-12,3824.808
2012-01-13,3841.421
2012-01-16,3837.095
2012-01-17,3859.343
2012-01-18,3878.66
2012-01-19,3895.898
2012-01-20,3915.919
2012-01-23,3929.377
2012-01-24,3905.402
2012-01-25,3941.282
2012-01-26,3948.703
2012-01-27,3967.365
2012-01-30,3939.978
2012-01-31,3922.305
2012-02-01,3989.679
2012-02-02,3997.467
2012-02-03,4034.111
2012-02-06,4016.515
2012-02-07,4019.104
2012-02-08,4040.695
2012-02-09,4047.091
2012-02-10,4002.458
2012-02-13,4020.426
2012-02-14,4008.803
2012-02-15,4032.642
2012-02-16,4054.159
2012-02-17,4089.139
2012-02-20,4102.521
2012-02-21,4109.459
2012-02-22,4084.744
2012-02-23,4067.305
2012-02-24,4083.114
2012-02-27,4072.351
2012-02-28,4085.306
2012-02-29,4057.682
2012-03-01,4075.957
2012-03-02,4054.795
2012-03-05,4007.885
2012-03-06,3882.986
2012-03-07,3910.623
2012-03-08,3982.646
2012-03-09,4004.221
2012-03-12,3992.391
2012-03-13,4039.882
2012-03-14,4004.701
2012-03-15,4046.326
2012-03-16,4091.075
2012-03-19,4081.576
2012-03-20,4076.945
2012-03-21,4066.578
2012-03-22,4034.533
2012-03-23,4059.831
2012-03-26,4117.092
2012-03-27,4114.774
2012-03-28,4072.615
2012-03-29,4043.674
2012-03-30,4065.964
2012-04-02,4124.127
2012-04-03,4105.665
2012-04-04,4040.281
2012-04-05,4022.931
2012-04-06,4020.506
2012-04-09,3969.787
2012-04-10,3916.03
2012-04-11,3926.682
2012-04-12,3983.922
2012-04-13,3942.87
2012-04-16,3935.054
2012-04-17,3978.774
2012-04-18,3950.905
2012-04-19,3963.891
2012-04-20,3973.381
2012-04-23,3916.574
2012-04-24,3949.058
2012-04-25,4007.813
2012-04-26,4004.904
2012-04-27,4021.571
2012-04-30,3996.479
2012-05-01,4042.639
2012-05-02,4028.855
2012-05-03,4013.461
2012-05-04,3949.685
2012-05-07,3930.84
2012-05-08,3917.557
2012-05-09,3866.379
2012-05-10,3850.453
2012-05-11,3845.14
2012-05-14,3781.774
2012-05-15,3757.331
2012-05-16,3720.465
2012-05-17,3676.531
2012-05-18,3622.127
2012-05-21,3675.246
2012-05-22,3682.775
2012-05-23,3646.707
2012-05-24,3668.974
2012-05-25,3660.097
2012-05-28,3664.38
2012-05-29,3707.806
2012-05-30,3658.804
2012-05-31,3633.401
2012-06-01,3544.326
2012-06-04,3529.171
2012-06-05,3560.108
2012-06-06,3642.914
2012-06-07,3647.704
2012-06-08,3636.336
2012-06-11,3619.85
2012-06-12,3648.798
2012-06-13,3628.802
2012-06-14,3640.388
2012-06-15,3676.505
2012-06-18,3696.992
2012-06-19,3757.462
2012-06-20,3772.698
2012-06-21,3679.075
2012-06-22,3672.098
2012-06-25,3659.34
2012-06-26,3699.405
2012-06-27,3756.786
2012-06-28,3770.405
2012-06-29,3857.075
2012-07-02,3860.642
2012-07-03,3917.154
2012-07-04,3915.567
2012-07-05,3883.197
2012-07-06,3849.506
2012-07-09,3809.447
2012-07-10,3797.466
2012-07-11,3810.38
2012-07-12,3766.152
2012-07-13,3799.332
2012-07-16,3801.803
2012-07-17,3848.411
2012-07-18,3881.721
2012-07-19,3894.343
2012-07-20,3874.069
2012-07-23,3798.084
2012-07-24,3770.618
2012-07-25,3765.123
2012-07-26,3815.34
2012-07-27,3858.364
2012-07-30,3865.659
2012-07-31,3828.088
2012-08-01,3822.197
2012-08-02,3782.635
2012-08-03,3836.851
2012-08-06,3852.324
2012-08-07,3858.167
2012-08-08,3867.692
2012-08-09,3881.225
2012-08-10,3869.235
2012-08-13,3855.339
2012-08-14,3866.349
2012-08-15,3853.06
2012-08-16,3891.267
2012-08-17,3888.468
2012-08-20,3886.572
2012-08-21,3899.398
2012-08-22,3890.652
2012-08-23,3877.843
2012-08-24,3878.419
2012-08-27,3866.943
2012-08-28,3869.404
2012-08-29,3880.556
2012-08-30,3836.639
2012-08-31,3862.504
2012-09-03,3872.471
2012-09-04,3851.918
2012-09-05,3865.175
2012-09-06,3930.023
2012-09-07,3954.512
2012-09-10,3941.823
2012-09-11,3949.035
2012-09-12,3952.302
2012-09-13,3990.78
2012-09-14,4051.941
2012-09-17,4044.869
2012-09-18,4034.299
2012-09-19,4065.906
2012-09-20,4048.746
2012-09-21,4043.089
2012-09-24,4028.185
2012-09-25,4022.732
2012-09-26,3997.145
2012-09-27,4034.53
2012-09-28,4021.809
2012-10-01,4060.03
2012-10-02,4038.749
2012-10-03,3989.37
2012-10-04,4024.849
2012-10-05,4048.189
2012-10-08,4030.035
2012-10-09,4014.246
2012-10-10,3987.765
2012-10-11,4010.793
2012-10-12,4004.541
2012-10-15,4010.255
2012-10-16,4054.719
2012-10-17,4066.606
2012-10-18,4068.172
2012-10-19,4017.26
2012-10-22,4031.13
2012-10-23,3972.773
2012-10-24,3979.497
2012-10-25,3991.307
2012-10-26,3987.988
2012-10-29,3980.24
2012-10-30,3990.882
2012-10-31,3985.281
2012-11-01,4022.079
2012-11-02,3989.564
2012-11-05,3992.779
2012-11-06,4009.882
2012-11-07,3959.11
2012-11-08,3925.668
2012-11-09,3914.364
2012-11-12,3916.177
2012-11-13,3923.7
2012-11-14,3878.202
2012-11-15,3872.326
2012-11-16,3878.014
2012-11-19,3991.138
2012-11-20,4018.719
2012-11-21,4002.653
2012-11-22,4014.324
2012-11-23,4045.789
2012-11-26,4060.035
2012-11-27,4041.194
2012-11-28,4056.418
2012-11-29,4088.571
2012-11-30,4084.034
2012-12-03,4069.286
2012-12-04,4075.739
2012-12-05,4081.794
2012-12-06,4099.369
2012-12-07,4116.378
2012-12-10,4119.362
2012-12-11,4154.22
2012-12-12,4160.126
2012-12-13,4138.428
2012-12-14,4141.944
2012-12-17,4164.062
2012-12-18,4200.028
2012-12-19,4212.246
2012-12-20,4224.194
2012-12-21,4183.796
2012-12-24,4183.989
2012-12-25,4186.167
2012-12-26,4194.597
2012-12-27,4207.33
2012-12-28,4176.862
2012-12-31,4219.81
2013-01-01,4221.502
2013-01-02,4309.985
2013-01-03,4296.086
2013-01-04,4331.733
2013-01-07,4306.638
2013-01-08,4307.59
2013-01-09,4354.352
2013-01-10,4364.84
2013-01-11,4370.788
2013-01-14,4373.007
2013-01-15,4378.907
2013-01-16,4380.385
2013-01-17,4424.727
2013-01-18,4437.289
2013-01-21,4441.59
2013-01-22,4469.131
2013-01-23,4482.199
2013-01-24,4512.956
2013-01-25,4552.974
2013-01-28,4532.089
2013-01-29,4540.534
2013-01-30,4538.025
2013-01-31,4522.428
2013-02-01,4549.444
2013-02-04,4517.51
2013-02-05,4531.318
2013-02-06,4536.482
2013-02-07,4485.084
2013-02-08,4500.959
2013-02-11,4499.902
2013-02-12,4515.462
2013-02-13,4524.205
2013-02-14,4519.144
2013-02-15,4528.633
2013-02-18,4527.333
2013-02-19,4556.522
2013-02-20,4491.03
2013-02-21,4428.462
2013-02-22,4440.807
2013-02-25,4388.585
2013-02-26,4388.889
2013-02-27,4438.208
2013-02-28,4457.39
2013-03-01,4447.996
2013-03-04,4439.929
2013-03-05,4487.899
2013-03-06,4481.99
2013-03-07,4511.118
2013-03-08,4539.375
2013-03-11,4529.308
2013-03-12,4535.57
2013-03-13,4529.49
2013-03-14,4546.441
2013-03-15,4559.56
2013-03-18,4514.198
2013-03-19,4491.758
2013-03-20,4492.156
2013-03-21,4453.598
2013-03-22,4468.096
2013-03-25,4455.997
2013-03-26,4485.747
2013-03-27,4492.765
2013-03-28,4511.76
2013-03-29,4511.576
2013-04-01,4506.021
2013-04-02,4484.408
2013-04-03,4470.046
2013-04-04,4468.702
2013-04-05,4448.575
2013-04-08,4467.0
2013-04-09,4460.962
2013-04-10,4480.959
2013-04-11,4502.775
2013-04-12,4466.515
2013-04-15,4370.615
2013-04-16,4394.092
2013-04-17,4353.745
2013-04-18,4371.847
2013-04-19,4410.846
2013-04-22,4408.641
2013-04-23,4453.408
2013-04-24,4474.478
2013-04-25,4543.381
2013-04-26,4520.536
2013-04-29,4569.47
2013-04-30,4604.816
2013-05-01,4562.733
2013-05-02,4550.486
2013-05-03,4576.019
2013-05-06,4573.571
2013-05-07,4605.501
2013-05-08,4668.19
2013-05-09,4651.946
2013-05-10,4641.796
2013-05-13,4636.111
2013-05-14,4658.178
2013-05-15,4660.974
2013-05-16,4624.051
2013-05-17,4611.157
2013-05-20,4614.298
2013-05-21,4594.71
2013-05-22,4555.287
2013-05-23,4528.965
2013-05-24,4522.885
2013-05-27,4512.308
2013-05-28,4527.756
2013-05-29,4560.134
2013-05-30,4560.168
2013-05-31,4468.144
2013-06-03,4486.482
2013-06-04,4505.55
2013-06-05,4441.969
2013-06-06,4443.113
2013-06-07,4477.432
2013-06-10,4485.593
2013-06-11,4444.865
2013-06-12,4437.966
2013-06-13,4452.753
2013-06-14,4439.98
2013-06-17,4451.865
2013-06-18,4474.965
2013-06-19,4457.442
2013-06-20,4320.553
2013-06-21,4322.413
2013-06-24,4242.759
2013-06-25,4269.055
2013-06-26,4304.203
2013-06-27,4319.794
2013-06-28,4315.174
2013-07-01,4332.479
2013-07-02,4340.202
2013-07-03,4338.688
2013-07-04,4353.903
2013-07-05,4348.45
2013-07-08,4372.252
2013-07-09,4431.528
2013-07-10,4440.143
2013-07-11,4528.983
2013-07-12,4509.945
2013-07-15,4503.105
2013-07-16,4467.729
2013-07-17,4463.355
2013-07-18,4465.449
2013-07-19,4485.605
2013-07-22,4492.791
2013-07-23,4481.552
2013-07-24,4437.47
2013-07-25,4434.674
2013-07-26,4427.761
2013-07-29,4444.779
2013-07-30,4332.931
2013-07-31,4288.595
2013-08-01,4315.232
2013-08-02,4345.927
2013-08-05,4342.607
2013-08-06,4316.305
2013-08-07,4308.29
2013-08-08,4379.132
2013-08-09,4374.619
2013-08-12,4385.891
2013-08-13,4410.352
2013-08-14,4408.194
2013-08-15,4387.057
2013-08-16,4359.958
2013-08-19,4350.2
2013-08-20,4335.186
2013-08-21,4287.025
2013-08-22,4297.811
2013-08-23,4330.409
2013-08-26,4315.296
2013-08-27,4279.993
2013-08-28,4249.439
2013-08-29,4262.244
2013-08-30,4269.822
2013-09-02,4288.106
2013-09-03,4297.168
2013-09-04,4326.518
2013-09-05,4325.5
2013-09-06,4336.927
2013-09-09,4411.701
2013-09-10,4446.636
2013-09-11,4441.183
2013-09-12,4422.803
2013-09-13,4439.487
2013-09-16,4496.673
2013-09-17,4483.289
2013-09-18,4529.582
2013-09-19,4556.331
2013-09-20,4519.633
2013-09-23,4507.4
2013-09-24,4488.99
2013-09-25,4475.219
2013-09-26,4484.35
2013-09-27,4467.747
2013-09-30,4428.123
2013-10-01,4449.688
2013-10-02,4473.032
2013-10-03,4456.55
2013-10-04,4480.524
2013-10-07,4464.514
2013-10-08,4431.821
2013-10-09,4423.813
2013-10-10,4478.282
2013-10-11,4486.902
2013-10-14,4507.403
2013-10-15,4478.3
2013-10-16,4513.957
2013-10-17,4571.277
2013-10-18,4585.428
2013-10-21,4603.043
2013-10-22,4640.347
2013-10-23,4631.409
2013-10-24,4617.656
2013-10-25,4640.72
2013-10-28,4659.394
2013-10-29,4646.732
2013-10-30,4639.41
2013-10-31,4611.907
2013-11-01,4602.201
2013-11-04,4623.75
2013-11-05,4622.531
2013-11-06,4638.938
2013-11-07,4603.728
2013-11-08,4623.877
2013-11-11,4636.901
2013-11-12,4638.878
2013-11-13,4655.671
2013-11-14,4696.247
2013-11-15,4708.541
2013-11-18,4715.257
2013-11-19,4716.634
2013-11-20,4688.165
2013-11-21,4671.215
2013-11-22,4699.33
2013-11-25,4680.474
2013-11-26,4678.551
2013-11-27,4681.808
2013-11-28,4696.98
2013-11-29,4694.734
2013-12-02,4687.846
2013-12-03,4665.832
2013-12-04,4694.406
2013-12-05,4672.604
2013-12-06,4699.87
2013-12-09,4728.473
2013-12-10,4713.646
2013-12-11,4670.739
2013-12-12,4624.554
2013-12-13,4623.513
2013-12-16,4648.224
2013-12-17,4671.771
2013-12-18,4715.181
2013-12-19,4726.579
2013-12-20,4726.887
2013-12-23,4764.716
2013-12-24,4779.265
2013-12-25,4781.507
2013-12-26,4789.097
2013-12-27,4820.202
2013-12-30,4823.739
2013-12-31,4827.017
2014-01-01,4827.291
2014-01-02,4794.121
2014-01-03,4795.617
2014-01-06,4776.18
2014-01-07,4756.965
2014-01-08,4766.916
2014-01-09,4749.998
2014-01-10,4785.376
2014-01-13,4775.715
2014-01-14,4819.979
2014-01-15,4847.345
2014-01-16,4815.867
2014-01-17,4812.579
2014-01-20,4826.812
2014-01-21,4838.029
2014-01-22,4832.934
2014-01-23,4783.808
2014-01-24,4673.114
2014-01-27,4625.023
2014-01-28,4645.245
2014-01-29,4607.085
2014-01-30,4589.385
2014-01-31,4585.87
2014-02-03,4513.497
2014-02-04,4516.682
2014-02-05,4538.844
2014-02-06,4599.807
2014-02-07,4646.256
2014-02-10,4645.633
2014-02-11,4675.917
2014-02-12,4646.705
2014-02-13,4648.474
2014-02-14,4657.791
2014-02-17,4674.728
2014-02-18,4682.494
2014-02-19,4688.316
2014-02-20,4717.68
2014-02-21,4734.444
2014-02-24,4713.316
2014-02-25,4721.581
2014-02-26,4731.93
2014-02-27,4745.63
2014-02-28,4781.318
2014-03-03,4770.674
2014-03-04,4818.885
2014-03-05,4863.166
2014-03-06,4902.708
2014-03-07,4889.95
2014-03-10,4896.523
2014-03-11,4868.294
2014-03-12,4853.855
2014-03-13,4807.874
2014-03-14,4802.992
2014-03-17,4831.868
2014-03-18,4856.511
2014-03-19,4828.169
2014-03-20,4811.364
2014-03-21,4817.352
2014-03-24,4814.798
2014-03-25,4842.148
2014-03-26,4867.335
2014-03-27,4901.006
2014-03-28,4919.222
2014-03-31,4956.597
2014-04-01,4946.502
2014-04-02,4935.607
2014-04-03,4939.618
2014-04-04,4919.456
2014-04-07,4890.194
2014-04-08,4906.015
2014-04-09,4933.866
2014-04-10,4912.558
2014-04-11,4875.844
2014-04-14,4906.723
2014-04-15,4908.928
2014-04-16,4970.521
2014-04-17,4983.718
2014-04-18,4984.45
2014-04-21,4981.14
2014-04-22,4988.528
2014-04-23,5026.36
2014-04-24,4995.929
2014-04-25,4994.375
2014-04-28,4991.816
2014-04-29,4998.784
2014-04-30,5041.47
2014-05-01,5024.472
2014-05-02,5034.276
2014-05-05,5002.345
2014-05-06,5010.943
2014-05-07,5059.608
2014-05-08,5056.268
2014-05-09,5039.671
2014-05-12,5071.233
2014-05-13,5089.926
2014-05-14,5099.408
2014-05-15,5061.39
2014-05-16,5084.304
2014-05-19,5086.379
2014-05-20,5059.425
2014-05-21,5049.821
2014-05-22,5054.757
2014-05-23,5051.617
2014-05-26,5049.795
2014-05-27,5072.081
2014-05-28,5060.218
2014-05-29,5103.345
2014-05-30,5089.242
2014-06-02,5097.879
2014-06-03,5076.109
2014-06-04,5071.571
2014-06-05,5084.257
2014-06-06,5111.636
2014-06-09,5104.746
2014-06-10,5090.897
2014-06-11,5067.241
2014-06-12,5034.818
2014-06-13,5033.361
2014-06-16,5047.726
2014-06-17,5066.185
2014-06-18,5107.42
2014-06-19,5139.524
2014-06-20,5135.825
2014-06-23,5127.227
2014-06-24,5123.694
2014-06-25,5132.901
2014-06-26,5134.823
2014-06-27,5141.065
2014-06-30,5143.786
2014-07-01,5153.234
2014-07-02,5186.271
2014-07-03,5198.652
2014-07-04,5205.756
2014-07-07,5207.606
2014-07-08,5176.872
2014-07-09,5159.146
2014-07-10,5122.197
2014-07-11,5122.944
2014-07-14,5139.115
2014-07-15,5115.015
2014-07-16,5137.501
2014-07-17,5105.357
2014-07-18,5122.743
2014-07-21,5111.3
2014-07-22,5143.782
2014-07-23,5126.455
2014-07-24,5148.599
2014-07-25,5121.751
2014-07-28,5119.055
2014-07-29,5084.487
2014-07-30,5033.913
2014-07-31,4995.968
2014-08-01,5020.25
2014-08-04,5033.721
2014-08-05,5038.733
2014-08-06,5052.639
2014-08-07,5006.431
2014-08-08,5011.79
2014-08-11,5077.341
2014-08-12,5078.858
2014-08-13,5070.603
2014-08-14,5097.165
2014-08-15,5098.118
2014-08-18,5127.321
2014-08-19,5140.688
2014-08-20,5137.205
2014-08-21,5133.46
2014-08-22,5094.394
2014-08-25,5124.729
2014-08-26,5148.736
2014-08-27,5166.635
2014-08-28,5160.546
2014-08-29,5154.964
2014-09-01,5149.108
2014-09-02,5152.434
2014-09-03,5157.074
2014-09-04,5128.178
2014-09-05,5127.952
2014-09-08,5091.932
2014-09-09,5047.592
2014-09-10,5052.13
2014-09-11,5050.034
2014-09-12,5021.136
2014-09-15,5030.609
2014-09-16,5063.303
2014-09-17,5060.671
2014-09-18,5092.455
2014-09-19,5075.747
2014-09-22,5049.824
2014-09-23,5029.178
2014-09-24,5040.986
2014-09-25,4988.688
2014-09-26,5007.72
2014-09-29,5002.569
2014-09-30,5021.155
2014-10-01,4956.481
2014-10-02,4925.923
2014-10-03,4927.166
2014-10-06,4970.51
2014-10-07,4933.698
2014-10-08,4936.927
2014-10-09,4889.315
2014-10-10,4809.971
2014-10-13,4776.017
2014-10-14,4806.234
2014-10-15,4775.578
2014-10-16,4729.096
2014-10-17,4788.567
2014-10-20,4843.651
2014-10-21,4869.092
2014-10-22,4874.039
2014-10-23,4857.907
2014-10-24,4914.117
2014-10-27,4891.45
2014-10-28,4960.219
2014-10-29,4960.601
2014-10-30,5001.544
2014-10-31,5064.207
2014-11-03,5005.441
2014-11-04,5042.634
2014-11-05,5087.986
2014-11-06,5093.84
2014-11-07,5111.475
2014-11-10,5125.098
2014-11-11,5159.674
2014-11-12,5166.765
2014-11-13,5169.623
2014-11-14,5166.916
2014-11-17,5191.838
2014-11-18,5255.293
2014-11-19,5275.467
2014-11-20,5290.644
2014-11-21,5327.227
2014-11-24,5256.099
2014-11-25,5254.197
2014-11-26,5273.056
2014-11-27,5261.706
2014-11-28,5227.038
2014-12-01,5203.046
2014-12-02,5190.613
2014-12-03,5238.826
2014-12-04,5212.867
2014-12-05,5226.289
2014-12-08,5176.135
2014-12-09,5173.771
2014-12-10,5119.581
2014-12-11,5106.923
2014-12-12,5014.772
2014-12-15,4982.511
2014-12-16,4962.56
2014-12-17,5026.49
2014-12-18,5095.066
2014-12-19,5170.898
2014-12-22,5208.342
2014-12-23,5220.296
2014-12-24,5208.671
2014-12-25,5211.369
2014-12-26,5214.608
2014-12-29,5215.961
2014-12-30,5198.764
2014-12-31,5157.469
2015-01-01,5157.758
2015-01-02,5156.108
2015-01-05,5052.802
2015-01-06,5035.926
2015-01-07,5081.839
2015-01-08,5161.065
2015-01-09,5146.769
2015-01-12,5136.31
2015-01-13,5117.981
2015-01-14,5108.156
2015-01-15,5131.922
2015-01-16,5150.79
2015-01-19,5176.965
2015-01-20,5169.146
2015-01-21,5198.499
2015-01-22,5242.796
2015-01-23,5209.457
2015-01-26,5230.178
2015-01-27,5243.573
2015-01-28,5196.202
2015-01-29,5212.22
2015-01-30,5160.954
2015-02-02,5199.601
2015-02-03,5212.136
2015-02-04,5178.06
2015-02-05,5235.988
2015-02-06,5195.643
2015-02-09,5205.786
2015-02-10,5215.625
2015-02-11,5197.677
2015-02-12,5213.014
2015-02-13,5246.07
2015-02-16,5246.23
2015-02-17,5244.994
2015-02-18,5282.502
2015-02-19,5295.106
2015-02-20,5310.13
2015-02-23,5305.795
2015-02-24,5321.974
2015-02-25,5312.988
2015-02-26,5269.133
2015-02-27,5280.087
2015-03-02,5270.671
2015-03-03,5256.418
2015-03-04,5196.62
2015-03-05,5179.758
2015-03-06,5118.48
2015-03-09,5107.865
2015-03-10,5018.168
2015-03-11,4981.776
2015-03-12,5020.846
2015-03-13,4975.36
2015-03-16,5005.68
2015-03-17,4998.232
2015-03-18,5032.162
2015-03-19,4977.64
2015-03-20,5026.324
2015-03-23,5043.563
2015-03-24,5008.647
2015-03-25,4991.228
2015-03-26,4957.108
2015-03-27,4953.835
2015-03-30,4991.843
2015-03-31,4953.485
2015-04-01,4984.41
2015-04-02,5029.001
2015-04-03,5036.642
2015-04-06,5070.908
2015-04-07,5091.294
2015-04-08,5112.166
2015-04-09,5117.75
2015-04-10,5132.132
2015-04-13,5105.486
2015-04-14,5127.276
2015-04-15,5142.137
2015-04-16,5157.493
2015-04-17,5082.09
2015-04-20,5053.534
2015-04-21,5032.787
2015-04-22,5032.29
2015-04-23,5083.692
2015-04-24,5093.342
2015-04-27,5096.253
2015-04-28,5087.215
2015-04-29,5134.116
2015-04-30,5102.969
2015-05-01,5159.313
2015-05-04,5183.654
2015-05-05,5156.669
2015-05-06,5174.384
2015-05-07,5183.262
2015-05-08,5332.625
2015-05-11,5324.192
2015-05-12,5309.583
2015-05-13,5356.959
2015-05-14,5396.274
2015-05-15,5408.411
2015-05-18,5407.218
2015-05-19,5401.988
2015-05-20,5421.245
2015-05-21,5444.261
2015-05-22,5436.9
2015-05-25,5439.576
2015-05-26,5384.383
2015-05-27,5400.705
2015-05-28,5384.639
2015-05-29,5392.004
2015-06-01,5354.449
2015-06-02,5376.207
2015-06-03,5381.107
2015-06-04,5328.989
2015-06-05,5288.82
2015-06-08,5267.338
2015-06-09,5266.855
2015-06-10,5361.375
2015-06-11,5358.637
2015-06-12,5347.346
2015-06-15,5306.979
2015-06-16,5317.712
2015-06-17,5317.545
2015-06-18,5350.819
2015-06-19,5347.413
2015-06-22,5395.385
2015-06-23,5394.422
2015-06-24,5340.944
2015-06-25,5351.362
2015-06-26,5317.121
2015-06-29,5229.758
2015-06-30,5245.615
2015-07-01,5264.597
2015-07-02,5298.809
2015-07-03,5297.177
2015-07-06,5240.794
2015-07-07,5220.545
2015-07-08,5150.943
2015-07-09,5180.291
2015-07-10,5242.118
2015-07-13,5276.865
2015-07-14,5294.437
2015-07-15,5296.217
2015-07-16,5335.589
2015-07-17,5346.048
2015-07-20,5311.712
2015-07-21,5299.43
2015-07-22,5268.959
2015-07-23,5232.112
2015-07-24,5179.148
2015-07-27,5113.942
2015-07-28,5137.192
2015-07-29,5167.281
2015-07-30,5168.566
2015-07-31,5193.758
2015-08-03,5164.155
2015-08-04,5177.802
2015-08-05,5189.184
2015-08-06,5162.609
2015-08-07,5117.903
2015-08-10,5174.503
2015-08-11,5106.662
2015-08-12,5126.333
2015-08-13,5131.519
2015-08-14,5133.81
2015-08-17,5155.565
2015-08-18,5151.019
2015-08-19,5071.193
2015-08-20,5022.552
2015-08-21,4864.313
2015-08-24,4710.879
2015-08-25,4687.544
2015-08-26,4693.004
2015-08-27,4804.508
2015-08-28,4823.694
2015-08-31,4824.132
2015-09-01,4709.22
2015-09-02,4722.52
2015-09-03,4778.269
2015-09-04,4696.746
2015-09-07,4684.673
2015-09-08,4726.743
2015-09-09,4729.722
2015-09-10,4703.108
2015-09-11,4679.692
2015-09-14,4656.888
2015-09-15,4699.573
2015-09-16,4740.339
2015-09-17,4732.879
2015-09-18,4643.89
2015-09-21,4616.074
2015-09-22,4517.239
2015-09-23,4443.868
2015-09-24,4436.465
2015-09-25,4463.521
2015-09-28,4377.975
2015-09-29,4370.471
2015-09-30,4459.482
2015-10-01,4449.521
2015-10-02,4518.507
2015-10-05,4621.938
2015-10-06,4637.71
2015-10-07,4680.966
2015-10-08,4715.068
2015-10-09,4739.431
2015-10-12,4735.588
2015-10-13,4662.544
2015-10-14,4663.222
2015-10-15,4699.321
2015-10-16,4710.147
2015-10-19,4704.171
2015-10-20,4732.515
2015-10-21,4759.172
2015-10-22,4819.685
2015-10-23,4849.924
2015-10-26,4810.028
2015-10-27,4753.823
2015-10-28,4809.224
2015-10-29,4743.04
2015-10-30,4705.368
2015-11-02,4720.448
2015-11-03,4727.783
2015-11-04,4676.827
2015-11-05,4681.008
2015-11-06,4650.029
2015-11-09,4636.0
2015-11-10,4603.657
2015-11-11,4613.453
2015-11-12,4539.721
2015-11-13,4558.458
2015-11-16,4593.168
2015-11-17,4583.473
2015-11-18,4625.066
2015-11-19,4617.846
2015-11-20,4580.567
2015-11-23,4608.985
2015-11-24,4632.119
2015-11-25,4674.322
2015-11-26,4682.629
2015-11-27,4657.292
2015-11-30,4669.688
2015-12-01,4699.467
2015-12-02,4669.608
2015-12-03,4661.812
2015-12-04,4674.942
2015-12-07,4663.478
2015-12-08,4610.996
2015-12-09,4643.629
2015-12-10,4624.76
2015-12-11,4555.866
2015-12-14,4508.258
2015-12-15,4544.997
2015-12-16,4596.965
2015-12-17,4543.049
2015-12-18,4520.006
2015-12-21,4511.781
2015-12-22,4588.564
2015-12-23,4670.224
2015-12-24,4670.179
2015-12-25,4663.827
2015-12-28,4646.312
2015-12-29,4660.695
2015-12-30,4632.224
2015-12-31,4586.45
2016-01-04,4524.688
2016-01-05,4515.029
2016-01-06,4434.603
2016-01-07,4353.184
2016-01-08,4336.375
2016-01-11,4307.681
2016-01-12,4317.274
2016-01-13,4295.342
2016-01-14,4283.308
2016-01-15,4224.599
2016-01-18,4207.994
2016-01-19,4180.366
2016-01-20,4112.41
2016-01-21,4116.307
2016-01-22,4200.634
2016-01-25,4127.467
2016-01-26,4165.734
2016-01-27,4180.798
2016-01-28,4232.126
2016-01-29,4339.079
2016-02-01,4361.385
2016-02-02,4270.96
2016-02-03,4346.247
2016-02-04,4408.324
2016-02-05,4440.666
2016-02-08,4405.414
2016-02-09,4393.07
2016-02-10,4357.13
2016-02-11,4278.848
2016-02-12,4296.858
2016-02-15,4337.215
2016-02-16,4390.594
2016-02-17,4466.61
2016-02-18,4499.638
2016-02-19,4428.738
2016-02-22,4501.092
2016-02-23,4461.739
2016-02-24,4472.152
2016-02-25,4518.31
2016-02-26,4510.575
2016-02-29,4524.798
2016-03-01,4583.115
2016-03-02,4589.921
2016-03-03,4656.712
2016-03-04,4691.579
2016-03-07,4728.401
2016-03-08,4681.528
2016-03-09,4711.41
2016-03-10,4710.329
2016-03-11,4758.236
2016-03-14,4743.017
2016-03-15,4692.801
2016-03-16,4723.416
2016-03-17,4825.727
2016-03-18,4821.019
2016-03-21,4807.218
2016-03-22,4777.855
2016-03-23,4720.596
2016-03-24,4676.148
2016-03-25,4682.562
2016-03-28,4714.681
2016-03-29,4745.145
2016-03-30,4778.844
2016-03-31,4698.447
2016-04-01,4695.682
2016-04-04,4665.87
2016-04-05,4627.257
2016-04-06,4643.376
2016-04-07,4629.933
2016-04-08,4664.161
2016-04-11,4659.519
2016-04-12,4694.748
2016-04-13,4728.808
2016-04-14,4685.874
2016-04-15,4711.437
2016-04-18,4733.698
2016-04-19,4849.935
2016-04-20,4854.838
2016-04-21,4826.757
2016-04-22,4816.848
2016-04-25,4810.27
2016-04-26,4846.645
2016-04-27,4871.324
2016-04-28,4880.742
2016-04-29,4893.615
2016-05-02,4905.812
2016-05-03,4829.953
2016-05-04,4802.033
2016-05-05,4745.482
2016-05-06,4763.941
2016-05-09,4758.149
2016-05-10,4836.492
2016-05-11,4808.949
2016-05-12,4831.735
2016-05-13,4794.626
2016-05-16,4830.121
2016-05-17,4802.911
2016-05-18,4763.468
2016-05-19,4758.833
2016-05-20,4772.466
2016-05-23,4804.914
2016-05-24,4831.876
2016-05-25,4879.664
2016-05-26,4889.427
2016-05-27,4878.09
2016-05-30,4872.921
2016-05-31,4876.633
2016-06-01,4875.623
2016-06-02,4890.26
2016-06-03,4955.313
2016-06-06,4985.574
2016-06-07,5010.357
2016-06-08,4999.842
2016-06-09,4971.307
2016-06-10,4904.352
2016-06-13,4832.078
2016-06-14,4792.704
2016-06-15,4806.333
2016-06-16,4776.934
2016-06-17,4816.129
2016-06-20,4877.49
2016-06-21,4866.522
2016-06-22,4829.945
2016-06-23,4909.348
2016-06-24,4711.968
2016-06-27,4541.134
2016-06-28,4630.87
2016-06-29,4712.747
2016-06-30,4765.182
2016-07-01,4774.864
2016-07-04,4781.097
2016-07-05,4708.311
2016-07-06,4698.015
2016-07-07,4720.834
2016-07-08,4782.078
2016-07-11,4802.18
2016-07-12,4840.474
2016-07-13,4880.053
2016-07-14,4942.418
2016-07-15,4940.404
2016-07-18,4975.925
2016-07-19,4950.259
2016-07-20,4940.761
2016-07-21,4942.107
2016-07-22,4914.567
2016-07-25,4897.757
2016-07-26,4912.847
2016-07-27,4903.738
2016-07-28,4894.476
2016-07-29,4939.212
2016-08-01,4906.714
2016-08-02,4906.755
2016-08-03,4895.758
2016-08-04,4886.42
2016-08-05,4917.536
2016-08-08,4950.937
2016-08-09,4972.793
2016-08-10,4966.185
2016-08-11,4977.627
2016-08-12,4963.959
2016-08-15,4991.709
2016-08-16,4968.729
2016-08-17,4961.994
2016-08-18,4947.764
2016-08-19,4985.545
2016-08-22,5048.467
2016-08-23,5087.456
2016-08-24,5056.187
2016-08-25,5041.051
2016-08-26,5006.788
2016-08-29,5023.624
2016-08-30,5093.377
2016-08-31,5106.791
2016-09-01,5101.162
2016-09-02,5153.17
2016-09-05,5162.815
2016-09-06,5164.432
2016-09-07,5159.798
2016-09-08,5145.318
2016-09-09,5039.363
2016-09-12,5008.833
2016-09-13,4921.29
2016-09-14,4912.122
2016-09-15,4912.367
2016-09-16,4895.89
2016-09-19,4906.378
2016-09-20,4909.034
2016-09-21,4963.281
2016-09-22,5012.484
2016-09-23,4968.072
2016-09-26,4928.322
2016-09-27,4930.388
2016-09-28,4959.289
2016-09-29,4949.209
2016-09-30,4964.552
2016-10-03,4986.107
2016-10-04,4958.992
2016-10-05,4992.228
2016-10-06,5002.042
2016-10-07,4939.132
2016-10-10,4974.699
2016-10-11,4948.989
2016-10-12,4916.732
2016-10-13,4899.366
2016-10-14,4881.428
2016-10-17,4867.232
2016-10-18,4920.593
2016-10-19,4954.932
2016-10-20,4956.523
2016-10-21,4955.142
2016-10-24,4957.716
2016-10-25,4943.994
2016-10-26,4946.103
2016-10-27,4917.851
2016-10-28,4939.414
2016-10-31,4935.745
2016-11-01,4973.702
2016-11-02,4990.948
2016-11-03,4978.78
2016-11-04,4931.08
2016-11-07,4998.91
2016-11-08,5078.228
2016-11-09,4994.97
2016-11-10,4964.009
2016-11-11,4908.958
2016-11-14,4931.95
2016-11-15,4972.596
2016-11-16,4967.789
2016-11-17,4959.876
2016-11-18,4989.01
2016-11-21,4973.318
2016-11-22,4965.212
2016-11-23,4984.403
2016-11-24,4999.744
2016-11-25,5038.919
2016-11-28,4998.604
2016-11-29,4986.97
2016-11-30,5005.769
2016-12-01,5035.242
2016-12-02,5032.658
2016-12-05,5072.761
2016-12-06,5114.196
2016-12-07,5173.953
2016-12-08,5213.777
2016-12-09,5240.451
2016-12-12,5227.455
2016-12-13,5192.95
2016-12-14,5157.601
2016-12-15,5134.919
2016-12-16,5138.531
2016-12-19,5117.116
2016-12-20,5127.111
2016-12-21,5129.754
2016-12-22,5126.326
2016-12-23,5127.086
2016-12-26,5123.168
2016-12-27,5157.259
2016-12-28,5139.005
2016-12-29,5153.761
2016-12-30,5158.104
2017-01-02,5160.941
2017-01-03,5174.468
2017-01-04,5234.747
2017-01-05,5252.216
2017-01-06,5216.29
2017-01-09,5206.401
2017-01-10,5196.228
2017-01-11,5234.552
2017-01-12,5235.257
2017-01-13,5237.41
2017-01-16,5221.896
2017-01-17,5235.403
2017-01-18,5236.704
2017-01-19,5215.77
2017-01-20,5291.454
2017-01-23,5305.617
2017-01-24,5366.56
2017-01-25,5391.954
2017-01-26,5306.464
2017-01-27,5304.343
2017-01-30,5266.816
2017-01-31,5278.642
2017-02-01,5291.07
2017-02-02,5278.715
2017-02-03,5299.334
2017-02-06,5261.724
2017-02-07,5287.449
2017-02-08,5294.382
2017-02-09,5279.669
2017-02-10,5322.938
2017-02-13,5338.629
2017-02-14,5324.018
2017-02-15,5340.958
2017-02-16,5339.285
2017-02-17,5364.15
2017-02-20,5354.629
2017-02-21,5330.576
2017-02-22,5326.656
2017-02-23,5294.296
2017-02-24,5284.726
2017-02-27,5283.456
2017-02-28,5298.398
2017-03-01,5328.287
2017-03-02,5271.968
2017-03-03,5272.546
2017-03-06,5246.229
2017-03-07,5233.546
2017-03-08,5198.983
2017-03-09,5217.931
2017-03-10,5247.355
2017-03-13,5244.466
2017-03-14,5205.514
2017-03-15,5238.379
2017-03-16,5258.16
2017-03-17,5242.915
2017-03-20,5249.359
2017-03-21,5217.561
2017-03-22,5220.225
2017-03-23,5244.749
2017-03-24,5236.999
2017-03-27,5216.329
2017-03-28,5257.188
2017-03-29,5274.131
2017-03-30,5251.46
2017-03-31,5249.461
2017-04-03,5258.255
2017-04-04,5255.205
2017-04-05,5254.898
2017-04-06,5259.63
2017-04-07,5244.294
2017-04-10,5262.913
2017-04-11,5285.083
2017-04-12,5295.143
2017-04-13,5277.047
2017-04-14,5269.418
2017-04-17,5296.171
2017-04-18,5302.382
2017-04-19,5277.827
2017-04-20,5292.738
2017-04-21,5270.822
2017-04-24,5332.607
2017-04-25,5371.353
2017-04-26,5359.566
2017-04-27,5380.961
2017-04-28,5375.758
2017-05-01,5367.724
2017-05-02,5309.028
2017-05-03,5237.515
2017-05-04,5247.549
2017-05-05,5284.732
2017-05-08,5278.07
2017-05-09,5264.816
2017-05-10,5284.769
2017-05-11,5250.396
2017-05-12,5269.751
2017-05-15,5297.03
2017-05-16,5303.517
2017-05-17,5271.065
2017-05-18,5228.614
2017-05-19,5329.353
2017-05-22,5360.693
2017-05-23,5431.298
2017-05-24,5431.906
2017-05-25,5437.925
2017-05-26,5419.245
2017-05-29,5419.291
2017-05-30,5402.579
2017-05-31,5385.407
2017-06-01,5412.905
2017-06-02,5430.244
2017-06-05,5430.621
2017-06-06,5442.602
2017-06-07,5440.031
2017-06-08,5441.384
2017-06-09,5449.31
2017-06-12,5457.299
2017-06-13,5506.858
2017-06-14,5511.114
2017-06-15,5455.35
2017-06-16,5476.626
2017-06-19,5487.437
2017-06-20,5426.898
2017-06-21,5399.426
2017-06-22,5392.221
2017-06-23,5408.759
2017-06-26,5410.914
2017-06-27,5370.613
2017-06-28,5397.726
2017-06-29,5372.685
2017-06-30,5409.31
2017-07-03,5427.387
2017-07-04,5436.777
2017-07-05,5429.114
2017-07-06,5385.246
2017-07-07,5390.257
2017-07-10,5426.491
2017-07-11,5396.993
2017-07-12,5417.469
2017-07-13,5467.166
2017-07-14,5498.621
2017-07-17,5501.613
2017-07-18,5484.687
2017-07-19,5519.579
2017-07-20,5533.897
2017-07-21,5540.612
2017-07-24,5532.246
2017-07-25,5565.951
2017-07-26,5556.76
2017-07-27,5566.963
2017-07-28,5576.41
2017-07-31,5572.388
2017-08-01,5604.879
2017-08-02,5619.156
2017-08-03,5636.178
2017-08-04,5660.734
2017-08-07,5688.937
2017-08-08,5666.267
2017-08-09,5674.221
2017-08-10,5637.921
2017-08-11,5608.238
2017-08-14,5635.75
2017-08-15,5637.121
2017-08-16,5652.624
2017-08-17,5593.203
2017-08-18,5544.96
2017-08-21,5543.733
2017-08-22,5564.526
2017-08-23,5558.041
2017-08-24,5541.489
2017-08-25,5552.819
2017-08-28,5552.728
2017-08-29,5555.479
2017-08-30,5561.389
2017-08-31,5594.823
2017-09-01,5661.627
2017-09-04,5645.725
2017-09-05,5631.046
2017-09-06,5668.213
2017-09-07,5683.636
2017-09-08,5677.349
2017-09-11,5690.752
2017-09-12,5693.937
2017-09-13,5705.4
2017-09-14,5725.582
2017-09-15,5773.837
2017-09-18,5834.68
2017-09-19,5839.427
2017-09-20,5826.146
2017-09-21,5819.644
2017-09-22,5822.014
2017-09-25,5812.384
2017-09-26,5778.854
2017-09-27,5778.17
2017-09-28,5777.212
2017-09-29,5831.114
2017-10-02,5850.48
2017-10-03,5871.487
2017-10-04,5906.585
2017-10-05,5900.339
2017-10-06,5859.066
2017-10-09,5860.301
2017-10-10,5884.843
2017-10-11,5882.718
2017-10-12,5899.604
2017-10-13,5961.809
2017-10-16,5952.374
2017-10-17,5925.235
2017-10-18,5937.772
2017-10-19,5928.125
2017-10-20,5931.5
2017-10-23,5932.528
2017-10-24,5956.357
2017-10-25,5945.94
2017-10-26,5929.377
2017-10-27,5933.953
2017-10-30,5933.577
2017-10-31,5943.652
2017-11-01,5950.436
2017-11-02,5909.29
2017-11-03,5890.956
2017-11-06,5889.378
2017-11-07,5878.621
2017-11-08,5845.804
2017-11-09,5817.119
2017-11-10,5814.531
2017-11-13,5817.76
2017-11-14,5798.498
2017-11-15,5770.17
2017-11-16,5824.809
2017-11-17,5836.413
2017-11-20,5863.075
2017-11-21,5913.828
2017-11-22,5936.666
2017-11-23,5940.793
2017-11-24,5954.718
2017-11-27,5948.642
2017-11-28,5968.2
2017-11-29,5976.231
2017-11-30,6001.81
2017-12-01,5990.224
2017-12-04,5989.945
2017-12-05,5965.283
2017-12-06,5946.994
2017-12-07,5943.86
2017-12-08,5975.732
2017-12-11,5998.097
2017-12-12,6006.19
2017-12-13,6002.709
2017-12-14,5962.9
2017-12-15,5974.725
2017-12-18,6022.018
2017-12-19,5984.885
2017-12-20,5988.097
2017-12-21,6024.326
2017-12-22,6050.974
2017-12-25,6052.917
2017-12-26,6077.575
2017-12-27,6096.664
2017-12-28,6103.71
2017-12-29,6105.95
2018-01-01,6105.629
2018-01-02,6161.623
2018-01-03,6174.801
2018-01-04,6233.62
2018-01-05,6263.801
2018-01-08,6252.232
2018-01-09,6263.482
2018-01-10,6248.149
2018-01-11,6289.365
2018-01-12,6295.836
2018-01-15,6316.96
2018-01-16,6286.587
2018-01-17,6266.485
2018-01-18,6222.693
2018-01-19,6293.126
2018-01-22,6355.042
2018-01-23,6367.402
2018-01-24,6383.324
2018-01-25,6401.7
2018-01-26,6454.06
2018-01-29,6391.373
2018-01-30,6353.802
2018-01-31,6320.559
2018-02-01,6321.045
2018-02-02,6200.736
2018-02-05,6036.102
2018-02-06,6019.513
2018-02-07,6022.799
2018-02-08,5910.443
2018-02-09,5893.809
2018-02-12,5947.388
2018-02-13,5954.901
2018-02-14,5998.093
2018-02-15,6056.952
2018-02-16,6090.485
2018-02-19,6088.001
2018-02-20,6056.566
2018-02-21,6056.978
2018-02-22,6061.522
2018-02-23,6150.761
2018-02-26,6165.356
2018-02-27,6084.584
2018-02-28,6044.917
2018-03-01,5985.069
2018-03-02,5973.265
2018-03-05,6011.019
2018-03-06,6038.059
2018-03-07,6027.884
2018-03-08,6031.019
2018-03-09,6104.583
2018-03-12,6125.207
2018-03-13,6086.443
2018-03-14,6040.641
2018-03-15,5971.377
2018-03-16,5964.244
2018-03-19,5912.882
2018-03-20,5899.525
2018-03-21,5881.224
2018-03-22,5786.922
2018-03-23,5721.958
2018-03-26,5778.727
2018-03-27,5783.47
2018-03-28,5743.259
2018-03-29,5809.349
2018-03-30,5813.522
2018-04-02,5719.251
2018-04-03,5756.903
2018-04-04,5742.512
2018-04-05,5800.492
2018-04-06,5737.934
2018-04-09,5787.105
2018-04-10,5856.719
2018-04-11,5826.267
2018-04-12,5870.314
2018-04-13,5873.424
2018-04-16,5884.915
2018-04-17,5917.98
2018-04-18,5947.693
2018-04-19,5947.355
2018-04-20,5876.957
2018-04-23,5873.136
2018-04-24,5831.647
2018-04-25,5825.857
2018-04-26,5853.348
2018-04-27,5882.104
2018-04-30,5815.104
2018-05-01,5793.402
2018-05-02,5764.159
2018-05-03,5735.987
2018-05-04,5764.423
2018-05-07,5774.005
2018-05-08,5776.267
2018-05-09,5794.907
2018-05-10,5830.401
2018-05-11,5833.24
2018-05-14,5866.796
2018-05-15,5868.562
2018-05-16,5879.282
2018-05-17,5891.353
2018-05-18,5925.378
2018-05-21,5969.177
2018-05-22,5939.761
2018-05-23,5920.93
2018-05-24,5916.619
2018-05-25,5921.807
2018-05-28,5906.813
2018-05-29,5854.137
2018-05-30,5878.167
2018-05-31,5793.684
2018-06-01,5816.828
2018-06-04,5840.729
2018-06-05,5856.935
2018-06-06,5921.578
2018-06-07,5936.496
2018-06-08,5939.977
2018-06-11,5978.245
2018-06-12,5972.828
2018-06-13,5963.58
2018-06-14,5938.888
2018-06-15,5923.329
2018-06-18,5881.024
2018-06-19,5812.859
2018-06-20,5784.439
2018-06-21,5772.805
2018-06-22,5818.887
2018-06-25,5772.559
2018-06-26,5781.306
2018-06-27,5749.102
2018-06-28,5727.538
2018-06-29,5746.358
2018-07-02,5693.433
2018-07-03,5722.676
2018-07-04,5704.316
2018-07-05,5711.733
2018-07-06,5732.124
2018-07-09,5775.628
2018-07-10,5803.055
2018-07-11,5716.64
2018-07-12,5712.183
2018-07-13,5671.661
2018-07-16,5634.428
2018-07-17,5649.206
2018-07-18,5630.87
2018-07-19,5641.823
2018-07-20,5648.201
2018-07-23,5631.281
2018-07-24,5685.078
2018-07-25,5698.731
2018-07-26,5773.086
2018-07-27,5766.233
2018-07-30,5709.01
2018-07-31,5759.567
2018-08-01,5719.727
2018-08-02,5786.978
2018-08-03,5787.37
2018-08-06,5805.254
2018-08-07,5831.281
2018-08-08,5822.519
2018-08-09,5829.597
2018-08-10,5726.682
2018-08-13,5650.358
2018-08-14,5669.105
2018-08-15,5610.499
2018-08-16,5655.687
2018-08-17,5712.567
2018-08-20,5737.212
2018-08-21,5732.069
2018-08-22,5729.377
2018-08-23,5713.015
2018-08-24,5759.327
2018-08-27,5813.087
2018-08-28,5820.843
2018-08-29,5861.303
2018-08-30,5822.63
2018-08-31,5824.436
2018-09-03,5817.753
2018-09-04,5758.772
2018-09-05,5767.194
2018-09-06,5767.558
2018-09-07,5765.332
2018-09-10,5789.056
2018-09-11,5800.285
2018-09-12,5831.922
2018-09-13,5840.854
2018-09-14,5854.041
2018-09-17,5901.569
2018-09-18,5898.157
2018-09-19,5920.282
2018-09-20,5975.046
2018-09-21,5973.175
2018-09-24,5938.572
2018-09-25,5960.822
2018-09-26,5964.278
2018-09-27,5947.175
2018-09-28,5966.921
2018-10-01,5964.754
2018-10-02,6012.433
2018-10-03,6038.288
2018-10-04,6042.157
2018-10-05,6041.545
2018-10-08,6070.667
2018-10-09,6011.946
2018-10-10,5893.631
2018-10-11,5796.783
2018-10-12,5845.372
2018-10-15,5850.468
2018-10-16,5958.195
2018-10-17,5924.887
2018-10-18,5862.314
2018-10-19,5874.947
2018-10-22,5830.643
2018-10-23,5717.592
2018-10-24,5604.177
2018-10-25,5636.382
2018-10-26,5583.228
2018-10-29,5605.656
2018-10-30,5671.367
2018-10-31,5689.817
2018-11-01,5836.199
2018-11-02,5850.777
2018-11-05,5836.955
2018-11-06,5921.155
2018-11-07,5997.659
2018-11-08,5994.326
2018-11-09,5968.407
2018-11-12,5911.584
2018-11-13,5859.56
2018-11-14,5776.981
2018-11-15,5776.319
2018-11-16,5820.059
2018-11-19,5762.511
2018-11-20,5644.059
2018-11-21,5678.975
2018-11-22,5687.319
2018-11-23,5665.782
2018-11-26,5719.476
2018-11-27,5666.088
2018-11-28,5680.122
2018-11-29,5710.966
2018-11-30,5719.067
2018-12-03,5883.606
2018-12-04,5748.979
2018-12-05,5734.749
2018-12-06,5660.339
2018-12-07,5561.397
2018-12-10,5477.402
2018-12-11,5452.637
2018-12-12,5510.012
2018-12-13,5501.41
2018-12-14,5448.736
2018-12-17,5351.246
2018-12-18,5330.868
2018-12-19,5328.301
2018-12-20,5227.602
2018-12-21,5186.561
2018-12-24,5089.219
2018-12-25,5072.536
2018-12-26,5178.466
2018-12-27,5220.778
2018-12-28,5210.822
2018-12-31,5268.807
2019-01-01,5269.233
2019-01-02,5244.283
2019-01-03,5200.819
2019-01-04,5367.005
2019-01-07,5438.362
2019-01-08,5516.973
2019-01-09,5557.629
2019-01-10,5611.88
2019-01-11,5595.157
2019-01-14,5565.695
2019-01-15,5592.46
2019-01-16,5563.457
2019-01-17,5634.751
2019-01-18,5725.32
2019-01-21,5747.73
2019-01-22,5641.975
2019-01-23,5640.985
2019-01-24,5631.889
2019-01-25,5693.893
2019-01-28,5684.246
2019-01-29,5704.708
2019-01-30,5736.117
2019-01-31,5755.439
2019-02-01,5790.206
2019-02-04,5761.266
2019-02-05,5746.655
2019-02-06,5727.573
2019-02-07,5667.923
2019-02-08,5619.651
2019-02-11,5613.115
2019-02-12,5690.99
2019-02-13,5716.943
2019-02-14,5685.378
2019-02-15,5673.119
2019-02-18,5700.145
2019-02-19,5702.908
2019-02-20,5757.269
2019-02-21,5786.981
2019-02-22,5795.406
2019-02-25,5800.264
2019-02-26,5757.399
2019-02-27,5755.142
2019-02-28,5702.096
2019-03-01,5710.181
2019-03-04,5733.649
2019-03-05,5702.022
2019-03-06,5681.318
2019-03-07,5626.362
2019-03-08,5586.524
2019-03-11,5657.549
2019-03-12,5683.819
2019-03-13,5717.163
2019-03-14,5716.858
2019-03-15,5753.453
2019-03-18,5776.783
2019-03-19,5816.325
2019-03-20,5760.983
2019-03-21,5812.239
2019-03-22,5710.033
2019-03-25,5688.188
2019-03-26,5716.232
2019-03-27,5732.584
2019-03-28,5774.027
2019-03-29,5797.925
2019-04-01,5848.372
