date,3061
2002-11-15,1000.0
2002-11-18,1004.808
2002-11-19,1000.762
2002-11-20,997.318
2002-11-21,1007.39
2002-11-22,997.09
2002-11-25,995.004
2002-11-26,981.342
2002-11-27,995.696
2002-11-28,1002.595
2002-11-29,1004.197
2002-12-02,998.191
2002-12-03,1002.698
2002-12-04,1003.519
2002-12-05,1004.52
2002-12-06,1012.414
2002-12-09,1000.836
2002-12-10,1002.752
2002-12-11,1002.493
2002-12-12,1006.775
2002-12-13,1011.18
2002-12-16,1028.331
2002-12-17,1030.844
2002-12-18,1019.082
2002-12-19,1017.384
2002-12-20,1028.442
2002-12-23,1039.659
2002-12-24,1038.646
2002-12-25,1038.276
2002-12-26,1040.063
2002-12-27,1025.68
2002-12-30,1036.586
2002-12-31,1041.833
2003-01-02,1052.012
2003-01-03,1055.723
2003-01-06,1069.847
2003-01-07,1049.481
2003-01-08,1032.355
2003-01-09,1043.452
2003-01-10,1043.687
2003-01-13,1040.139
2003-01-14,1041.396
2003-01-15,1037.495
2003-01-16,1042.734
2003-01-17,1036.602
2003-01-20,1027.637
2003-01-21,1014.672
2003-01-22,1004.964
2003-01-23,1007.896
2003-01-24,996.416
2003-01-27,973.37
2003-01-28,981.288
2003-01-29,1004.915
2003-01-30,998.683
2003-01-31,1002.29
2003-02-03,1012.097
2003-02-04,1017.483
2003-02-05,1018.908
2003-02-06,1003.626
2003-02-07,993.939
2003-02-10,997.425
2003-02-11,999.708
2003-02-12,987.848
2003-02-13,988.019
2003-02-14,993.282
2003-02-17,998.331
2003-02-18,1006.964
2003-02-19,1002.493
2003-02-20,1002.785
2003-02-21,1015.29
2003-02-24,1015.912
2003-02-25,1006.874
2003-02-26,1004.372
2003-02-27,1007.7
2003-02-28,1010.797
2003-03-03,1015.941
2003-03-04,1008.284
2003-03-05,1009.032
2003-03-06,1000.353
2003-03-07,989.065
2003-03-10,979.008
2003-03-11,973.735
2003-03-12,954.55
2003-03-13,971.682
2003-03-14,978.624
2003-03-17,991.941
2003-03-18,990.501
2003-03-19,996.225
2003-03-20,997.06
2003-03-21,1005.356
2003-03-24,990.552
2003-03-25,1001.716
2003-03-26,1003.472
2003-03-27,997.237
2003-03-28,998.056
2003-03-31,988.945
2003-04-01,999.267
2003-04-02,1002.974
2003-04-03,1002.709
2003-04-04,1007.193
2003-04-07,1015.205
2003-04-08,1007.134
2003-04-09,1005.945
2003-04-10,1002.819
2003-04-11,1000.749
2003-04-14,1004.475
2003-04-15,1014.366
2003-04-16,1007.868
2003-04-17,1015.98
2003-04-18,1016.024
2003-04-21,1013.314
2003-04-22,1023.626
2003-04-23,1023.211
2003-04-24,1010.518
2003-04-25,994.101
2003-04-28,1004.656
2003-04-29,1001.696
2003-04-30,1008.783
2003-05-01,1014.602
2003-05-02,1026.761
2003-05-05,1034.434
2003-05-06,1044.637
2003-05-07,1043.685
2003-05-08,1041.807
2003-05-09,1049.12
2003-05-12,1059.67
2003-05-13,1058.363
2003-05-14,1052.749
2003-05-15,1057.77
2003-05-16,1063.038
2003-05-19,1056.059
2003-05-20,1057.306
2003-05-21,1065.215
2003-05-22,1074.489
2003-05-23,1082.003
2003-05-26,1083.119
2003-05-27,1093.207
2003-05-28,1092.112
2003-05-29,1091.034
2003-05-30,1091.887
2003-06-02,1106.02
2003-06-03,1109.216
2003-06-04,1123.581
2003-06-05,1131.819
2003-06-06,1135.682
2003-06-09,1131.308
2003-06-10,1134.489
2003-06-11,1151.692
2003-06-12,1159.268
2003-06-13,1152.724
2003-06-16,1162.046
2003-06-17,1162.458
2003-06-18,1157.77
2003-06-19,1148.024
2003-06-20,1151.13
2003-06-23,1144.152
2003-06-24,1137.437
2003-06-25,1138.594
2003-06-26,1129.792
2003-06-27,1127.665
2003-06-30,1126.916
2003-07-01,1129.708
2003-07-02,1136.104
2003-07-03,1133.579
2003-07-04,1130.08
2003-07-07,1141.283
2003-07-08,1134.061
2003-07-09,1129.072
2003-07-10,1120.547
2003-07-11,1125.264
2003-07-14,1129.658
2003-07-15,1119.023
2003-07-16,1113.416
2003-07-17,1113.111
2003-07-18,1118.337
2003-07-21,1119.211
2003-07-22,1126.185
2003-07-23,1139.898
2003-07-24,1150.533
2003-07-25,1159.835
2003-07-28,1165.079
2003-07-29,1157.073
2003-07-30,1146.429
2003-07-31,1147.329
2003-08-01,1144.138
2003-08-04,1146.076
2003-08-05,1146.283
2003-08-06,1145.108
2003-08-07,1159.479
2003-08-08,1172.713
2003-08-11,1185.792
2003-08-12,1185.821
2003-08-13,1192.317
2003-08-14,1204.33
2003-08-15,1199.288
2003-08-18,1209.107
2003-08-19,1209.446
2003-08-20,1214.114
2003-08-21,1218.584
2003-08-22,1212.268
2003-08-25,1208.123
2003-08-26,1204.615
2003-08-27,1209.485
2003-08-28,1218.297
2003-08-29,1217.929
2003-09-01,1224.169
2003-09-02,1226.102
2003-09-03,1230.354
2003-09-04,1236.748
2003-09-05,1232.159
2003-09-08,1246.193
2003-09-09,1248.6
2003-09-10,1240.738
2003-09-11,1241.613
2003-09-12,1243.309
2003-09-15,1236.155
2003-09-16,1240.756
2003-09-17,1238.749
2003-09-18,1238.722
2003-09-19,1236.848
2003-09-22,1234.55
2003-09-23,1236.306
2003-09-24,1244.25
2003-09-25,1236.128
2003-09-26,1218.279
2003-09-29,1217.293
2003-09-30,1212.93
2003-10-01,1231.113
2003-10-02,1240.518
2003-10-03,1258.502
2003-10-06,1265.938
2003-10-07,1273.372
2003-10-08,1271.638
2003-10-09,1282.868
2003-10-10,1288.602
2003-10-13,1298.502
2003-10-14,1304.546
2003-10-15,1305.686
2003-10-16,1316.371
2003-10-17,1303.407
2003-10-20,1305.687
2003-10-21,1304.804
2003-10-22,1299.833
2003-10-23,1279.463
2003-10-24,1277.959
2003-10-27,1279.074
2003-10-28,1288.068
2003-10-29,1294.225
2003-10-30,1291.568
2003-10-31,1297.097
2003-11-03,1295.617
2003-11-04,1299.206
2003-11-05,1295.866
2003-11-06,1293.173
2003-11-07,1301.826
2003-11-10,1296.118
2003-11-11,1285.725
2003-11-12,1292.514
2003-11-13,1306.924
2003-11-14,1308.877
2003-11-17,1287.511
2003-11-18,1289.084
2003-11-19,1286.742
2003-11-20,1285.657
2003-11-21,1286.893
2003-11-24,1286.788
2003-11-25,1297.54
2003-11-26,1311.772
2003-11-27,1314.976
2003-11-28,1321.129
2003-12-01,1335.851
2003-12-02,1345.786
2003-12-03,1354.507
2003-12-04,1358.546
2003-12-05,1359.327
2003-12-08,1371.862
2003-12-09,1384.09
2003-12-10,1381.277
2003-12-11,1376.861
2003-12-12,1391.453
2003-12-15,1393.923
2003-12-16,1399.24
2003-12-17,1412.903
2003-12-18,1433.53
2003-12-19,1435.606
2003-12-22,1444.277
2003-12-23,1442.151
2003-12-24,1444.151
2003-12-25,1437.554
2003-12-26,1443.169
2003-12-29,1457.346
2003-12-30,1467.138
2003-12-31,1475.691
2004-01-02,1485.045
2004-01-05,1514.438
2004-01-06,1513.48
2004-01-07,1484.993
2004-01-08,1482.368
2004-01-09,1480.117
2004-01-12,1476.552
2004-01-13,1477.496
2004-01-14,1472.039
2004-01-15,1452.323
2004-01-16,1442.513
2004-01-19,1452.239
2004-01-20,1475.764
2004-01-21,1487.227
2004-01-22,1484.242
2004-01-23,1473.472
2004-01-26,1467.486
2004-01-27,1471.096
2004-01-28,1455.651
2004-01-29,1434.283
2004-01-30,1420.017
2004-02-02,1420.002
2004-02-03,1428.624
2004-02-04,1423.837
2004-02-05,1430.586
2004-02-06,1442.461
2004-02-09,1460.035
2004-02-10,1461.472
2004-02-11,1471.94
2004-02-12,1483.875
2004-02-13,1482.006
2004-02-16,1484.008
2004-02-17,1501.382
2004-02-18,1497.588
2004-02-19,1492.035
2004-02-20,1486.689
2004-02-23,1494.808
2004-02-24,1492.505
2004-02-25,1490.855
2004-02-26,1496.687
2004-02-27,1502.653
2004-03-01,1529.671
2004-03-02,1523.867
2004-03-03,1505.97
2004-03-04,1501.853
2004-03-05,1522.81
2004-03-08,1523.8
2004-03-09,1520.09
2004-03-10,1499.973
2004-03-11,1474.461
2004-03-12,1476.219
2004-03-15,1468.5
2004-03-16,1479.627
2004-03-17,1488.23
2004-03-18,1502.449
2004-03-19,1502.683
2004-03-22,1482.22
2004-03-23,1474.411
2004-03-24,1461.328
2004-03-25,1454.959
2004-03-26,1463.495
2004-03-29,1478.954
2004-03-30,1500.547
2004-03-31,1512.533
2004-04-01,1518.864
2004-04-02,1528.854
2004-04-05,1540.134
2004-04-06,1544.529
2004-04-07,1546.174
2004-04-08,1553.26
2004-04-09,1551.726
2004-04-12,1560.557
2004-04-13,1550.503
2004-04-14,1532.786
2004-04-15,1539.585
2004-04-16,1553.269
2004-04-19,1547.561
2004-04-20,1525.726
2004-04-21,1507.431
2004-04-22,1512.246
2004-04-23,1514.254
2004-04-26,1515.187
2004-04-27,1521.742
2004-04-28,1496.382
2004-04-29,1471.489
2004-04-30,1467.585
2004-05-03,1480.288
2004-05-04,1503.377
2004-05-05,1518.847
2004-05-06,1501.696
2004-05-07,1474.389
2004-05-10,1427.991
2004-05-11,1449.775
2004-05-12,1458.944
2004-05-13,1456.595
2004-05-14,1460.577
2004-05-17,1449.515
2004-05-18,1442.352
2004-05-19,1462.987
2004-05-20,1451.898
2004-05-21,1463.203
2004-05-24,1474.765
2004-05-25,1500.198
2004-05-26,1505.955
2004-05-27,1515.124
2004-05-28,1505.461
2004-05-31,1509.047
2004-06-01,1515.283
2004-06-02,1520.603
2004-06-03,1508.046
2004-06-04,1508.406
2004-06-07,1534.599
2004-06-08,1531.58
2004-06-09,1503.568
2004-06-10,1511.881
2004-06-11,1507.042
2004-06-14,1494.937
2004-06-15,1506.854
2004-06-16,1521.143
2004-06-17,1529.28
2004-06-18,1544.694
2004-06-21,1543.357
2004-06-22,1536.796
2004-06-23,1548.204
2004-06-24,1561.334
2004-06-25,1552.55
2004-06-28,1548.437
2004-06-29,1538.082
2004-06-30,1542.668
2004-07-01,1540.994
2004-07-02,1546.165
2004-07-05,1547.678
2004-07-06,1555.062
2004-07-07,1563.131
2004-07-08,1568.923
2004-07-09,1579.329
2004-07-12,1575.068
2004-07-13,1567.61
2004-07-14,1573.655
2004-07-15,1577.832
2004-07-16,1593.667
2004-07-19,1592.8
2004-07-20,1584.373
2004-07-21,1565.463
2004-07-22,1555.951
2004-07-23,1543.364
2004-07-26,1532.405
2004-07-27,1530.936
2004-07-28,1539.98
2004-07-29,1562.426
2004-07-30,1574.565
2004-08-02,1575.808
2004-08-03,1590.597
2004-08-04,1572.565
2004-08-05,1564.332
2004-08-06,1551.251
2004-08-09,1552.241
2004-08-10,1556.965
2004-08-11,1543.755
2004-08-12,1542.934
2004-08-13,1548.724
2004-08-16,1564.504
2004-08-17,1554.053
2004-08-18,1554.424
2004-08-19,1565.381
2004-08-20,1572.671
2004-08-23,1565.371
2004-08-24,1547.842
2004-08-25,1551.423
2004-08-26,1556.327
2004-08-27,1569.976
2004-08-30,1566.815
2004-08-31,1581.406
2004-09-01,1595.663
2004-09-02,1605.767
2004-09-03,1602.31
2004-09-06,1604.231
2004-09-07,1605.29
2004-09-08,1604.666
2004-09-09,1610.324
2004-09-10,1617.349
2004-09-13,1623.798
2004-09-14,1632.253
2004-09-15,1622.436
2004-09-16,1626.975
2004-09-17,1645.404
2004-09-20,1651.922
2004-09-21,1682.827
2004-09-22,1675.159
2004-09-23,1671.293
2004-09-24,1675.438
2004-09-27,1678.01
2004-09-28,1703.965
2004-09-29,1697.84
2004-09-30,1705.242
2004-10-01,1723.234
2004-10-04,1720.361
2004-10-05,1738.467
2004-10-06,1753.502
2004-10-07,1754.24
2004-10-08,1758.451
2004-10-11,1755.227
2004-10-12,1733.45
2004-10-13,1700.403
2004-10-14,1700.541
2004-10-15,1709.663
2004-10-18,1705.177
2004-10-19,1695.504
2004-10-20,1701.124
2004-10-21,1710.002
2004-10-22,1718.649
2004-10-25,1709.304
2004-10-26,1725.475
2004-10-27,1728.551
2004-10-28,1718.596
2004-10-29,1718.307
2004-11-01,1720.326
2004-11-02,1714.804
2004-11-03,1738.816
2004-11-04,1765.593
2004-11-05,1773.404
2004-11-08,1764.347
2004-11-09,1761.87
2004-11-10,1762.1
2004-11-11,1769.774
2004-11-12,1791.774
2004-11-15,1784.321
2004-11-16,1776.016
2004-11-17,1796.581
2004-11-18,1796.122
2004-11-19,1806.875
2004-11-22,1810.265
2004-11-23,1821.869
2004-11-24,1832.107
2004-11-25,1850.55
2004-11-26,1856.6
2004-11-29,1856.563
2004-11-30,1852.633
2004-12-01,1849.092
2004-12-02,1819.343
2004-12-03,1816.488
2004-12-06,1813.258
2004-12-07,1797.411
2004-12-08,1775.34
2004-12-09,1774.323
2004-12-10,1774.057
2004-12-13,1793.348
2004-12-14,1795.692
2004-12-15,1805.482
2004-12-16,1791.194
2004-12-17,1782.332
2004-12-20,1809.344
2004-12-21,1817.545
2004-12-22,1814.707
2004-12-23,1829.396
2004-12-24,1835.424
2004-12-27,1832.539
2004-12-28,1836.161
2004-12-29,1833.185
2004-12-30,1836.943
2004-12-31,1835.409
2005-01-03,1807.465
2005-01-04,1779.021
2005-01-05,1765.87
2005-01-06,1774.014
2005-01-07,1768.822
2005-01-10,1778.67
2005-01-11,1778.36
2005-01-12,1796.032
2005-01-13,1798.569
2005-01-14,1803.971
2005-01-17,1807.953
2005-01-18,1817.591
2005-01-19,1814.366
2005-01-20,1794.107
2005-01-21,1800.941
2005-01-24,1822.466
2005-01-25,1817.746
2005-01-26,1837.304
2005-01-27,1845.174
2005-01-28,1832.553
2005-01-31,1845.516
2005-02-01,1871.104
2005-02-02,1884.586
2005-02-03,1885.019
2005-02-04,1898.184
2005-02-07,1895.668
2005-02-08,1892.672
2005-02-09,1886.719
2005-02-10,1915.332
2005-02-11,1928.038
2005-02-14,1944.834
2005-02-15,1950.793
2005-02-16,1974.266
2005-02-17,1984.714
2005-02-18,2005.12
2005-02-21,2009.647
2005-02-22,2011.433
2005-02-23,2016.631
2005-02-24,2037.523
2005-02-25,2076.836
2005-02-28,2094.443
2005-03-01,2072.543
2005-03-02,2072.217
2005-03-03,2084.461
2005-03-04,2116.076
2005-03-07,2106.758
2005-03-08,2110.349
2005-03-09,2089.187
2005-03-10,2062.069
2005-03-11,2068.618
2005-03-14,2068.425
2005-03-15,2058.707
2005-03-16,2060.639
2005-03-17,2076.872
2005-03-18,2090.866
2005-03-21,2074.646
2005-03-22,2056.064
2005-03-23,2010.131
2005-03-24,1996.575
2005-03-25,1996.242
2005-03-28,1989.058
2005-03-29,1982.034
2005-03-30,1989.219
2005-03-31,2013.152
2005-04-01,2036.638
2005-04-04,2020.983
2005-04-05,2012.879
2005-04-06,2020.191
2005-04-07,2036.952
2005-04-08,2022.607
2005-04-11,2023.165
2005-04-12,2011.25
2005-04-13,1985.187
2005-04-14,1950.521
2005-04-15,1905.936
2005-04-18,1902.288
2005-04-19,1934.526
2005-04-20,1921.807
2005-04-21,1941.64
2005-04-22,1955.034
2005-04-25,1967.797
2005-04-26,1955.434
2005-04-27,1921.617
2005-04-28,1893.075
2005-04-29,1904.874
2005-05-02,1920.198
2005-05-03,1910.108
2005-05-04,1928.196
2005-05-05,1946.099
2005-05-06,1947.419
2005-05-09,1953.781
2005-05-10,1942.961
2005-05-11,1935.038
2005-05-12,1895.605
2005-05-13,1862.8
2005-05-16,1841.172
2005-05-17,1862.396
2005-05-18,1883.289
2005-05-19,1900.023
2005-05-20,1886.244
2005-05-23,1903.629
2005-05-24,1917.646
2005-05-25,1925.729
2005-05-26,1935.555
2005-05-27,1953.643
2005-05-30,1960.206
2005-05-31,1937.442
2005-06-01,1961.903
2005-06-02,1972.489
2005-06-03,1974.099
2005-06-06,1977.736
2005-06-07,1977.3
2005-06-08,1979.187
2005-06-09,1985.366
2005-06-10,1997.897
2005-06-13,2001.622
2005-06-14,2009.645
2005-06-15,2024.969
2005-06-16,2050.915
2005-06-17,2088.35
2005-06-20,2086.375
2005-06-21,2068.826
2005-06-22,2068.345
2005-06-23,2054.392
2005-06-24,2045.076
2005-06-27,2054.611
2005-06-28,2062.44
2005-06-29,2046.735
2005-06-30,2034.476
2005-07-01,2046.287
2005-07-04,2061.088
2005-07-05,2079.474
2005-07-06,2082.513
2005-07-07,2080.518
2005-07-08,2102.578
2005-07-11,2117.289
2005-07-12,2124.695
2005-07-13,2118.235
2005-07-14,2106.996
2005-07-15,2087.119
2005-07-18,2084.368
2005-07-19,2099.284
2005-07-20,2108.488
2005-07-21,2110.263
2005-07-22,2138.624
2005-07-25,2151.964
2005-07-26,2134.529
2005-07-27,2143.233
2005-07-28,2158.9
2005-07-29,2157.821
2005-08-01,2166.829
2005-08-02,2196.634
2005-08-03,2217.047
2005-08-04,2216.09
2005-08-05,2197.412
2005-08-08,2227.499
2005-08-09,2243.21
2005-08-10,2267.989
2005-08-11,2294.767
2005-08-12,2296.176
2005-08-15,2286.647
2005-08-16,2252.332
2005-08-17,2224.008
2005-08-18,2189.983
2005-08-19,2210.826
2005-08-22,2235.763
2005-08-23,2219.053
2005-08-24,2213.751
2005-08-25,2207.31
2005-08-26,2200.189
2005-08-29,2200.36
2005-08-30,2213.358
2005-08-31,2259.302
2005-09-01,2322.833
2005-09-02,2317.102
2005-09-05,2315.581
2005-09-06,2318.294
2005-09-07,2319.688
2005-09-08,2315.244
2005-09-09,2355.454
2005-09-12,2333.641
2005-09-13,2311.698
2005-09-14,2331.083
2005-09-15,2338.123
2005-09-16,2373.54
2005-09-19,2401.699
2005-09-20,2400.654
2005-09-21,2420.433
2005-09-22,2411.228
2005-09-23,2384.441
2005-09-26,2407.333
2005-09-27,2410.393
2005-09-28,2429.91
2005-09-29,2459.311
2005-09-30,2443.366
2005-10-03,2426.065
2005-10-04,2380.99
2005-10-05,2308.66
2005-10-06,2267.07
2005-10-07,2284.599
2005-10-10,2281.343
2005-10-11,2302.649
2005-10-12,2285.816
2005-10-13,2231.573
2005-10-14,2226.455
2005-10-17,2251.6
2005-10-18,2205.684
2005-10-19,2200.987
2005-10-20,2164.337
2005-10-21,2168.448
2005-10-24,2206.935
2005-10-25,2230.097
2005-10-26,2232.91
2005-10-27,2198.824
2005-10-28,2206.844
2005-10-31,2235.259
2005-11-01,2248.032
2005-11-02,2271.241
2005-11-03,2308.585
2005-11-04,2272.7
2005-11-07,2254.269
2005-11-08,2264.215
2005-11-09,2254.066
2005-11-10,2223.894
2005-11-11,2231.183
2005-11-14,2241.896
2005-11-15,2242.464
2005-11-16,2250.832
2005-11-17,2271.325
2005-11-18,2280.591
2005-11-21,2311.8
2005-11-22,2328.528
2005-11-23,2328.367
2005-11-24,2332.096
2005-11-25,2335.183
2005-11-28,2306.501
2005-11-29,2299.937
2005-11-30,2290.46
2005-12-01,2328.551
2005-12-02,2348.333
2005-12-05,2364.653
2005-12-06,2372.16
2005-12-07,2355.769
2005-12-08,2376.412
2005-12-09,2362.643
2005-12-12,2369.612
2005-12-13,2374.56
2005-12-14,2377.138
2005-12-15,2353.775
2005-12-16,2340.994
2005-12-19,2333.805
2005-12-20,2332.046
2005-12-21,2338.892
2005-12-22,2342.617
2005-12-23,2339.99
2005-12-26,2339.272
2005-12-27,2320.982
2005-12-28,2331.842
2005-12-29,2334.544
2005-12-30,2327.05
2006-01-02,2330.154
2006-01-03,2407.16
2006-01-04,2435.812
2006-01-05,2421.22
2006-01-06,2455.664
2006-01-09,2460.877
2006-01-10,2464.664
2006-01-11,2475.553
2006-01-12,2494.385
2006-01-13,2501.269
2006-01-16,2519.701
2006-01-17,2520.308
2006-01-18,2486.862
2006-01-19,2519.39
2006-01-20,2518.757
2006-01-23,2538.106
2006-01-24,2543.832
2006-01-25,2544.3
2006-01-26,2543.949
2006-01-27,2581.211
2006-01-30,2605.277
2006-01-31,2610.473
2006-02-01,2608.085
2006-02-02,2570.343
2006-02-03,2540.666
2006-02-06,2563.875
2006-02-07,2507.902
2006-02-08,2473.28
2006-02-09,2485.524
2006-02-10,2464.036
2006-02-13,2452.02
2006-02-14,2443.493
2006-02-15,2452.486
2006-02-16,2463.683
2006-02-17,2486.746
2006-02-20,2513.26
2006-02-21,2518.781
2006-02-22,2499.974
2006-02-23,2500.719
2006-02-24,2503.042
2006-02-27,2496.327
2006-02-28,2467.73
2006-03-01,2491.448
2006-03-02,2499.81
2006-03-03,2511.822
2006-03-06,2492.438
2006-03-07,2446.677
2006-03-08,2430.864
2006-03-09,2421.135
2006-03-10,2420.544
2006-03-13,2457.508
2006-03-14,2486.772
2006-03-15,2507.653
2006-03-16,2524.702
2006-03-17,2522.935
2006-03-20,2514.782
2006-03-21,2492.841
2006-03-22,2501.772
2006-03-23,2499.862
2006-03-24,2535.497
2006-03-27,2544.619
2006-03-28,2546.462
2006-03-29,2560.01
2006-03-30,2598.26
2006-03-31,2578.092
2006-04-03,2616.162
2006-04-04,2630.965
2006-04-05,2660.967
2006-04-06,2676.182
2006-04-07,2657.591
2006-04-10,2689.854
2006-04-11,2696.4
2006-04-12,2678.736
2006-04-13,2676.381
2006-04-14,2679.193
2006-04-17,2713.328
2006-04-18,2774.556
2006-04-19,2816.725
2006-04-20,2789.657
2006-04-21,2829.602
2006-04-24,2835.275
2006-04-25,2817.651
2006-04-26,2832.129
2006-04-27,2796.623
2006-04-28,2794.607
2006-05-01,2825.734
2006-05-02,2883.643
2006-05-03,2866.23
2006-05-04,2871.708
2006-05-05,2909.108
2006-05-08,2908.769
2006-05-09,2937.746
2006-05-10,2938.164
2006-05-11,2945.295
2006-05-12,2883.0
2006-05-15,2798.093
2006-05-16,2792.199
2006-05-17,2724.178
2006-05-18,2699.116
2006-05-19,2678.357
2006-05-22,2616.858
2006-05-23,2672.861
2006-05-24,2634.693
2006-05-25,2689.113
2006-05-26,2739.469
2006-05-29,2754.675
2006-05-30,2714.216
2006-05-31,2714.738
2006-06-01,2728.762
2006-06-02,2752.642
2006-06-05,2730.471
2006-06-06,2663.533
2006-06-07,2621.356
2006-06-08,2537.342
2006-06-09,2556.468
2006-06-12,2528.715
2006-06-13,2444.289
2006-06-14,2468.948
2006-06-15,2544.39
2006-06-16,2556.483
2006-06-19,2512.293
2006-06-20,2518.711
2006-06-21,2551.143
2006-06-22,2564.779
2006-06-23,2582.344
2006-06-26,2588.551
2006-06-27,2608.426
2006-06-28,2616.892
2006-06-29,2678.523
2006-06-30,2735.819
2006-07-03,2769.469
2006-07-04,2770.208
2006-07-05,2738.553
2006-07-06,2766.817
2006-07-07,2779.106
2006-07-10,2776.194
2006-07-11,2779.618
2006-07-12,2781.308
2006-07-13,2747.95
2006-07-14,2735.603
2006-07-17,2690.239
2006-07-18,2678.419
2006-07-19,2710.053
2006-07-20,2711.136
2006-07-21,2681.813
2006-07-24,2705.318
2006-07-25,2736.088
2006-07-26,2757.343
2006-07-27,2801.343
2006-07-28,2812.008
2006-07-31,2811.2
2006-08-01,2803.663
2006-08-02,2830.321
2006-08-03,2817.083
2006-08-04,2834.044
2006-08-07,2828.541
2006-08-08,2827.11
2006-08-09,2850.292
2006-08-10,2828.536
2006-08-11,2829.122
2006-08-14,2813.685
2006-08-15,2820.601
2006-08-16,2825.549
2006-08-17,2823.222
2006-08-18,2822.8
2006-08-21,2860.623
2006-08-22,2865.03
2006-08-23,2846.859
2006-08-24,2837.188
2006-08-25,2832.434
2006-08-28,2833.013
2006-08-29,2811.028
2006-08-30,2805.519
2006-08-31,2790.41
2006-09-01,2804.575
2006-09-04,2820.33
2006-09-05,2829.584
2006-09-06,2782.325
2006-09-07,2737.304
2006-09-08,2713.366
2006-09-11,2635.923
2006-09-12,2620.209
2006-09-13,2641.072
2006-09-14,2638.717
2006-09-15,2606.526
2006-09-18,2642.704
2006-09-19,2634.142
2006-09-20,2607.146
2006-09-21,2619.919
2006-09-22,2606.802
2006-09-25,2577.495
2006-09-26,2617.224
2006-09-27,2655.459
2006-09-28,2679.424
2006-09-29,2669.063
2006-10-02,2677.937
2006-10-03,2621.128
2006-10-04,2614.063
2006-10-05,2649.943
2006-10-06,2639.095
2006-10-09,2646.896
2006-10-10,2659.599
2006-10-11,2645.951
2006-10-12,2671.364
2006-10-13,2707.674
2006-10-16,2750.103
2006-10-17,2742.532
2006-10-18,2738.408
2006-10-19,2765.449
2006-10-20,2769.049
2006-10-23,2760.001
2006-10-24,2770.664
2006-10-25,2810.189
2006-10-26,2825.658
2006-10-27,2819.547
2006-10-30,2796.433
2006-10-31,2803.148
2006-11-01,2809.038
2006-11-02,2804.918
2006-11-03,2824.356
2006-11-06,2853.795
2006-11-07,2874.282
2006-11-08,2883.48
2006-11-09,2902.993
2006-11-10,2909.29
2006-11-13,2882.679
2006-11-14,2888.458
2006-11-15,2892.199
2006-11-16,2874.004
2006-11-17,2850.55
2006-11-20,2849.433
2006-11-21,2874.977
2006-11-22,2892.324
2006-11-23,2889.921
2006-11-24,2897.381
2006-11-27,2884.732
2006-11-28,2894.086
2006-11-29,2943.981
2006-11-30,2974.639
2006-12-01,2973.946
2006-12-04,2983.299
2006-12-05,3012.81
2006-12-06,3009.304
2006-12-07,3002.027
2006-12-08,3001.12
2006-12-11,2995.323
2006-12-12,2990.952
2006-12-13,3004.816
2006-12-14,3037.759
2006-12-15,3035.214
2006-12-18,3002.218
2006-12-19,3012.76
2006-12-20,3014.115
2006-12-21,2992.501
2006-12-22,2977.52
2006-12-25,2977.233
2006-12-26,2985.883
2006-12-27,3019.657
2006-12-28,3033.665
2006-12-29,3019.956
2007-01-02,3055.314
2007-01-03,2985.311
2007-01-04,2910.751
2007-01-05,2871.352
2007-01-08,2868.256
2007-01-09,2849.791
2007-01-10,2809.626
2007-01-11,2831.385
2007-01-12,2878.314
2007-01-15,2898.852
2007-01-16,2864.9
2007-01-17,2865.118
2007-01-18,2864.322
2007-01-19,2899.853
2007-01-22,2896.264
2007-01-23,2945.418
2007-01-24,2967.276
2007-01-25,2939.094
2007-01-26,2927.983
2007-01-29,2924.571
2007-01-30,2942.383
2007-01-31,2947.445
2007-02-01,2999.517
2007-02-02,2990.609
2007-02-05,2984.254
2007-02-06,2987.437
2007-02-07,3002.18
2007-02-08,2981.306
2007-02-09,2995.816
2007-02-12,2972.647
2007-02-13,3003.915
2007-02-14,3033.762
2007-02-15,3036.722
2007-02-16,3026.684
2007-02-19,3036.339
2007-02-20,3023.7
2007-02-21,3021.533
2007-02-22,3036.971
2007-02-23,3063.555
2007-02-26,3095.623
2007-02-27,3004.71
2007-02-28,2941.258
2007-03-01,2923.353
2007-03-02,2894.787
2007-03-05,2829.777
2007-03-06,2884.142
2007-03-07,2910.513
2007-03-08,2938.448
2007-03-09,2941.376
2007-03-12,2950.243
2007-03-13,2917.204
2007-03-14,2885.09
2007-03-15,2921.26
2007-03-16,2909.56
2007-03-19,2951.039
2007-03-20,2966.738
2007-03-21,2999.995
2007-03-22,3057.202
2007-03-23,3080.366
2007-03-26,3098.275
2007-03-27,3093.393
2007-03-28,3094.759
2007-03-29,3122.092
2007-03-30,3108.49
2007-04-02,3112.232
2007-04-03,3138.956
2007-04-04,3157.755
2007-04-05,3165.211
2007-04-06,3164.665
2007-04-09,3159.564
2007-04-10,3190.045
2007-04-11,3194.087
2007-04-12,3209.448
2007-04-13,3233.11
2007-04-16,3264.894
2007-04-17,3267.823
2007-04-18,3254.731
2007-04-19,3218.825
2007-04-20,3260.782
2007-04-23,3265.698
2007-04-24,3245.335
2007-04-25,3278.92
2007-04-26,3267.917
2007-04-27,3244.621
2007-04-30,3235.605
2007-05-01,3221.707
2007-05-02,3252.256
2007-05-03,3286.085
2007-05-04,3316.21
2007-05-07,3348.895
2007-05-08,3321.92
2007-05-09,3346.401
2007-05-10,3300.322
2007-05-11,3326.378
2007-05-14,3340.402
2007-05-15,3342.326
2007-05-16,3347.84
2007-05-17,3376.786
2007-05-18,3413.079
2007-05-21,3442.381
2007-05-22,3437.177
2007-05-23,3448.467
2007-05-24,3398.428
2007-05-25,3407.823
2007-05-28,3417.8
2007-05-29,3411.146
2007-05-30,3413.198
2007-05-31,3445.396
2007-06-01,3491.784
2007-06-04,3518.142
2007-06-05,3520.05
2007-06-06,3479.459
2007-06-07,3445.091
2007-06-08,3438.511
2007-06-11,3453.725
2007-06-12,3433.901
2007-06-13,3462.278
2007-06-14,3534.55
2007-06-15,3592.937
2007-06-18,3613.783
2007-06-19,3619.129
2007-06-20,3582.091
2007-06-21,3607.35
2007-06-22,3585.521
2007-06-25,3572.495
2007-06-26,3538.771
2007-06-27,3526.029
2007-06-28,3579.427
2007-06-29,3616.424
2007-07-02,3676.0
2007-07-03,3703.409
2007-07-04,3714.223
2007-07-05,3715.862
2007-07-06,3770.04
2007-07-09,3822.795
2007-07-10,3794.777
2007-07-11,3800.268
2007-07-12,3883.163
2007-07-13,3916.817
2007-07-16,3866.22
2007-07-17,3853.463
2007-07-18,3848.009
2007-07-19,3884.291
2007-07-20,3868.92
2007-07-23,3895.627
2007-07-24,3816.538
2007-07-25,3788.317
2007-07-26,3674.953
2007-07-27,3573.74
2007-07-30,3613.555
2007-07-31,3641.408
2007-08-01,3594.839
2007-08-02,3577.38
2007-08-03,3522.309
2007-08-06,3497.168
2007-08-07,3533.882
2007-08-08,3619.233
2007-08-09,3527.754
2007-08-10,3444.99
2007-08-13,3472.596
2007-08-14,3436.305
2007-08-15,3363.665
2007-08-16,3238.318
2007-08-17,3303.553
2007-08-20,3367.824
2007-08-21,3370.974
2007-08-22,3428.027
2007-08-23,3484.627
2007-08-24,3528.12
2007-08-27,3546.327
2007-08-28,3470.803
2007-08-29,3510.002
2007-08-30,3551.691
2007-08-31,3607.339
2007-09-03,3610.373
2007-09-04,3655.483
2007-09-05,3634.233
2007-09-06,3698.161
2007-09-07,3664.517
2007-09-10,3625.813
2007-09-11,3695.068
2007-09-12,3723.698
2007-09-13,3761.989
2007-09-14,3767.626
2007-09-17,3742.653
2007-09-18,3805.598
2007-09-19,3924.98
2007-09-20,3969.13
2007-09-21,3992.697
2007-09-24,4035.854
2007-09-25,4006.653
2007-09-26,4009.374
2007-09-27,4045.675
2007-09-28,4068.401
2007-10-01,4103.551
2007-10-02,4069.638
2007-10-03,4020.339
2007-10-04,3993.646
2007-10-05,4049.965
2007-10-08,4030.165
2007-10-09,4097.443
2007-10-10,4122.602
2007-10-11,4181.368
2007-10-12,4205.816
2007-10-15,4256.526
2007-10-16,4231.814
2007-10-17,4221.43
2007-10-18,4243.506
2007-10-19,4156.304
2007-10-22,4052.051
2007-10-23,4125.532
2007-10-24,4131.626
2007-10-25,4165.114
2007-10-26,4259.023
2007-10-29,4345.07
2007-10-30,4269.359
2007-10-31,4307.553
2007-11-01,4233.154
2007-11-02,4218.381
2007-11-05,4170.153
2007-11-06,4250.494
2007-11-07,4259.595
2007-11-08,4300.966
2007-11-09,4237.21
2007-11-12,4052.584
2007-11-13,4095.995
2007-11-14,4158.34
2007-11-15,4055.549
2007-11-16,4062.582
2007-11-19,3994.035
2007-11-20,4085.287
2007-11-21,4015.45
2007-11-22,4008.986
2007-11-23,4041.195
2007-11-26,4035.888
2007-11-27,4012.131
2007-11-28,4079.413
2007-11-29,4127.177
2007-11-30,4171.668
2007-12-03,4166.318
2007-12-04,4141.085
2007-12-05,4214.481
2007-12-06,4271.948
2007-12-07,4288.44
2007-12-10,4297.144
2007-12-11,4261.042
2007-12-12,4293.045
2007-12-13,4231.974
2007-12-14,4165.732
2007-12-17,4053.418
2007-12-18,4077.195
2007-12-19,4089.226
2007-12-20,4114.536
2007-12-21,4194.796
2007-12-24,4240.064
2007-12-25,4241.449
2007-12-26,4274.984
2007-12-27,4294.154
2007-12-28,4310.547
2007-12-31,4280.315
2008-01-02,4292.237
2008-01-03,4338.056
2008-01-04,4289.315
2008-01-07,4253.635
2008-01-08,4236.022
2008-01-09,4240.022
2008-01-10,4219.071
2008-01-11,4182.886
2008-01-14,4217.66
2008-01-15,4109.832
2008-01-16,3941.374
2008-01-17,3841.476
2008-01-18,3828.56
2008-01-21,3666.027
2008-01-22,3619.158
2008-01-23,3613.435
2008-01-24,3783.756
2008-01-25,3836.347
2008-01-28,3842.433
2008-01-29,3854.287
2008-01-30,3845.981
2008-01-31,3890.535
2008-02-01,3952.315
2008-02-04,3974.042
2008-02-05,3863.368
2008-02-06,3799.499
2008-02-07,3781.509
2008-02-08,3816.683
2008-02-11,3836.103
2008-02-12,3915.163
2008-02-13,3934.362
2008-02-14,3991.966
2008-02-15,3980.025
2008-02-18,4003.93
2008-02-19,4087.814
2008-02-20,4071.636
2008-02-21,4076.899
2008-02-22,4087.699
2008-02-25,4152.123
2008-02-26,4185.664
2008-02-27,4236.882
2008-02-28,4246.566
2008-02-29,4161.491
2008-03-03,4138.771
2008-03-04,4079.191
2008-03-05,4154.998
2008-03-06,4123.97
2008-03-07,4022.917
2008-03-10,3943.342
2008-03-11,4016.132
2008-03-12,4057.16
2008-03-13,4047.895
2008-03-14,4031.661
2008-03-17,3898.143
2008-03-18,3954.934
2008-03-19,3821.51
2008-03-20,3691.249
2008-03-21,3691.851
2008-03-24,3727.142
2008-03-25,3842.52
2008-03-26,3904.13
2008-03-27,3904.385
2008-03-28,3900.511
2008-03-31,3895.516
2008-04-01,3915.492
2008-04-02,3975.76
2008-04-03,4042.668
2008-04-04,4092.226
2008-04-07,4147.257
2008-04-08,4146.906
2008-04-09,4186.901
2008-04-10,4198.57
2008-04-11,4169.949
2008-04-14,4168.357
2008-04-15,4210.785
2008-04-16,4343.06
2008-04-17,4350.251
2008-04-18,4350.45
2008-04-21,4415.026
2008-04-22,4436.091
2008-04-23,4456.726
2008-04-24,4367.952
2008-04-25,4407.104
2008-04-28,4385.9
2008-04-29,4366.913
2008-04-30,4376.692
2008-05-01,4337.899
2008-05-02,4389.379
2008-05-05,4432.311
2008-05-06,4497.002
2008-05-07,4468.136
2008-05-08,4501.2
2008-05-09,4477.428
2008-05-12,4516.333
2008-05-13,4502.644
2008-05-14,4544.517
2008-05-15,4603.425
2008-05-16,4714.561
2008-05-19,4786.798
2008-05-20,4778.464
2008-05-21,4789.479
2008-05-22,4764.539
2008-05-23,4699.039
2008-05-26,4675.929
2008-05-27,4616.995
2008-05-28,4628.839
2008-05-29,4608.882
2008-05-30,4586.267
2008-06-02,4606.096
2008-06-03,4561.794
2008-06-04,4468.606
2008-06-05,4532.497
2008-06-06,4553.455
2008-06-09,4616.645
2008-06-10,4485.953
2008-06-11,4486.811
2008-06-12,4400.168
2008-06-13,4428.191
2008-06-16,4480.634
2008-06-17,4537.9
2008-06-18,4514.213
2008-06-19,4471.586
2008-06-20,4435.664
2008-06-23,4480.822
2008-06-24,4479.489
2008-06-25,4445.205
2008-06-26,4436.475
2008-06-27,4456.628
2008-06-30,4538.383
2008-07-01,4493.188
2008-07-02,4385.11
2008-07-03,4304.672
2008-07-04,4299.789
2008-07-07,4303.387
2008-07-08,4225.053
2008-07-09,4223.444
2008-07-10,4229.494
2008-07-11,4255.923
2008-07-14,4269.578
2008-07-15,4168.577
2008-07-16,4076.135
2008-07-17,4050.768
2008-07-18,4033.283
2008-07-21,4114.068
2008-07-22,4104.038
2008-07-23,4019.186
2008-07-24,3936.079
2008-07-25,3953.874
2008-07-28,3984.043
2008-07-29,3955.28
2008-07-30,4076.983
2008-07-31,4034.722
2008-08-01,3956.881
2008-08-04,3841.019
2008-08-05,3752.155
2008-08-06,3823.117
2008-08-07,3813.039
2008-08-08,3742.458
2008-08-11,3709.607
2008-08-12,3706.795
2008-08-13,3735.244
2008-08-14,3772.246
2008-08-15,3677.105
2008-08-18,3684.342
2008-08-19,3670.973
2008-08-20,3769.307
2008-08-21,3864.4
2008-08-22,3842.698
2008-08-25,3800.789
2008-08-26,3793.832
2008-08-27,3859.494
2008-08-28,3864.976
2008-08-29,3849.977
2008-09-01,3789.854
2008-09-02,3645.121
2008-09-03,3570.84
2008-09-04,3470.644
2008-09-05,3413.76
2008-09-08,3448.838
2008-09-09,3280.44
2008-09-10,3291.628
2008-09-11,3301.193
2008-09-12,3453.78
2008-09-15,3300.116
2008-09-16,3276.313
2008-09-17,3225.223
2008-09-18,3258.595
2008-09-19,3510.639
2008-09-22,3607.117
2008-09-23,3506.104
2008-09-24,3490.084
2008-09-25,3509.753
2008-09-26,3434.666
2008-09-29,3155.648
2008-09-30,3159.77
2008-10-01,3160.835
2008-10-02,2962.252
2008-10-03,2977.447
2008-10-06,2754.466
2008-10-07,2753.915
2008-10-08,2655.354
2008-10-09,2531.636
2008-10-10,2306.538
2008-10-13,2633.437
2008-10-14,2704.337
2008-10-15,2407.265
2008-10-16,2323.942
2008-10-17,2382.256
2008-10-20,2595.556
2008-10-21,2519.596
2008-10-22,2283.793
2008-10-23,2322.966
2008-10-24,2197.126
2008-10-27,2089.658
2008-10-28,2292.512
2008-10-29,2490.466
2008-10-30,2574.96
2008-10-31,2592.628
2008-11-03,2601.079
2008-11-04,2778.825
2008-11-05,2679.589
2008-11-06,2461.246
2008-11-07,2548.56
2008-11-10,2611.324
2008-11-11,2478.574
2008-11-12,2315.691
2008-11-13,2415.627
2008-11-14,2397.277
2008-11-17,2347.248
2008-11-18,2393.854
2008-11-19,2275.761
2008-11-20,2096.917
2008-11-21,2238.01
2008-11-24,2434.512
2008-11-25,2501.532
2008-11-26,2572.488
2008-11-27,2612.571
2008-11-28,2586.741
2008-12-01,2357.911
2008-12-02,2413.997
2008-12-03,2394.268
2008-12-04,2339.242
2008-12-05,2292.847
2008-12-08,2494.11
2008-12-09,2516.39
2008-12-10,2617.988
2008-12-11,2651.721
2008-12-12,2594.649
2008-12-15,2649.967
2008-12-16,2722.731
2008-12-17,2761.456
2008-12-18,2674.087
2008-12-19,2586.843
2008-12-22,2516.553
2008-12-23,2500.799
2008-12-24,2497.008
2008-12-25,2497.008
2008-12-26,2521.791
2008-12-29,2578.85
2008-12-30,2626.026
2008-12-31,2641.209
2009-01-02,2757.782
2009-01-05,2785.206
2009-01-06,2808.798
2009-01-07,2734.855
2009-01-08,2746.744
2009-01-09,2685.362
2009-01-12,2579.247
2009-01-13,2575.59
2009-01-14,2469.264
2009-01-15,2458.993
2009-01-16,2530.145
2009-01-19,2515.677
2009-01-20,2424.581
2009-01-21,2460.6
2009-01-22,2441.662
2009-01-23,2459.123
2009-01-26,2531.582
2009-01-27,2559.072
2009-01-28,2611.969
2009-01-29,2564.604
2009-01-30,2524.171
2009-02-02,2483.861
2009-02-03,2533.865
2009-02-04,2583.094
2009-02-05,2640.751
2009-02-06,2721.873
2009-02-09,2741.142
2009-02-10,2641.15
2009-02-11,2624.539
2009-02-12,2610.408
2009-02-13,2633.546
2009-02-16,2602.872
2009-02-17,2490.595
2009-02-18,2486.491
2009-02-19,2496.02
2009-02-20,2427.225
2009-02-23,2377.77
2009-02-24,2394.579
2009-02-25,2382.882
2009-02-26,2393.864
2009-02-27,2342.787
2009-03-02,2190.802
2009-03-03,2172.906
2009-03-04,2271.19
2009-03-05,2204.335
2009-03-06,2221.994
2009-03-09,2229.774
2009-03-10,2329.609
2009-03-11,2346.25
2009-03-12,2366.806
2009-03-13,2386.196
2009-03-16,2406.829
2009-03-17,2426.684
2009-03-18,2444.575
2009-03-19,2534.24
2009-03-20,2502.71
2009-03-23,2625.331
2009-03-24,2607.094
2009-03-25,2624.821
2009-03-26,2652.008
2009-03-27,2597.336
2009-03-30,2481.475
2009-03-31,2518.151
2009-04-01,2550.044
2009-04-02,2656.885
2009-04-03,2639.14
2009-04-06,2600.233
2009-04-07,2538.889
2009-04-08,2529.796
2009-04-09,2582.861
2009-04-10,2583.714
2009-04-13,2590.263
2009-04-14,2581.586
2009-04-15,2582.28
2009-04-16,2576.304
2009-04-17,2572.533
2009-04-20,2488.413
2009-04-21,2500.598
2009-04-22,2492.783
2009-04-23,2533.089
2009-04-24,2621.192
2009-04-27,2586.623
2009-04-28,2561.896
2009-04-29,2630.682
2009-04-30,2632.676
2009-05-01,2665.419
2009-05-04,2751.916
2009-05-05,2764.186
2009-05-06,2812.889
2009-05-07,2819.296
2009-05-08,2903.369
2009-05-11,2858.481
2009-05-12,2889.187
2009-05-13,2849.558
2009-05-14,2822.93
2009-05-15,2819.442
2009-05-18,2890.23
2009-05-19,2936.526
2009-05-20,2978.667
2009-05-21,2918.719
2009-05-22,2943.544
2009-05-25,2943.034
2009-05-26,2971.897
2009-05-27,2957.77
2009-05-28,2994.631
2009-05-29,3058.639
2009-06-01,3165.326
2009-06-02,3188.821
2009-06-03,3091.867
2009-06-04,3113.268
2009-06-05,3113.797
2009-06-08,3084.625
2009-06-09,3112.548
2009-06-10,3150.161
2009-06-11,3188.181
2009-06-12,3142.63
2009-06-15,3036.857
2009-06-16,3006.464
2009-06-17,2933.999
2009-06-18,2927.52
2009-06-19,2955.658
2009-06-22,2831.69
2009-06-23,2837.822
2009-06-24,2881.296
2009-06-25,2898.215
2009-06-26,2906.357
2009-06-29,2945.225
2009-06-30,2910.326
2009-07-01,2947.447
2009-07-02,2870.564
2009-07-03,2861.717
2009-07-06,2795.146
2009-07-07,2759.535
2009-07-08,2720.039
2009-07-09,2753.019
2009-07-10,2717.537
2009-07-13,2747.513
2009-07-14,2792.832
2009-07-15,2896.908
2009-07-16,2925.095
2009-07-17,2944.514
2009-07-20,3007.632
2009-07-21,3034.334
2009-07-22,3024.996
2009-07-23,3097.381
2009-07-24,3104.729
2009-07-27,3134.725
2009-07-28,3082.557
2009-07-29,3023.87
2009-07-30,3067.368
2009-07-31,3082.558
2009-08-03,3172.139
2009-08-04,3165.681
2009-08-05,3140.308
2009-08-06,3127.525
2009-08-07,3111.674
2009-08-10,3091.376
2009-08-11,3051.56
2009-08-12,3079.678
2009-08-13,3114.072
2009-08-14,3090.123
2009-08-17,2982.35
2009-08-18,3019.772
2009-08-19,3045.748
2009-08-20,3088.64
2009-08-21,3148.829
2009-08-24,3178.038
2009-08-25,3170.402
2009-08-26,3149.381
2009-08-27,3141.439
2009-08-28,3161.252
2009-08-31,3117.298
2009-09-01,3065.647
2009-09-02,3091.554
2009-09-03,3115.247
2009-09-04,3151.77
2009-09-07,3173.829
2009-09-08,3245.005
2009-09-09,3263.692
2009-09-10,3283.066
2009-09-11,3293.308
2009-09-14,3279.565
2009-09-15,3299.236
2009-09-16,3354.182
2009-09-17,3357.392
2009-09-18,3329.108
2009-09-21,3296.866
2009-09-22,3348.383
2009-09-23,3307.84
2009-09-24,3232.806
2009-09-25,3220.618
2009-09-28,3249.332
2009-09-29,3251.191
2009-09-30,3248.897
2009-10-01,3176.14
2009-10-02,3142.643
2009-10-05,3181.162
2009-10-06,3275.544
2009-10-07,3284.757
2009-10-08,3343.866
2009-10-09,3346.826
2009-10-12,3372.066
2009-10-13,3378.682
2009-10-14,3463.117
2009-10-15,3490.623
2009-10-16,3493.292
2009-10-19,3554.693
2009-10-20,3529.269
2009-10-21,3547.149
2009-10-22,3535.127
2009-10-23,3514.483
2009-10-26,3466.64
2009-10-27,3468.211
2009-10-28,3377.402
2009-10-29,3432.421
2009-10-30,3342.492
2009-11-02,3364.017
2009-11-03,3372.501
2009-11-04,3422.156
2009-11-05,3460.451
2009-11-06,3476.669
2009-11-09,3565.414
2009-11-10,3573.535
2009-11-11,3586.576
2009-11-12,3540.73
2009-11-13,3570.686
2009-11-16,3657.147
2009-11-17,3662.342
2009-11-18,3666.494
2009-11-19,3609.573
2009-11-20,3578.195
2009-11-23,3652.855
2009-11-24,3637.51
2009-11-25,3691.495
2009-11-26,3634.654
2009-11-27,3585.482
2009-11-30,3579.605
2009-12-01,3675.869
2009-12-02,3702.326
2009-12-03,3669.751
2009-12-04,3622.641
2009-12-07,3603.953
2009-12-08,3536.282
2009-12-09,3536.396
2009-12-10,3545.962
2009-12-11,3548.565
2009-12-14,3561.811
2009-12-15,3554.241
2009-12-16,3574.661
2009-12-17,3488.98
2009-12-18,3472.631
2009-12-21,3513.822
2009-12-22,3528.373
2009-12-23,3570.599
2009-12-24,3595.437
2009-12-25,3595.121
2009-12-28,3613.981
2009-12-29,3605.664
2009-12-30,3589.557
2009-12-31,3595.795
2010-01-04,3677.978
2010-01-05,3707.037
2010-01-06,3738.562
2010-01-07,3730.897
2010-01-08,3742.356
2010-01-11,3790.426
2010-01-12,3732.781
2010-01-13,3706.833
2010-01-14,3702.556
2010-01-15,3663.486
2010-01-18,3672.902
2010-01-19,3693.292
2010-01-20,3612.632
2010-01-21,3515.389
2010-01-22,3463.869
2010-01-25,3448.637
2010-01-26,3425.108
2010-01-27,3386.049
2010-01-28,3348.35
2010-01-29,3309.414
2010-02-01,3361.147
2010-02-02,3393.873
2010-02-03,3386.966
2010-02-04,3267.238
2010-02-05,3232.317
2010-02-08,3218.105
2010-02-09,3267.853
2010-02-10,3263.891
2010-02-11,3323.77
2010-02-12,3318.266
2010-02-15,3323.076
2010-02-16,3398.336
2010-02-17,3402.674
2010-02-18,3419.18
2010-02-19,3396.782
2010-02-22,3398.1
2010-02-23,3349.646
2010-02-24,3343.599
2010-02-25,3302.008
2010-02-26,3338.321
2010-03-01,3370.673
2010-03-02,3412.86
2010-03-03,3446.107
2010-03-04,3433.918
2010-03-05,3492.778
2010-03-08,3507.738
2010-03-09,3503.601
2010-03-10,3521.592
2010-03-11,3514.496
2010-03-12,3528.414
2010-03-15,3489.718
2010-03-16,3532.719
2010-03-17,3571.471
2010-03-18,3545.301
2010-03-19,3514.998
2010-03-22,3501.833
2010-03-23,3525.303
2010-03-24,3492.495
2010-03-25,3470.48
2010-03-26,3479.546
2010-03-29,3521.6
2010-03-30,3527.731
2010-03-31,3535.739
2010-04-01,3597.274
2010-04-02,3599.577
2010-04-05,3615.84
2010-04-06,3636.993
2010-04-07,3622.829
2010-04-08,3618.513
2010-04-09,3665.956
2010-04-12,3674.713
2010-04-13,3642.293
2010-04-14,3671.031
2010-04-15,3675.379
2010-04-16,3611.211
2010-04-19,3588.303
2010-04-20,3632.724
2010-04-21,3609.664
2010-04-22,3579.913
2010-04-23,3609.005
2010-04-26,3621.214
2010-04-27,3536.273
2010-04-28,3542.682
2010-04-29,3549.401
2010-04-30,3536.227
2010-05-03,3511.817
2010-05-04,3394.506
2010-05-05,3363.633
2010-05-06,3284.427
2010-05-07,3220.133
2010-05-10,3374.699
2010-05-11,3344.221
2010-05-12,3360.077
2010-05-13,3343.81
2010-05-14,3263.135
2010-05-17,3214.637
2010-05-18,3218.441
2010-05-19,3139.322
2010-05-20,3047.126
2010-05-21,3077.017
2010-05-24,3051.11
2010-05-25,3005.947
2010-05-26,3036.389
2010-05-27,3164.343
2010-05-28,3147.68
2010-05-31,3143.023
2010-06-01,3080.621
2010-06-02,3106.005
2010-06-03,3130.976
2010-06-04,3041.798
2010-06-07,3003.475
2010-06-08,3015.105
2010-06-09,3027.201
2010-06-10,3090.744
2010-06-11,3123.202
2010-06-14,3132.089
2010-06-15,3165.227
2010-06-16,3181.145
2010-06-17,3193.881
2010-06-18,3204.986
2010-06-21,3236.979
2010-06-22,3173.829
2010-06-23,3138.515
2010-06-24,3092.716
2010-06-25,3068.553
2010-06-28,3066.977
2010-06-29,2962.204
2010-06-30,2946.693
2010-07-01,2917.278
2010-07-02,2921.664
2010-07-05,2918.217
2010-07-06,2966.778
2010-07-07,3022.392
2010-07-08,3064.801
2010-07-09,3100.354
2010-07-12,3106.147
2010-07-13,3144.08
2010-07-14,3145.362
2010-07-15,3139.477
2010-07-16,3092.998
2010-07-19,3073.649
2010-07-20,3113.75
2010-07-21,3117.525
2010-07-22,3173.213
2010-07-23,3198.613
2010-07-26,3223.377
2010-07-27,3211.417
2010-07-28,3204.112
2010-07-29,3207.22
2010-07-30,3205.673
2010-08-02,3309.159
2010-08-03,3321.684
2010-08-04,3335.279
2010-08-05,3342.096
2010-08-06,3340.609
2010-08-09,3359.362
2010-08-10,3309.129
2010-08-11,3217.018
2010-08-12,3213.473
2010-08-13,3212.821
2010-08-16,3225.025
2010-08-17,3283.296
2010-08-18,3264.745
2010-08-19,3227.623
2010-08-20,3201.656
2010-08-23,3200.33
2010-08-24,3145.839
2010-08-25,3125.403
2010-08-26,3138.966
2010-08-27,3176.148
2010-08-30,3160.408
2010-08-31,3155.518
2010-09-01,3245.57
2010-09-02,3270.622
2010-09-03,3298.926
2010-09-06,3316.822
2010-09-07,3281.99
2010-09-08,3308.26
2010-09-09,3324.751
2010-09-10,3331.018
2010-09-13,3377.819
2010-09-14,3384.511
2010-09-15,3374.268
2010-09-16,3376.323
2010-09-17,3368.979
2010-09-20,3402.744
2010-09-21,3390.737
2010-09-22,3408.121
2010-09-23,3389.855
2010-09-24,3429.893
2010-09-27,3433.189
2010-09-28,3442.091
2010-09-29,3442.821
2010-09-30,3430.507
2010-10-01,3468.979
2010-10-04,3443.344
2010-10-05,3506.98
2010-10-06,3553.201
2010-10-07,3540.341
2010-10-08,3586.827
2010-10-11,3606.581
2010-10-12,3585.648
2010-10-13,3655.647
2010-10-14,3680.263
2010-10-15,3667.223
2010-10-18,3661.818
2010-10-19,3577.144
2010-10-20,3624.929
2010-10-21,3635.741
2010-10-22,3623.531
2010-10-25,3673.791
2010-10-26,3665.192
2010-10-27,3610.391
2010-10-28,3631.088
2010-10-29,3650.848
2010-11-01,3670.472
2010-11-02,3702.255
2010-11-03,3697.143
2010-11-04,3816.181
2010-11-05,3836.744
2010-11-08,3834.01
2010-11-09,3841.548
2010-11-10,3803.89
2010-11-11,3830.562
2010-11-12,3762.552
2010-11-15,3733.486
2010-11-16,3636.492
2010-11-17,3635.612
2010-11-18,3702.549
2010-11-19,3701.584
2010-11-22,3692.208
2010-11-23,3616.475
2010-11-24,3664.742
2010-11-25,3680.72
2010-11-26,3626.955
2010-11-29,3598.665
2010-11-30,3588.66
2010-12-01,3668.939
2010-12-02,3736.791
2010-12-03,3788.915
2010-12-06,3813.626
2010-12-07,3831.625
2010-12-08,3784.519
2010-12-09,3793.994
2010-12-10,3811.62
2010-12-13,3851.036
2010-12-14,3856.451
2010-12-15,3827.512
2010-12-16,3816.398
2010-12-17,3825.048
2010-12-20,3829.698
2010-12-21,3886.699
2010-12-22,3893.536
2010-12-23,3912.006
2010-12-24,3912.187
2010-12-27,3904.991
2010-12-28,3919.439
2010-12-29,3962.277
2010-12-30,3971.899
2010-12-31,3990.406
2011-01-03,4005.501
2011-01-04,4008.824
2011-01-05,3998.737
2011-01-06,3996.658
2011-01-07,3984.429
2011-01-10,3957.935
2011-01-11,4002.114
2011-01-12,4085.056
2011-01-13,4091.122
2011-01-14,4084.091
2011-01-17,4077.369
2011-01-18,4120.887
2011-01-19,4065.666
2011-01-20,3968.524
2011-01-21,3999.362
2011-01-24,4023.954
2011-01-25,4006.175
2011-01-26,4075.055
2011-01-27,4069.87
2011-01-28,4017.007
2011-01-31,4058.495
2011-02-01,4169.58
2011-02-02,4186.323
2011-02-03,4171.582
2011-02-04,4167.892
2011-02-07,4186.132
2011-02-08,4198.531
2011-02-09,4166.251
2011-02-10,4152.644
2011-02-11,4171.625
2011-02-14,4212.47
2011-02-15,4181.318
2011-02-16,4199.615
2011-02-17,4215.675
2011-02-18,4198.79
2011-02-21,4183.561
2011-02-22,4134.69
2011-02-23,4135.1
2011-02-24,4135.831
2011-02-25,4187.334
2011-02-28,4227.137
2011-03-01,4203.166
2011-03-02,4209.339
2011-03-03,4254.078
2011-03-04,4255.181
2011-03-07,4217.723
2011-03-08,4187.321
2011-03-09,4141.174
2011-03-10,4016.887
2011-03-11,4030.667
2011-03-14,4036.299
2011-03-15,3971.139
2011-03-16,3940.825
2011-03-17,4014.836
2011-03-18,4040.117
2011-03-21,4109.604
2011-03-22,4112.246
2011-03-23,4140.611
2011-03-24,4179.157
2011-03-25,4200.0
2011-03-28,4170.214
2011-03-29,4183.383
2011-03-30,4231.143
2011-03-31,4248.105
2011-04-01,4293.003
2011-04-04,4331.548
2011-04-05,4354.559
2011-04-06,4343.083
2011-04-07,4314.099
2011-04-08,4346.819
2011-04-11,4323.765
2011-04-12,4222.372
2011-04-13,4221.034
2011-04-14,4205.24
2011-04-15,4202.979
2011-04-18,4112.856
2011-04-19,4169.138
2011-04-20,4270.613
2011-04-21,4314.689
2011-04-22,4313.645
2011-04-25,4287.373
2011-04-26,4307.824
2011-04-27,4294.241
2011-04-28,4301.578
2011-04-29,4331.837
2011-05-02,4325.698
2011-05-03,4236.651
2011-05-04,4160.556
2011-05-05,4079.103
2011-05-06,4113.713
2011-05-09,4118.091
2011-05-10,4141.664
2011-05-11,4071.993
2011-05-12,4001.505
2011-05-13,3990.139
2011-05-16,3986.963
2011-05-17,3975.011
2011-05-18,4037.894
2011-05-19,4046.608
2011-05-20,4017.217
2011-05-23,3953.451
2011-05-24,3994.421
2011-05-25,4019.581
2011-05-26,4053.289
2011-05-27,4112.546
2011-05-30,4111.442
2011-05-31,4159.216
2011-06-01,4098.639
2011-06-02,4056.975
2011-06-03,4035.463
2011-06-06,3996.164
2011-06-07,4011.042
2011-06-08,3981.346
2011-06-09,4030.431
2011-06-10,3970.306
2011-06-13,3951.122
2011-06-14,3997.004
2011-06-15,3923.574
2011-06-16,3859.237
2011-06-17,3857.584
2011-06-20,3850.836
2011-06-21,3944.647
2011-06-22,3945.175
2011-06-23,3873.498
2011-06-24,3864.529
2011-06-27,3877.873
2011-06-28,3936.1
2011-06-29,4023.495
2011-06-30,4078.848
2011-07-01,4099.419
2011-07-04,4118.852
2011-07-05,4129.214
2011-07-06,4114.503
2011-07-07,4161.903
2011-07-08,4149.913
2011-07-11,4061.87
2011-07-12,4039.101
2011-07-13,4104.065
2011-07-14,4078.025
2011-07-15,4085.098
2011-07-18,4041.013
2011-07-19,4099.858
2011-07-20,4122.828
2011-07-21,4174.518
2011-07-22,4193.733
2011-07-25,4185.636
2011-07-26,4189.894
2011-07-27,4126.032
2011-07-28,4095.353
2011-07-29,4053.146
2011-08-01,4044.335
2011-08-02,3955.784
2011-08-03,3906.276
2011-08-04,3707.23
2011-08-05,3634.898
2011-08-08,3424.354
2011-08-09,3503.737
2011-08-10,3444.82
2011-08-11,3555.247
2011-08-12,3596.811
2011-08-15,3689.063
2011-08-16,3654.344
2011-08-17,3693.355
2011-08-18,3515.472
2011-08-19,3470.764
2011-08-22,3484.92
2011-08-23,3556.387
2011-08-24,3585.625
2011-08-25,3552.069
2011-08-26,3595.035
2011-08-29,3678.702
2011-08-30,3724.323
2011-08-31,3770.725
2011-09-01,3751.109
2011-09-02,3675.265
2011-09-05,3597.012
2011-09-06,3581.936
2011-09-07,3686.711
2011-09-08,3691.004
2011-09-09,3575.541
2011-09-12,3508.35
2011-09-13,3534.347
2011-09-14,3551.231
2011-09-15,3621.521
2011-09-16,3624.376
2011-09-19,3527.022
2011-09-20,3537.114
2011-09-21,3437.501
2011-09-22,3208.925
2011-09-23,3169.749
2011-09-26,3190.625
2011-09-27,3317.032
2011-09-28,3242.922
2011-09-29,3242.588
2011-09-30,3151.642
2011-10-03,3058.961
2011-10-04,3020.404
2011-10-05,3128.567
2011-10-06,3244.29
2011-10-07,3257.348
2011-10-10,3362.921
2011-10-11,3376.626
2011-10-12,3444.702
2011-10-13,3415.698
2011-10-14,3499.42
2011-10-17,3441.419
2011-10-18,3445.883
2011-10-19,3420.972
2011-10-20,3381.937
2011-10-21,3475.567
2011-10-24,3562.417
2011-10-25,3540.278
2011-10-26,3574.857
2011-10-27,3748.842
2011-10-28,3770.267
2011-10-31,3626.489
2011-11-01,3485.26
2011-11-02,3562.653
2011-11-03,3612.885
2011-11-04,3621.021
2011-11-07,3641.928
2011-11-08,3683.66
2011-11-09,3561.883
2011-11-10,3545.538
2011-11-11,3628.462
2011-11-14,3595.569
2011-11-15,3568.943
2011-11-16,3538.638
2011-11-17,3463.446
2011-11-18,3437.066
2011-11-21,3337.404
2011-11-22,3330.714
2011-11-23,3243.436
2011-11-24,3234.501
2011-11-25,3215.936
2011-11-28,3337.329
2011-11-29,3359.087
2011-11-30,3513.316
2011-12-01,3525.444
2011-12-02,3514.661
2011-12-05,3544.012
2011-12-06,3532.673
2011-12-07,3532.748
2011-12-08,3439.166
2011-12-09,3452.099
2011-12-12,3371.975
2011-12-13,3345.622
2011-12-14,3264.717
2011-12-15,3271.748
2011-12-16,3290.768
2011-12-19,3245.664
2011-12-20,3345.58
2011-12-21,3363.232
2011-12-22,3394.754
2011-12-23,3424.329
2011-12-26,3425.24
2011-12-27,3424.674
2011-12-28,3352.347
2011-12-29,3377.501
2011-12-30,3397.581
2012-01-02,3406.298
2012-01-03,3526.664
2012-01-04,3527.846
2012-01-05,3506.047
2012-01-06,3485.119
2012-01-09,3490.552
2012-01-10,3557.186
2012-01-11,3549.35
2012-01-12,3557.43
2012-01-13,3546.848
2012-01-16,3551.93
2012-01-17,3597.237
2012-01-18,3624.674
2012-01-19,3647.247
2012-01-20,3645.828
2012-01-23,3679.356
2012-01-24,3657.563
2012-01-25,3691.563
2012-01-26,3727.736
2012-01-27,3720.64
2012-01-30,3686.676
2012-01-31,3682.607
2012-02-01,3737.759
2012-02-02,3763.692
2012-02-03,3797.713
2012-02-06,3788.965
2012-02-07,3792.726
2012-02-08,3800.523
2012-02-09,3801.597
2012-02-10,3728.132
2012-02-13,3766.175
2012-02-14,3731.467
2012-02-15,3731.322
2012-02-16,3742.986
2012-02-17,3755.361
2012-02-20,3790.211
2012-02-21,3807.218
2012-02-22,3801.855
2012-02-23,3806.059
2012-02-24,3835.259
2012-02-27,3820.237
2012-02-28,3841.792
2012-02-29,3807.389
2012-03-01,3822.376
2012-03-02,3803.823
2012-03-05,3750.02
2012-03-06,3637.325
2012-03-07,3636.4
2012-03-08,3697.266
2012-03-09,3701.277
2012-03-12,3677.952
2012-03-13,3725.705
2012-03-14,3689.647
2012-03-15,3703.23
2012-03-16,3734.188
2012-03-19,3744.189
2012-03-20,3706.61
2012-03-21,3687.094
2012-03-22,3633.603
2012-03-23,3660.435
2012-03-26,3705.031
2012-03-27,3687.455
2012-03-28,3629.979
2012-03-29,3602.591
2012-03-30,3639.339
2012-04-02,3691.547
2012-04-03,3663.244
2012-04-04,3574.64
2012-04-05,3565.592
2012-04-06,3564.295
2012-04-09,3537.983
2012-04-10,3474.3
2012-04-11,3484.591
2012-04-12,3556.034
2012-04-13,3520.808
2012-04-16,3509.82
2012-04-17,3562.045
2012-04-18,3551.856
2012-04-19,3546.958
2012-04-20,3554.332
2012-04-23,3490.237
2012-04-24,3509.943
2012-04-25,3554.951
2012-04-26,3565.402
2012-04-27,3589.748
2012-04-30,3581.277
2012-05-01,3606.181
2012-05-02,3577.762
2012-05-03,3546.775
2012-05-04,3466.054
2012-05-07,3444.406
2012-05-08,3397.022
2012-05-09,3362.546
2012-05-10,3378.584
2012-05-11,3359.68
2012-05-14,3289.403
2012-05-15,3248.46
2012-05-16,3214.323
2012-05-17,3187.48
2012-05-18,3147.917
2012-05-21,3196.56
2012-05-22,3213.881
2012-05-23,3173.526
2012-05-24,3201.959
2012-05-25,3185.635
2012-05-28,3196.209
2012-05-29,3236.882
2012-05-30,3170.234
2012-05-31,3148.819
2012-06-01,3105.028
2012-06-04,3095.644
2012-06-05,3119.141
2012-06-06,3201.303
2012-06-07,3224.854
2012-06-08,3201.454
2012-06-11,3190.237
2012-06-12,3211.772
2012-06-13,3207.498
2012-06-14,3213.58
2012-06-15,3261.541
2012-06-18,3276.73
2012-06-19,3332.61
2012-06-20,3338.403
2012-06-21,3236.174
2012-06-22,3205.888
2012-06-25,3166.416
2012-06-26,3185.048
2012-06-27,3221.739
2012-06-28,3217.228
2012-06-29,3331.238
2012-07-02,3344.378
2012-07-03,3412.492
2012-07-04,3414.564
2012-07-05,3388.88
2012-07-06,3338.547
2012-07-09,3305.08
2012-07-10,3285.546
2012-07-11,3295.033
2012-07-12,3251.88
2012-07-13,3303.733
2012-07-16,3309.485
2012-07-17,3329.361
2012-07-18,3348.547
2012-07-19,3381.017
2012-07-20,3354.901
2012-07-23,3273.548
2012-07-24,3244.054
2012-07-25,3242.844
2012-07-26,3309.501
2012-07-27,3363.806
2012-07-30,3380.533
2012-07-31,3357.065
2012-08-01,3353.775
2012-08-02,3307.588
2012-08-03,3368.7
2012-08-06,3404.647
2012-08-07,3447.338
2012-08-08,3450.141
2012-08-09,3471.168
2012-08-10,3471.767
2012-08-13,3460.558
2012-08-14,3458.259
2012-08-15,3446.123
2012-08-16,3488.933
2012-08-17,3484.102
2012-08-20,3476.663
2012-08-21,3496.783
2012-08-22,3481.395
2012-08-23,3472.209
2012-08-24,3453.784
2012-08-27,3447.858
2012-08-28,3445.582
2012-08-29,3432.36
2012-08-30,3382.774
2012-08-31,3416.022
2012-09-03,3423.743
2012-09-04,3391.063
2012-09-05,3384.2
2012-09-06,3466.873
2012-09-07,3553.971
2012-09-10,3553.198
2012-09-11,3566.037
2012-09-12,3572.033
2012-09-13,3618.76
2012-09-14,3724.561
2012-09-17,3705.825
2012-09-18,3682.158
2012-09-19,3693.977
2012-09-20,3666.426
2012-09-21,3665.402
2012-09-24,3633.967
2012-09-25,3616.241
2012-09-26,3566.742
2012-09-27,3605.115
2012-09-28,3589.31
2012-10-01,3619.031
2012-10-02,3609.942
2012-10-03,3569.78
2012-10-04,3590.374
2012-10-05,3611.142
2012-10-08,3590.908
2012-10-09,3579.242
2012-10-10,3553.246
2012-10-11,3574.85
2012-10-12,3556.9
2012-10-15,3558.64
2012-10-16,3607.763
2012-10-17,3657.021
2012-10-18,3664.576
2012-10-19,3625.993
2012-10-22,3621.219
2012-10-23,3548.101
2012-10-24,3545.635
2012-10-25,3559.8
2012-10-26,3554.184
2012-10-29,3544.72
2012-10-30,3567.754
2012-10-31,3563.635
2012-11-01,3585.144
2012-11-02,3548.822
2012-11-05,3547.928
2012-11-06,3575.403
2012-11-07,3526.681
2012-11-08,3494.362
2012-11-09,3480.842
2012-11-12,3469.198
2012-11-13,3445.331
2012-11-14,3399.437
2012-11-15,3379.77
2012-11-16,3369.897
2012-11-19,3451.834
2012-11-20,3459.49
2012-11-21,3461.693
2012-11-22,3479.098
2012-11-23,3516.807
2012-11-26,3514.098
2012-11-27,3490.25
2012-11-28,3495.257
2012-11-29,3537.4
2012-11-30,3535.493
2012-12-03,3520.848
2012-12-04,3515.215
2012-12-05,3509.099
2012-12-06,3524.148
2012-12-07,3534.459
2012-12-10,3551.414
2012-12-11,3579.35
2012-12-12,3602.058
2012-12-13,3582.052
2012-12-14,3590.82
2012-12-17,3611.774
2012-12-18,3642.152
2012-12-19,3648.85
2012-12-20,3650.925
2012-12-21,3617.588
2012-12-24,3614.612
2012-12-25,3615.65
2012-12-26,3622.595
2012-12-27,3633.184
2012-12-28,3608.479
2012-12-31,3640.532
2013-01-01,3641.239
2013-01-02,3734.603
2013-01-03,3723.153
2013-01-04,3733.479
2013-01-07,3709.159
2013-01-08,3703.988
2013-01-09,3720.36
2013-01-10,3753.562
2013-01-11,3753.752
2013-01-14,3752.798
2013-01-15,3756.542
2013-01-16,3737.464
2013-01-17,3754.399
2013-01-18,3757.135
2013-01-21,3766.738
2013-01-22,3785.336
2013-01-23,3777.343
2013-01-24,3790.387
2013-01-25,3799.95
2013-01-28,3771.573
2013-01-29,3804.227
2013-01-30,3795.479
2013-01-31,3774.709
2013-02-01,3811.654
2013-02-04,3777.244
2013-02-05,3777.382
2013-02-06,3776.53
2013-02-07,3746.168
2013-02-08,3763.533
2013-02-11,3743.421
2013-02-12,3758.59
2013-02-13,3770.635
2013-02-14,3761.148
2013-02-15,3737.994
2013-02-18,3732.48
2013-02-19,3747.442
2013-02-20,3685.259
2013-02-21,3625.401
2013-02-22,3638.508
2013-02-25,3621.729
2013-02-26,3605.092
2013-02-27,3640.39
2013-02-28,3650.665
2013-03-01,3619.368
2013-03-04,3586.439
2013-03-05,3620.561
2013-03-06,3645.737
2013-03-07,3648.129
2013-03-08,3654.206
2013-03-11,3665.436
2013-03-12,3672.404
2013-03-13,3650.658
2013-03-14,3664.141
2013-03-15,3674.305
2013-03-18,3631.534
2013-03-19,3603.16
2013-03-20,3610.834
2013-03-21,3594.983
2013-03-22,3601.719
2013-03-25,3578.427
2013-03-26,3589.934
2013-03-27,3593.863
2013-03-28,3587.904
2013-03-29,3586.342
2013-04-01,3579.821
2013-04-02,3560.056
2013-04-03,3518.346
2013-04-04,3507.579
2013-04-05,3498.56
2013-04-08,3509.709
2013-04-09,3557.403
2013-04-10,3571.462
2013-04-11,3573.668
2013-04-12,3525.188
2013-04-15,3401.244
2013-04-16,3411.766
2013-04-17,3350.747
2013-04-18,3344.468
2013-04-19,3373.695
2013-04-22,3384.557
2013-04-23,3407.247
2013-04-24,3469.176
2013-04-25,3499.328
2013-04-26,3474.893
2013-04-29,3514.424
2013-04-30,3539.026
2013-05-01,3500.841
2013-05-02,3489.025
2013-05-03,3538.985
2013-05-06,3549.043
2013-05-07,3568.854
2013-05-08,3624.012
2013-05-09,3611.677
2013-05-10,3583.304
2013-05-13,3561.165
2013-05-14,3573.399
2013-05-15,3548.186
2013-05-16,3534.927
2013-05-17,3538.142
2013-05-20,3564.454
2013-05-21,3569.383
2013-05-22,3556.597
2013-05-23,3523.487
2013-05-24,3507.756
2013-05-27,3502.526
2013-05-28,3516.243
2013-05-29,3520.867
2013-05-30,3536.051
2013-05-31,3479.379
2013-06-03,3492.652
2013-06-04,3490.731
2013-06-05,3435.563
2013-06-06,3436.552
2013-06-07,3431.719
2013-06-10,3430.725
2013-06-11,3388.592
2013-06-12,3381.012
2013-06-13,3403.08
2013-06-14,3407.249
2013-06-17,3422.094
2013-06-18,3419.47
2013-06-19,3404.354
2013-06-20,3271.177
2013-06-21,3263.122
2013-06-24,3192.477
2013-06-25,3208.622
2013-06-26,3218.315
2013-06-27,3232.552
2013-06-28,3246.094
2013-07-01,3258.901
2013-07-02,3263.394
2013-07-03,3238.784
2013-07-04,3260.646
2013-07-05,3238.083
2013-07-08,3252.43
2013-07-09,3291.278
2013-07-10,3299.466
2013-07-11,3390.69
2013-07-12,3381.802
2013-07-15,3390.329
2013-07-16,3405.04
2013-07-17,3417.034
2013-07-18,3427.787
2013-07-19,3447.052
2013-07-22,3475.07
2013-07-23,3498.525
2013-07-24,3466.511
2013-07-25,3461.207
2013-07-26,3457.238
2013-07-29,3445.258
2013-07-30,3381.846
2013-07-31,3352.365
2013-08-01,3371.351
2013-08-02,3374.918
2013-08-05,3366.436
2013-08-06,3341.246
2013-08-07,3328.116
2013-08-08,3391.685
2013-08-09,3422.899
2013-08-12,3441.558
2013-08-13,3441.249
2013-08-14,3463.683
2013-08-15,3457.309
2013-08-16,3451.968
2013-08-19,3422.462
2013-08-20,3417.513
2013-08-21,3372.194
2013-08-22,3399.653
2013-08-23,3436.654
2013-08-26,3441.971
2013-08-27,3404.986
2013-08-28,3403.21
2013-08-29,3391.093
2013-08-30,3370.497
2013-09-02,3398.298
2013-09-03,3417.27
2013-09-04,3444.592
2013-09-05,3448.537
2013-09-06,3468.806
2013-09-09,3521.163
2013-09-10,3549.373
2013-09-11,3564.456
2013-09-12,3549.588
2013-09-13,3549.007
2013-09-16,3587.424
2013-09-17,3574.05
2013-09-18,3607.018
2013-09-19,3643.659
2013-09-20,3599.94
2013-09-23,3585.269
2013-09-24,3573.627
2013-09-25,3580.636
2013-09-26,3586.478
2013-09-27,3575.408
2013-09-30,3535.734
2013-10-01,3532.399
2013-10-02,3537.756
2013-10-03,3525.283
2013-10-04,3533.921
2013-10-07,3520.541
2013-10-08,3493.199
2013-10-09,3477.281
2013-10-10,3514.186
2013-10-11,3538.941
2013-10-14,3557.03
2013-10-15,3571.593
2013-10-16,3586.579
2013-10-17,3622.537
2013-10-18,3638.315
2013-10-21,3650.491
2013-10-22,3688.094
2013-10-23,3659.222
2013-10-24,3670.574
2013-10-25,3677.793
2013-10-28,3686.947
2013-10-29,3684.482
2013-10-30,3689.302
2013-10-31,3654.678
2013-11-01,3626.106
2013-11-04,3669.05
2013-11-05,3659.155
2013-11-06,3677.453
2013-11-07,3630.52
2013-11-08,3630.601
2013-11-11,3636.803
2013-11-12,3614.777
2013-11-13,3603.614
2013-11-14,3634.736
2013-11-15,3664.231
2013-11-18,3673.254
2013-11-19,3663.673
2013-11-20,3639.834
2013-11-21,3626.973
2013-11-22,3633.37
2013-11-25,3617.641
2013-11-26,3593.041
2013-11-27,3588.616
2013-11-28,3603.173
2013-11-29,3604.817
2013-12-02,3573.919
2013-12-03,3552.598
2013-12-04,3556.555
2013-12-05,3544.71
2013-12-06,3565.737
2013-12-09,3580.937
2013-12-10,3584.446
2013-12-11,3539.144
2013-12-12,3504.585
2013-12-13,3510.248
2013-12-16,3537.049
2013-12-17,3533.38
2013-12-18,3566.692
2013-12-19,3583.68
2013-12-20,3596.493
2013-12-23,3623.035
2013-12-24,3639.656
2013-12-25,3639.809
2013-12-26,3651.565
2013-12-27,3685.247
2013-12-30,3683.494
2013-12-31,3696.833
2014-01-01,3696.947
2014-01-02,3670.33
2014-01-03,3662.098
2014-01-06,3644.714
2014-01-07,3638.667
2014-01-08,3641.094
2014-01-09,3608.196
2014-01-10,3635.331
2014-01-13,3621.805
2014-01-14,3631.149
2014-01-15,3647.192
2014-01-16,3663.97
2014-01-17,3673.168
2014-01-20,3679.416
2014-01-21,3665.767
2014-01-22,3661.528
2014-01-23,3631.104
2014-01-24,3555.28
2014-01-27,3517.677
2014-01-28,3532.591
2014-01-29,3535.01
2014-01-30,3516.695
2014-01-31,3488.279
2014-02-03,3444.692
2014-02-04,3438.283
2014-02-05,3442.704
2014-02-06,3497.212
2014-02-07,3543.944
2014-02-10,3557.252
2014-02-11,3607.709
2014-02-12,3615.418
2014-02-13,3618.747
2014-02-14,3651.345
2014-02-17,3667.27
2014-02-18,3679.767
2014-02-19,3672.89
2014-02-20,3678.842
2014-02-21,3687.195
2014-02-24,3689.145
2014-02-25,3678.281
2014-02-26,3664.387
2014-02-27,3660.394
2014-02-28,3670.039
2014-03-03,3636.313
2014-03-04,3670.16
2014-03-05,3682.224
2014-03-06,3713.545
2014-03-07,3678.063
2014-03-10,3644.358
2014-03-11,3619.07
2014-03-12,3609.855
2014-03-13,3593.965
2014-03-14,3582.655
2014-03-17,3604.315
2014-03-18,3632.861
2014-03-19,3599.425
2014-03-20,3578.178
2014-03-21,3597.489
2014-03-24,3588.943
2014-03-25,3625.42
2014-03-26,3630.815
2014-03-27,3647.35
2014-03-28,3677.39
2014-03-31,3696.29
2014-04-01,3704.048
2014-04-02,3717.513
2014-04-03,3714.5
2014-04-04,3726.9
2014-04-07,3700.812
2014-04-08,3727.559
2014-04-09,3747.856
2014-04-10,3723.893
2014-04-11,3690.502
2014-04-14,3710.47
2014-04-15,3704.322
2014-04-16,3737.985
2014-04-17,3753.554
2014-04-18,3753.718
2014-04-21,3754.252
2014-04-22,3759.097
2014-04-23,3760.93
2014-04-24,3762.718
2014-04-25,3752.117
2014-04-28,3747.314
2014-04-29,3776.023
2014-04-30,3797.49
2014-05-01,3786.54
2014-05-02,3802.77
2014-05-05,3803.839
2014-05-06,3812.99
2014-05-07,3827.984
2014-05-08,3835.412
2014-05-09,3819.321
2014-05-12,3851.017
2014-05-13,3870.087
2014-05-14,3878.855
2014-05-15,3847.758
2014-05-16,3844.261
2014-05-19,3845.591
2014-05-20,3824.353
2014-05-21,3837.151
2014-05-22,3846.698
2014-05-23,3851.291
2014-05-26,3860.657
2014-05-27,3842.785
2014-05-28,3830.059
2014-05-29,3843.172
2014-05-30,3822.654
2014-06-02,3827.825
2014-06-03,3818.319
2014-06-04,3813.052
2014-06-05,3835.315
2014-06-06,3859.054
2014-06-09,3862.33
2014-06-10,3862.255
2014-06-11,3859.748
2014-06-12,3858.159
2014-06-13,3865.872
2014-06-16,3878.34
2014-06-17,3874.384
2014-06-18,3907.107
2014-06-19,3952.641
2014-06-20,3950.503
2014-06-23,3973.911
2014-06-24,3954.316
2014-06-25,3942.444
2014-06-26,3948.568
2014-06-27,3946.306
2014-06-30,3951.224
2014-07-01,3969.76
2014-07-02,3994.342
2014-07-03,4011.671
2014-07-04,4013.69
2014-07-07,3995.458
2014-07-08,3982.975
2014-07-09,3989.447
2014-07-10,3951.202
2014-07-11,3946.656
2014-07-14,3962.336
2014-07-15,3944.307
2014-07-16,3994.242
2014-07-17,3962.423
2014-07-18,3964.416
2014-07-21,3956.888
2014-07-22,3991.437
2014-07-23,4002.026
2014-07-24,4009.612
2014-07-25,3999.812
2014-07-28,4000.759
2014-07-29,3986.89
2014-07-30,3960.235
2014-07-31,3906.231
2014-08-01,3882.113
2014-08-04,3899.58
2014-08-05,3869.83
2014-08-06,3872.528
2014-08-07,3844.984
2014-08-08,3855.507
2014-08-11,3888.124
2014-08-12,3886.377
2014-08-13,3881.388
2014-08-14,3883.907
2014-08-15,3891.087
2014-08-18,3917.88
2014-08-19,3934.889
2014-08-20,3935.664
2014-08-21,3924.883
2014-08-22,3897.695
2014-08-25,3910.151
2014-08-26,3932.32
2014-08-27,3940.261
2014-08-28,3914.423
2014-08-29,3921.082
2014-09-01,3920.551
2014-09-02,3896.976
2014-09-03,3920.299
2014-09-04,3896.965
2014-09-05,3895.695
2014-09-08,3864.516
2014-09-09,3838.213
2014-09-10,3818.159
2014-09-11,3817.395
2014-09-12,3796.417
2014-09-15,3788.41
2014-09-16,3806.205
2014-09-17,3814.119
2014-09-18,3809.139
2014-09-19,3786.442
2014-09-22,3735.903
2014-09-23,3724.166
2014-09-24,3732.091
2014-09-25,3682.279
2014-09-26,3683.021
2014-09-29,3652.335
2014-09-30,3644.649
2014-10-01,3589.761
2014-10-02,3550.266
2014-10-03,3527.806
2014-10-06,3552.001
2014-10-07,3523.421
2014-10-08,3526.083
2014-10-09,3484.511
2014-10-10,3407.941
2014-10-13,3409.353
2014-10-14,3415.147
2014-10-15,3383.806
2014-10-16,3383.587
2014-10-17,3425.339
2014-10-20,3440.352
2014-10-21,3496.852
2014-10-22,3480.468
2014-10-23,3485.808
2014-10-24,3495.724
2014-10-27,3465.696
2014-10-28,3513.509
2014-10-29,3520.215
2014-10-30,3495.792
2014-10-31,3528.673
2014-11-03,3485.103
2014-11-04,3456.682
2014-11-05,3465.863
2014-11-06,3476.766
2014-11-07,3515.271
2014-11-10,3520.779
2014-11-11,3520.969
2014-11-12,3521.67
2014-11-13,3502.019
2014-11-14,3514.044
2014-11-17,3518.575
2014-11-18,3551.616
2014-11-19,3529.527
2014-11-20,3544.728
2014-11-21,3601.271
2014-11-24,3584.563
2014-11-25,3572.583
2014-11-26,3570.506
2014-11-27,3531.761
2014-11-28,3442.99
2014-12-01,3422.872
2014-12-02,3448.106
2014-12-03,3477.318
2014-12-04,3455.711
2014-12-05,3432.187
2014-12-08,3376.061
2014-12-09,3365.312
2014-12-10,3317.671
2014-12-11,3283.809
2014-12-12,3215.912
2014-12-15,3156.173
2014-12-16,3167.947
2014-12-17,3239.373
2014-12-18,3298.865
2014-12-19,3354.623
2014-12-22,3357.101
2014-12-23,3362.597
2014-12-24,3362.039
2014-12-25,3360.591
2014-12-26,3363.756
2014-12-29,3371.132
2014-12-30,3358.269
2014-12-31,3339.752
2015-01-01,3339.861
2015-01-02,3333.27
2015-01-05,3235.295
2015-01-06,3225.418
2015-01-07,3232.074
2015-01-08,3301.88
2015-01-09,3302.063
2015-01-12,3273.263
2015-01-13,3242.425
2015-01-14,3173.748
2015-01-15,3188.92
2015-01-16,3240.928
2015-01-19,3252.453
2015-01-20,3265.448
2015-01-21,3311.311
2015-01-22,3341.789
2015-01-23,3297.552
2015-01-26,3317.666
2015-01-27,3326.778
2015-01-28,3285.246
2015-01-29,3252.151
2015-01-30,3252.405
2015-02-02,3304.959
2015-02-03,3377.699
2015-02-04,3370.929
2015-02-05,3418.204
2015-02-06,3393.454
2015-02-09,3407.712
2015-02-10,3388.283
2015-02-11,3371.224
2015-02-12,3421.527
2015-02-13,3489.134
2015-02-16,3490.205
2015-02-17,3483.317
2015-02-18,3500.232
2015-02-19,3473.105
2015-02-20,3483.368
2015-02-23,3465.267
2015-02-24,3492.963
2015-02-25,3507.091
2015-02-26,3476.742
2015-02-27,3480.523
2015-03-02,3463.381
2015-03-03,3443.825
2015-03-04,3408.473
2015-03-05,3398.634
2015-03-06,3336.228
2015-03-09,3318.421
2015-03-10,3241.983
2015-03-11,3230.403
2015-03-12,3248.632
2015-03-13,3205.81
2015-03-16,3219.652
2015-03-17,3217.635
2015-03-18,3258.586
2015-03-19,3239.726
2015-03-20,3308.524
2015-03-23,3332.956
2015-03-24,3319.992
2015-03-25,3319.515
2015-03-26,3292.275
2015-03-27,3262.435
2015-03-30,3280.245
2015-03-31,3252.464
2015-04-01,3264.264
2015-04-02,3276.336
2015-04-03,3277.401
2015-04-06,3311.589
2015-04-07,3342.412
2015-04-08,3350.038
2015-04-09,3356.202
2015-04-10,3369.697
2015-04-13,3347.323
2015-04-14,3387.551
2015-04-15,3424.951
2015-04-16,3448.066
2015-04-17,3416.296
2015-04-20,3419.518
2015-04-21,3407.643
2015-04-22,3397.885
2015-04-23,3438.772
2015-04-24,3472.784
2015-04-27,3496.004
2015-04-28,3512.471
2015-04-29,3507.568
2015-04-30,3479.793
2015-05-01,3499.728
2015-05-04,3515.933
2015-05-05,3510.068
2015-05-06,3513.309
2015-05-07,3473.942
2015-05-08,3536.126
2015-05-11,3530.683
2015-05-12,3535.76
2015-05-13,3565.01
2015-05-14,3574.083
2015-05-15,3572.793
2015-05-18,3555.561
2015-05-19,3507.697
2015-05-20,3510.309
2015-05-21,3530.141
2015-05-22,3510.779
2015-05-25,3511.664
2015-05-26,3458.147
2015-05-27,3461.291
2015-05-28,3443.77
2015-05-29,3426.051
2015-06-01,3397.811
2015-06-02,3434.572
2015-06-03,3441.253
2015-06-04,3388.719
2015-06-05,3358.847
2015-06-08,3343.527
2015-06-09,3346.581
2015-06-10,3394.775
2015-06-11,3388.46
2015-06-12,3367.284
2015-06-15,3343.451
2015-06-16,3343.382
2015-06-17,3342.079
2015-06-18,3378.439
2015-06-19,3358.789
2015-06-22,3381.127
2015-06-23,3382.191
2015-06-24,3373.052
2015-06-25,3357.786
2015-06-26,3330.791
2015-06-29,3271.547
2015-06-30,3256.509
2015-07-01,3243.892
2015-07-02,3260.24
2015-07-03,3247.491
2015-07-06,3200.604
2015-07-07,3143.607
2015-07-08,3106.099
2015-07-09,3124.496
2015-07-10,3165.572
2015-07-13,3175.175
2015-07-14,3196.498
2015-07-15,3181.844
2015-07-16,3185.396
2015-07-17,3159.476
2015-07-20,3121.168
2015-07-21,3120.184
2015-07-22,3076.447
2015-07-23,3045.061
2015-07-24,2993.507
2015-07-27,2955.883
2015-07-28,2989.469
2015-07-29,3025.334
2015-07-30,3030.957
2015-07-31,3026.505
2015-08-03,2991.938
2015-08-04,2995.814
2015-08-05,3005.195
2015-08-06,3003.488
2015-08-07,2988.685
2015-08-10,3034.058
2015-08-11,2992.502
2015-08-12,2986.527
2015-08-13,2970.499
2015-08-14,2964.235
2015-08-17,2965.179
2015-08-18,2943.809
2015-08-19,2894.814
2015-08-20,2865.725
2015-08-21,2796.89
2015-08-24,2650.695
2015-08-25,2655.765
2015-08-26,2646.82
2015-08-27,2745.632
2015-08-28,2797.826
2015-08-31,2794.14
2015-09-01,2711.424
2015-09-02,2698.671
2015-09-03,2728.611
2015-09-04,2670.045
2015-09-07,2675.425
2015-09-08,2729.975
2015-09-09,2744.506
2015-09-10,2728.693
2015-09-11,2715.815
2015-09-14,2699.767
2015-09-15,2706.356
2015-09-16,2768.279
2015-09-17,2768.5
2015-09-18,2714.583
2015-09-21,2677.516
2015-09-22,2600.958
2015-09-23,2562.181
2015-09-24,2546.694
2015-09-25,2554.096
2015-09-28,2481.504
2015-09-29,2474.638
2015-09-30,2523.505
2015-10-01,2533.961
2015-10-02,2583.644
2015-10-05,2670.786
2015-10-06,2729.694
2015-10-07,2801.731
2015-10-08,2824.421
2015-10-09,2874.373
2015-10-12,2851.457
2015-10-13,2811.266
2015-10-14,2829.368
2015-10-15,2859.391
2015-10-16,2852.378
2015-10-19,2810.285
2015-10-20,2810.243
2015-10-21,2810.852
2015-10-22,2842.806
2015-10-23,2854.923
2015-10-26,2824.25
2015-10-27,2776.463
2015-10-28,2804.022
2015-10-29,2768.972
2015-10-30,2772.087
2015-11-02,2796.314
2015-11-03,2838.344
2015-11-04,2830.733
2015-11-05,2790.09
2015-11-06,2755.037
2015-11-09,2727.381
2015-11-10,2704.07
2015-11-11,2687.798
2015-11-12,2634.045
2015-11-13,2621.94
2015-11-16,2642.796
2015-11-17,2655.595
2015-11-18,2684.839
2015-11-19,2705.685
2015-11-20,2682.614
2015-11-23,2665.86
2015-11-24,2684.458
2015-11-25,2678.015
2015-11-26,2692.466
2015-11-27,2664.464
2015-11-30,2672.505
2015-12-01,2695.133
2015-12-02,2658.177
2015-12-03,2634.374
2015-12-04,2629.946
2015-12-07,2575.12
2015-12-08,2511.025
2015-12-09,2536.922
2015-12-10,2552.271
2015-12-11,2497.002
2015-12-14,2451.771
2015-12-15,2482.091
2015-12-16,2512.792
2015-12-17,2469.559
2015-12-18,2466.065
2015-12-21,2468.363
2015-12-22,2504.106
2015-12-23,2585.518
2015-12-24,2605.387
2015-12-25,2602.365
2015-12-28,2581.584
2015-12-29,2579.604
2015-12-30,2553.227
2015-12-31,2538.266
2016-01-04,2501.127
2016-01-05,2495.564
2016-01-06,2437.102
2016-01-07,2373.672
2016-01-08,2344.552
2016-01-11,2298.974
2016-01-12,2278.326
2016-01-13,2277.068
2016-01-14,2295.371
2016-01-15,2255.29
2016-01-18,2240.289
2016-01-19,2236.754
2016-01-20,2167.066
2016-01-21,2202.488
2016-01-22,2273.619
2016-01-25,2236.836
2016-01-26,2277.396
2016-01-27,2292.947
2016-01-28,2319.318
2016-01-29,2357.716
2016-02-01,2356.89
2016-02-02,2281.264
2016-02-03,2333.146
2016-02-04,2431.835
2016-02-05,2434.396
2016-02-08,2411.434
2016-02-09,2365.216
2016-02-10,2347.503
2016-02-11,2317.414
2016-02-12,2373.773
2016-02-15,2414.533
2016-02-16,2432.622
2016-02-17,2498.204
2016-02-18,2515.603
2016-02-19,2478.859
2016-02-22,2543.371
2016-02-23,2511.328
2016-02-24,2474.212
2016-02-25,2497.673
2016-02-26,2512.993
2016-02-29,2526.855
2016-03-01,2561.985
2016-03-02,2619.894
2016-03-03,2675.687
2016-03-04,2726.029
2016-03-07,2773.6
2016-03-08,2697.726
2016-03-09,2713.162
2016-03-10,2705.713
2016-03-11,2751.839
2016-03-14,2751.0
2016-03-15,2711.363
2016-03-16,2739.814
2016-03-17,2836.906
2016-03-18,2842.594
2016-03-21,2828.046
2016-03-22,2817.232
2016-03-23,2747.568
2016-03-24,2728.307
2016-03-25,2730.007
2016-03-28,2743.314
2016-03-29,2741.109
2016-03-30,2789.845
2016-03-31,2773.492
2016-04-01,2737.053
2016-04-04,2724.511
2016-04-05,2681.738
2016-04-06,2705.48
2016-04-07,2690.427
2016-04-08,2748.517
2016-04-11,2790.125
2016-04-12,2837.919
2016-04-13,2903.995
2016-04-14,2903.653
2016-04-15,2902.172
2016-04-18,2914.464
2016-04-19,3009.309
2016-04-20,3032.307
2016-04-21,3034.123
2016-04-22,3023.364
2016-04-25,2989.603
2016-04-26,3005.958
2016-04-27,3031.396
2016-04-28,3060.019
2016-04-29,3083.885
2016-05-02,3078.332
2016-05-03,2991.47
2016-05-04,2922.311
2016-05-05,2911.655
2016-05-06,2918.95
2016-05-09,2843.363
2016-05-10,2876.6
2016-05-11,2902.863
2016-05-12,2899.625
2016-05-13,2864.388
2016-05-16,2908.124
2016-05-17,2925.569
2016-05-18,2886.856
2016-05-19,2850.893
2016-05-20,2868.475
2016-05-23,2867.826
2016-05-24,2870.645
2016-05-25,2923.668
2016-05-26,2933.039
2016-05-27,2920.066
2016-05-30,2914.159
2016-05-31,2905.858
2016-06-01,2886.663
2016-06-02,2883.373
2016-06-03,2935.71
2016-06-06,2995.161
2016-06-07,3030.485
2016-06-08,3049.394
2016-06-09,3011.225
2016-06-10,2954.724
2016-06-13,2925.738
2016-06-14,2868.828
2016-06-15,2891.133
2016-06-16,2868.169
2016-06-17,2915.079
2016-06-20,2985.345
2016-06-21,2974.943
2016-06-22,2976.295
2016-06-23,3040.316
2016-06-24,2883.812
2016-06-27,2801.69
2016-06-28,2847.306
2016-06-29,2928.61
2016-06-30,2968.0
2016-07-01,3004.361
2016-07-04,3032.785
2016-07-05,2978.836
2016-07-06,2964.857
2016-07-07,2971.336
2016-07-08,3003.673
2016-07-11,3053.798
2016-07-12,3104.944
2016-07-13,3123.29
2016-07-14,3147.137
2016-07-15,3143.669
2016-07-18,3151.951
2016-07-19,3111.462
2016-07-20,3085.318
2016-07-21,3095.458
2016-07-22,3088.855
2016-07-25,3060.689
2016-07-26,3082.912
2016-07-27,3091.799
2016-07-28,3084.215
2016-07-29,3100.615
2016-08-01,3070.978
2016-08-02,3067.618
2016-08-03,3061.44
2016-08-04,3076.462
2016-08-05,3094.83
2016-08-08,3125.977
2016-08-09,3141.335
2016-08-10,3139.593
2016-08-11,3152.267
2016-08-12,3144.233
2016-08-15,3148.286
2016-08-16,3154.219
2016-08-17,3149.588
2016-08-18,3176.17
2016-08-19,3155.685
2016-08-22,3149.522
2016-08-23,3168.196
2016-08-24,3126.879
2016-08-25,3121.894
2016-08-26,3133.097
2016-08-29,3124.175
2016-08-30,3117.537
2016-08-31,3079.656
2016-09-01,3089.886
2016-09-02,3131.617
2016-09-05,3152.572
2016-09-06,3179.356
2016-09-07,3191.223
2016-09-08,3183.762
2016-09-09,3112.666
2016-09-12,3097.337
2016-09-13,3030.971
2016-09-14,3016.081
2016-09-15,3032.028
2016-09-16,3008.086
2016-09-19,3034.262
2016-09-20,3021.695
2016-09-21,3070.899
2016-09-22,3127.669
2016-09-23,3107.644
2016-09-26,3083.042
2016-09-27,3067.75
2016-09-28,3109.105
2016-09-29,3149.733
2016-09-30,3147.109
2016-10-03,3149.603
2016-10-04,3125.843
2016-10-05,3138.552
2016-10-06,3136.823
2016-10-07,3132.846
2016-10-10,3163.058
2016-10-11,3125.088
2016-10-12,3119.146
2016-10-13,3090.361
2016-10-14,3094.908
2016-10-17,3086.225
2016-10-18,3127.197
2016-10-19,3161.474
2016-10-20,3153.886
2016-10-21,3150.4
2016-10-24,3142.661
2016-10-25,3162.864
2016-10-26,3156.081
2016-10-27,3142.357
2016-10-28,3146.52
2016-10-31,3149.718
2016-11-01,3153.516
2016-11-02,3137.585
2016-11-03,3137.047
2016-11-04,3117.986
2016-11-07,3153.509
2016-11-08,3185.45
2016-11-09,3206.669
2016-11-10,3233.964
2016-11-11,3180.449
2016-11-14,3174.542
2016-11-15,3202.924
2016-11-16,3183.176
2016-11-17,3188.93
2016-11-18,3172.432
2016-11-21,3221.783
2016-11-22,3257.138
2016-11-23,3259.792
2016-11-24,3276.925
2016-11-25,3280.671
2016-11-28,3265.391
2016-11-29,3237.298
2016-11-30,3261.262
2016-12-01,3301.767
2016-12-02,3308.68
2016-12-05,3346.124
2016-12-06,3357.255
2016-12-07,3403.172
2016-12-08,3425.03
2016-12-09,3417.815
2016-12-12,3431.175
2016-12-13,3426.791
2016-12-14,3393.389
2016-12-15,3337.254
2016-12-16,3335.303
2016-12-19,3320.119
2016-12-20,3328.818
2016-12-21,3336.076
2016-12-22,3335.26
2016-12-23,3328.002
2016-12-26,3324.429
2016-12-27,3332.763
2016-12-28,3345.441
2016-12-29,3366.473
2016-12-30,3357.724
2017-01-02,3361.381
2017-01-03,3383.661
2017-01-04,3413.339
2017-01-05,3445.105
2017-01-06,3422.655
2017-01-09,3406.058
2017-01-10,3429.982
2017-01-11,3454.619
2017-01-12,3480.743
2017-01-13,3483.911
2017-01-16,3476.615
2017-01-17,3493.748
2017-01-18,3503.21
2017-01-19,3474.162
2017-01-20,3502.235
2017-01-23,3511.234
2017-01-24,3569.888
2017-01-25,3587.686
2017-01-26,3554.792
2017-01-27,3551.36
2017-01-30,3513.318
2017-01-31,3508.082
2017-02-01,3520.005
2017-02-02,3534.59
2017-02-03,3516.311
2017-02-06,3496.284
2017-02-07,3487.615
2017-02-08,3492.036
2017-02-09,3484.663
2017-02-10,3522.938
2017-02-13,3556.104
2017-02-14,3545.467
2017-02-15,3553.14
2017-02-16,3556.703
2017-02-17,3528.626
2017-02-20,3531.075
2017-02-21,3542.217
2017-02-22,3517.472
2017-02-23,3511.313
2017-02-24,3468.97
2017-02-27,3465.97
2017-02-28,3459.418
2017-03-01,3498.026
2017-03-02,3476.156
2017-03-03,3471.264
2017-03-06,3461.016
2017-03-07,3436.819
2017-03-08,3397.507
2017-03-09,3373.993
2017-03-10,3392.139
2017-03-13,3408.062
2017-03-14,3380.731
2017-03-15,3431.458
2017-03-16,3482.53
2017-03-17,3486.637
2017-03-20,3488.356
2017-03-21,3460.515
2017-03-22,3449.83
2017-03-23,3451.329
2017-03-24,3438.456
2017-03-27,3415.879
2017-03-28,3442.602
2017-03-29,3454.75
2017-03-30,3472.293
2017-03-31,3455.735
2017-04-03,3449.811
2017-04-04,3466.543
2017-04-05,3481.785
2017-04-06,3480.771
2017-04-07,3473.054
2017-04-10,3485.12
2017-04-11,3491.756
2017-04-12,3477.77
2017-04-13,3445.727
2017-04-14,3446.559
2017-04-17,3459.781
2017-04-18,3415.685
2017-04-19,3397.824
2017-04-20,3413.508
2017-04-21,3400.12
2017-04-24,3448.785
2017-04-25,3471.21
2017-04-26,3467.766
2017-04-27,3436.69
2017-04-28,3437.524
2017-05-01,3433.412
2017-05-02,3423.126
2017-05-03,3383.862
2017-05-04,3358.947
2017-05-05,3396.457
2017-05-08,3397.414
2017-05-09,3392.605
2017-05-10,3417.509
2017-05-11,3413.462
2017-05-12,3414.66
2017-05-15,3449.332
2017-05-16,3467.505
2017-05-17,3447.937
2017-05-18,3418.024
2017-05-19,3463.272
2017-05-22,3482.803
2017-05-23,3483.149
2017-05-24,3475.663
2017-05-25,3468.36
2017-05-26,3451.066
2017-05-29,3445.342
2017-05-30,3439.994
2017-05-31,3422.34
2017-06-01,3427.023
2017-06-02,3428.257
2017-06-05,3423.033
2017-06-06,3435.975
2017-06-07,3423.327
2017-06-08,3420.482
2017-06-09,3452.288
2017-06-12,3455.438
2017-06-13,3472.991
2017-06-14,3446.592
2017-06-15,3383.292
2017-06-16,3410.332
2017-06-19,3425.843
2017-06-20,3374.361
2017-06-21,3357.812
2017-06-22,3366.001
2017-06-23,3386.349
2017-06-26,3385.257
2017-06-27,3394.07
2017-06-28,3425.434
2017-06-29,3432.535
2017-06-30,3423.471
2017-07-03,3462.688
2017-07-04,3465.751
2017-07-05,3451.368
2017-07-06,3432.28
2017-07-07,3421.375
2017-07-10,3448.595
2017-07-11,3465.237
2017-07-12,3495.404
2017-07-13,3514.154
2017-07-14,3545.123
2017-07-17,3561.012
2017-07-18,3555.57
2017-07-19,3576.789
2017-07-20,3580.72
2017-07-21,3552.98
2017-07-24,3538.608
2017-07-25,3578.809
2017-07-26,3591.845
2017-07-27,3613.24
2017-07-28,3605.737
2017-07-31,3625.849
2017-08-01,3645.736
2017-08-02,3638.453
2017-08-03,3630.08
2017-08-04,3629.123
2017-08-07,3649.867
2017-08-08,3644.149
2017-08-09,3640.35
2017-08-10,3621.964
2017-08-11,3582.328
2017-08-14,3593.322
2017-08-15,3566.721
2017-08-16,3595.353
2017-08-17,3583.787
2017-08-18,3570.134
2017-08-21,3581.004
2017-08-22,3603.436
2017-08-23,3612.299
2017-08-24,3621.538
2017-08-25,3643.619
2017-08-28,3650.591
2017-08-29,3648.072
2017-08-30,3645.725
2017-08-31,3676.646
2017-09-01,3716.019
2017-09-04,3706.155
2017-09-05,3718.293
2017-09-06,3738.338
2017-09-07,3772.379
2017-09-08,3752.014
2017-09-11,3765.209
2017-09-12,3789.045
2017-09-13,3776.929
2017-09-14,3765.994
2017-09-15,3770.043
2017-09-18,3790.594
2017-09-19,3800.071
2017-09-20,3812.587
2017-09-21,3789.24
2017-09-22,3793.277
2017-09-25,3792.866
2017-09-26,3770.483
2017-09-27,3778.699
2017-09-28,3786.824
2017-09-29,3792.866
2017-10-02,3802.702
2017-10-03,3822.452
2017-10-04,3832.457
2017-10-05,3837.352
2017-10-06,3821.069
2017-10-09,3814.656
2017-10-10,3836.54
2017-10-11,3834.532
2017-10-12,3834.528
2017-10-13,3878.115
2017-10-16,3893.814
2017-10-17,3869.975
2017-10-18,3864.162
2017-10-19,3869.768
2017-10-20,3872.042
2017-10-23,3868.372
2017-10-24,3887.109
2017-10-25,3877.077
2017-10-26,3860.648
2017-10-27,3856.679
2017-10-30,3875.104
2017-10-31,3875.687
2017-11-01,3910.605
2017-11-02,3923.498
2017-11-03,3914.031
2017-11-06,3934.445
2017-11-07,3935.686
2017-11-08,3936.498
2017-11-09,3921.518
2017-11-10,3909.919
2017-11-13,3892.437
2017-11-14,3851.564
2017-11-15,3812.959
2017-11-16,3825.829
2017-11-17,3828.136
2017-11-20,3832.389
2017-11-21,3855.873
2017-11-22,3880.998
2017-11-23,3898.095
2017-11-24,3909.559
2017-11-27,3882.463
2017-11-28,3885.282
2017-11-29,3890.693
2017-11-30,3896.119
2017-12-01,3900.963
2017-12-04,3913.184
2017-12-05,3894.162
2017-12-06,3860.383
2017-12-07,3859.98
2017-12-08,3873.073
2017-12-11,3902.649
2017-12-12,3919.781
2017-12-13,3931.196
2017-12-14,3929.495
2017-12-15,3930.05
2017-12-18,3982.718
2017-12-19,3974.717
2017-12-20,4004.712
2017-12-21,4045.318
2017-12-22,4051.47
2017-12-25,4051.399
2017-12-26,4064.545
2017-12-27,4088.034
2017-12-28,4105.303
2017-12-29,4118.542
2018-01-02,4178.819
2018-01-03,4208.288
2018-01-04,4249.787
2018-01-05,4261.752
2018-01-08,4267.622
2018-01-09,4268.727
2018-01-10,4275.41
2018-01-11,4312.304
2018-01-12,4363.547
2018-01-15,4393.131
2018-01-16,4352.108
2018-01-17,4342.483
2018-01-18,4337.95
2018-01-19,4349.032
2018-01-22,4379.152
2018-01-23,4368.268
2018-01-24,4401.809
2018-01-25,4411.041
2018-01-26,4418.756
2018-01-29,4393.935
2018-01-30,4336.191
2018-01-31,4334.552
2018-02-01,4347.05
2018-02-02,4239.427
2018-02-05,4150.701
2018-02-06,4089.761
2018-02-07,4090.043
2018-02-08,4002.0
2018-02-09,3962.05
2018-02-12,4022.78
2018-02-13,4041.498
2018-02-14,4097.326
2018-02-15,4145.983
2018-02-16,4160.574
2018-02-19,4150.414
2018-02-20,4144.963
2018-02-21,4130.815
2018-02-22,4137.235
2018-02-23,4178.608
2018-02-26,4213.359
2018-02-27,4185.432
2018-02-28,4114.145
2018-03-01,4071.946
2018-03-02,4046.146
2018-03-05,4071.708
2018-03-06,4127.975
2018-03-07,4108.231
2018-03-08,4093.691
2018-03-09,4126.253
2018-03-12,4139.729
2018-03-13,4132.532
2018-03-14,4117.315
2018-03-15,4099.498
2018-03-16,4112.34
2018-03-19,4060.191
2018-03-20,4059.637
2018-03-21,4111.959
2018-03-22,4054.33
2018-03-23,4019.826
2018-03-26,4052.868
2018-03-27,4066.349
2018-03-28,4009.565
2018-03-29,4050.557
2018-03-30,4050.622
2018-04-02,4024.376
2018-04-03,4047.54
2018-04-04,4035.357
2018-04-05,4104.248
2018-04-06,4072.573
2018-04-09,4069.595
2018-04-10,4153.131
2018-04-11,4169.889
2018-04-12,4180.05
2018-04-13,4210.527
2018-04-16,4215.21
2018-04-17,4243.201
2018-04-18,4322.761
2018-04-19,4349.916
2018-04-20,4309.088
2018-04-23,4300.462
2018-04-24,4291.543
2018-04-25,4262.934
2018-04-26,4282.003
2018-04-27,4273.238
2018-04-30,4252.995
2018-05-01,4224.596
2018-05-02,4241.07
2018-05-03,4231.567
2018-05-04,4258.703
2018-05-07,4273.535
2018-05-08,4261.704
2018-05-09,4321.464
2018-05-10,4363.2
2018-05-11,4402.759
2018-05-14,4438.442
2018-05-15,4415.348
2018-05-16,4435.748
2018-05-17,4464.598
2018-05-18,4439.737
2018-05-21,4457.647
2018-05-22,4452.386
2018-05-23,4395.518
2018-05-24,4367.971
2018-05-25,4305.981
2018-05-28,4297.472
2018-05-29,4259.851
2018-05-30,4313.512
2018-05-31,4315.39
2018-06-01,4350.238
2018-06-04,4369.439
2018-06-05,4357.368
2018-06-06,4429.223
2018-06-07,4443.423
2018-06-08,4415.703
2018-06-11,4438.707
2018-06-12,4405.047
2018-06-13,4395.656
2018-06-14,4388.61
2018-06-15,4316.653
2018-06-18,4303.055
2018-06-19,4237.449
2018-06-20,4237.423
2018-06-21,4199.786
2018-06-22,4264.382
2018-06-25,4205.435
2018-06-26,4223.782
2018-06-27,4242.526
2018-06-28,4227.42
2018-06-29,4270.85
2018-07-02,4210.285
2018-07-03,4214.244
2018-07-04,4206.956
2018-07-05,4227.743
2018-07-06,4256.746
2018-07-09,4302.105
2018-07-10,4324.624
2018-07-11,4231.704
2018-07-12,4233.662
2018-07-13,4231.921
2018-07-16,4203.559
2018-07-17,4212.908
2018-07-18,4214.007
2018-07-19,4185.812
2018-07-20,4169.65
2018-07-23,4159.095
2018-07-24,4235.887
2018-07-25,4256.551
2018-07-26,4264.037
2018-07-27,4277.467
2018-07-30,4287.5
2018-07-31,4315.864
2018-08-01,4286.12
2018-08-02,4246.08
2018-08-03,4266.621
2018-08-06,4264.516
2018-08-07,4285.936
2018-08-08,4278.784
2018-08-09,4270.95
2018-08-10,4198.441
2018-08-13,4155.765
2018-08-14,4153.622
2018-08-15,4031.438
2018-08-16,4056.09
2018-08-17,4072.911
2018-08-20,4106.521
2018-08-21,4119.219
2018-08-22,4146.906
2018-08-23,4125.26
2018-08-24,4170.6
2018-08-27,4214.2
2018-08-28,4231.356
2018-08-29,4244.038
2018-08-30,4217.484
2018-08-31,4176.546
2018-09-03,4171.223
2018-09-04,4119.709
2018-09-05,4102.663
2018-09-06,4084.001
2018-09-07,4070.161
2018-09-10,4063.988
2018-09-11,4067.216
2018-09-12,4110.388
2018-09-13,4128.545
2018-09-14,4151.578
2018-09-17,4174.04
2018-09-18,4210.112
2018-09-19,4258.451
2018-09-20,4291.55
2018-09-21,4327.178
2018-09-24,4329.221
2018-09-25,4364.878
2018-09-26,4342.559
2018-09-27,4335.022
2018-09-28,4327.327
2018-10-01,4342.281
2018-10-02,4355.058
2018-10-03,4351.361
2018-10-04,4321.733
2018-10-05,4290.25
2018-10-08,4264.064
2018-10-09,4258.329
2018-10-10,4162.19
2018-10-11,4086.737
2018-10-12,4107.459
2018-10-15,4106.959
2018-10-16,4148.684
2018-10-17,4127.541
2018-10-18,4068.84
2018-10-19,4062.514
2018-10-22,4030.502
2018-10-23,3940.657
2018-10-24,3854.308
2018-10-25,3856.915
2018-10-26,3848.333
2018-10-29,3841.218
2018-10-30,3878.624
2018-10-31,3933.778
2018-11-01,3992.331
2018-11-02,4002.722
2018-11-05,4010.361
2018-11-06,4035.382
2018-11-07,4077.515
2018-11-08,4053.323
2018-11-09,3978.804
2018-11-12,3924.337
2018-11-13,3882.243
2018-11-14,3860.381
2018-11-15,3893.124
2018-11-16,3925.454
2018-11-19,3902.561
2018-11-20,3827.512
2018-11-21,3852.578
2018-11-22,3841.993
2018-11-23,3754.811
2018-11-26,3771.35
2018-11-27,3741.557
2018-11-28,3769.747
2018-11-29,3807.43
2018-11-30,3793.409
2018-12-03,3895.258
2018-12-04,3833.511
2018-12-05,3812.188
2018-12-06,3733.662
2018-12-07,3728.344
2018-12-10,3670.53
2018-12-11,3683.438
2018-12-12,3729.588
2018-12-13,3726.198
2018-12-14,3687.221
2018-12-17,3660.214
2018-12-18,3634.136
2018-12-19,3618.744
2018-12-20,3547.352
2018-12-21,3533.843
2018-12-24,3497.547
2018-12-25,3492.347
2018-12-26,3543.946
2018-12-27,3562.073
2018-12-28,3579.162
2018-12-31,3600.812
2019-01-01,3600.919
2019-01-02,3591.435
2019-01-03,3557.146
2019-01-04,3680.586
2019-01-07,3717.426
2019-01-08,3742.494
2019-01-09,3793.987
2019-01-10,3822.513
2019-01-11,3805.338
2019-01-14,3787.416
2019-01-15,3793.068
2019-01-16,3788.697
2019-01-17,3811.688
2019-01-18,3864.823
2019-01-21,3865.863
2019-01-22,3814.616
2019-01-23,3796.602
2019-01-24,3802.699
2019-01-25,3855.381
2019-01-28,3809.305
2019-01-29,3843.194
2019-01-30,3905.831
2019-01-31,3947.357
2019-02-01,3958.74
2019-02-04,3951.906
2019-02-05,3975.209
2019-02-06,3965.391
2019-02-07,3911.006
2019-02-08,3878.307
2019-02-11,3874.569
2019-02-12,3916.252
2019-02-13,3940.746
2019-02-14,3931.883
2019-02-15,3965.119
2019-02-18,3980.757
2019-02-19,3999.11
2019-02-20,4058.137
2019-02-21,4024.285
2019-02-22,4040.892
2019-02-25,4059.388
2019-02-26,4056.764
2019-02-27,4057.95
2019-02-28,4005.74
2019-03-01,4011.496
2019-03-04,4021.494
2019-03-05,4010.178
2019-03-06,3999.118
2019-03-07,3964.701
2019-03-08,3915.998
2019-03-11,3962.58
2019-03-12,3988.679
2019-03-13,4026.897
2019-03-14,4023.892
2019-03-15,4026.922
2019-03-18,4062.844
2019-03-19,4090.766
2019-03-20,4065.43
2019-03-21,4089.811
2019-03-22,4008.207
2019-03-25,3990.599
2019-03-26,4020.254
2019-03-27,4005.498
2019-03-28,4015.693
2019-03-29,4046.899
2019-04-01,4114.888
