date,3067
2005-02-22,1134.59
2005-02-23,1129.06
2005-02-24,1125.56
2005-02-25,1138.52
2005-02-28,1140.77
2005-03-01,1143.21
2005-03-02,1137.94
2005-03-03,1139.69
2005-03-04,1154.93
2005-03-07,1159.3
2005-03-08,1159.96
2005-03-09,1143.12
2005-03-10,1142.66
2005-03-11,1141.46
2005-03-14,1144.95
2005-03-15,1144.56
2005-03-16,1141.03
2005-03-17,1141.55
2005-03-18,1139.13
2005-03-21,1132.55
2005-03-22,1123.9
2005-03-23,1107.0
2005-03-24,1107.36
2005-03-25,1107.01
2005-03-28,1101.46
2005-03-29,1100.1
2005-03-30,1108.79
2005-03-31,1111.06
2005-04-01,1111.82
2005-04-04,1104.48
2005-04-05,1104.1
2005-04-06,1108.5
2005-04-07,1115.39
2005-04-08,1113.59
2005-04-11,1118.07
2005-04-12,1123.18
2005-04-13,1127.85
2005-04-14,1119.49
2005-04-15,1115.04
2005-04-18,1109.15
2005-04-19,1119.88
2005-04-20,1117.83
2005-04-21,1122.5
2005-04-22,1128.22
2005-04-25,1135.37
2005-04-26,1136.64
2005-04-27,1139.88
2005-04-28,1134.3
2005-04-29,1145.88
2005-05-02,1145.23
2005-05-03,1141.46
2005-05-04,1148.07
2005-05-05,1153.58
2005-05-06,1149.95
2005-05-09,1158.95
2005-05-10,1156.55
2005-05-11,1159.06
2005-05-12,1151.56
2005-05-13,1142.98
2005-05-16,1145.2
2005-05-17,1146.97
2005-05-18,1154.76
2005-05-19,1164.17
2005-05-20,1166.04
2005-05-23,1171.03
2005-05-24,1166.13
2005-05-25,1158.04
2005-05-26,1154.23
2005-05-27,1160.65
2005-05-30,1161.9
2005-05-31,1167.37
2005-06-01,1176.46
2005-06-02,1174.5
2005-06-03,1176.89
2005-06-06,1185.97
2005-06-07,1193.39
2005-06-08,1199.46
2005-06-09,1192.58
2005-06-10,1192.05
2005-06-13,1193.2
2005-06-14,1201.46
2005-06-15,1201.77
2005-06-16,1204.35
2005-06-17,1220.87
2005-06-20,1215.84
2005-06-21,1213.18
2005-06-22,1216.42
2005-06-23,1212.96
2005-06-24,1208.63
2005-06-27,1206.38
2005-06-28,1211.66
2005-06-29,1212.59
2005-06-30,1212.6
2005-07-01,1214.9
2005-07-04,1215.2
2005-07-05,1222.87
2005-07-06,1222.11
2005-07-07,1217.88
2005-07-08,1228.61
2005-07-11,1245.32
2005-07-12,1251.9
2005-07-13,1244.27
2005-07-14,1234.08
2005-07-15,1234.56
2005-07-18,1237.3
2005-07-19,1238.8
2005-07-20,1244.03
2005-07-21,1241.95
2005-07-22,1252.72
2005-07-25,1252.28
2005-07-26,1255.01
2005-07-27,1260.05
2005-07-28,1270.52
2005-07-29,1273.26
2005-08-01,1278.81
2005-08-02,1290.04
2005-08-03,1289.95
2005-08-04,1279.33
2005-08-05,1254.54
2005-08-08,1232.34
2005-08-09,1235.5
2005-08-10,1250.06
2005-08-11,1261.98
2005-08-12,1260.75
2005-08-15,1262.36
2005-08-16,1265.75
2005-08-17,1258.32
2005-08-18,1247.25
2005-08-19,1244.22
2005-08-22,1255.27
2005-08-23,1252.69
2005-08-24,1252.46
2005-08-25,1254.57
2005-08-26,1247.61
2005-08-29,1242.55
2005-08-30,1242.29
2005-08-31,1261.21
2005-09-01,1275.66
2005-09-02,1281.34
2005-09-05,1284.46
2005-09-06,1297.35
2005-09-07,1295.76
2005-09-08,1291.2
2005-09-09,1297.47
2005-09-12,1294.76
2005-09-13,1288.96
2005-09-14,1291.13
2005-09-15,1288.28
2005-09-16,1286.5
2005-09-19,1281.06
2005-09-20,1281.15
2005-09-21,1267.44
2005-09-22,1263.15
2005-09-23,1263.72
2005-09-26,1270.82
2005-09-27,1266.94
2005-09-28,1266.9
2005-09-29,1278.8
2005-09-30,1288.84
2005-10-03,1285.87
2005-10-04,1275.3
2005-10-05,1255.89
2005-10-06,1248.64
2005-10-07,1245.53
2005-10-10,1237.68
2005-10-11,1235.75
2005-10-12,1225.53
2005-10-13,1217.05
2005-10-14,1233.18
2005-10-17,1231.53
2005-10-18,1221.32
2005-10-19,1223.84
2005-10-20,1218.85
2005-10-21,1224.44
2005-10-24,1237.13
2005-10-25,1242.07
2005-10-26,1236.51
2005-10-27,1228.27
2005-10-28,1240.29
2005-10-31,1250.13
2005-11-01,1243.88
2005-11-02,1250.12
2005-11-03,1251.2
2005-11-04,1247.44
2005-11-07,1252.96
2005-11-08,1249.61
2005-11-09,1254.21
2005-11-10,1264.7
2005-11-11,1276.46
2005-11-14,1269.41
2005-11-15,1263.61
2005-11-16,1263.02
2005-11-17,1281.18
2005-11-18,1288.06
2005-11-21,1289.74
2005-11-22,1295.41
2005-11-23,1306.89
2005-11-24,1304.02
2005-11-25,1305.63
2005-11-28,1300.71
2005-11-29,1299.68
2005-11-30,1295.72
2005-12-01,1306.12
2005-12-02,1310.56
2005-12-05,1307.96
2005-12-06,1308.23
2005-12-07,1304.64
2005-12-08,1307.42
2005-12-09,1315.89
2005-12-12,1320.93
2005-12-13,1326.38
2005-12-14,1336.43
2005-12-15,1332.62
2005-12-16,1334.54
2005-12-19,1330.2
2005-12-20,1333.13
2005-12-21,1341.12
2005-12-22,1346.34
2005-12-23,1350.37
2005-12-26,1353.68
2005-12-27,1347.84
2005-12-28,1353.24
2005-12-29,1352.01
2005-12-30,1350.11
2006-01-02,1351.15
2006-01-03,1371.3
2006-01-04,1384.03
2006-01-05,1389.59
2006-01-06,1397.64
2006-01-09,1401.1
2006-01-10,1402.17
2006-01-11,1407.01
2006-01-12,1408.42
2006-01-13,1399.56
2006-01-16,1398.58
2006-01-17,1387.5
2006-01-18,1378.68
2006-01-19,1400.52
2006-01-20,1396.98
2006-01-23,1397.76
2006-01-24,1405.54
2006-01-25,1414.55
2006-01-26,1421.16
2006-01-27,1434.81
2006-01-30,1432.58
2006-01-31,1441.92
2006-02-01,1446.9
2006-02-02,1444.55
2006-02-03,1429.29
2006-02-06,1436.84
2006-02-07,1431.35
2006-02-08,1419.88
2006-02-09,1427.83
2006-02-10,1424.56
2006-02-13,1421.87
2006-02-14,1431.67
2006-02-15,1440.67
2006-02-16,1441.94
2006-02-17,1440.91
2006-02-20,1442.66
2006-02-21,1454.61
2006-02-22,1460.45
2006-02-23,1474.46
2006-02-24,1474.01
2006-02-27,1479.48
2006-02-28,1475.9
2006-03-01,1488.04
2006-03-02,1490.28
2006-03-03,1478.68
2006-03-06,1494.95
2006-03-07,1472.36
2006-03-08,1474.23
2006-03-09,1484.6
2006-03-10,1489.5
2006-03-13,1491.47
2006-03-14,1504.09
2006-03-15,1518.1
2006-03-16,1527.65
2006-03-17,1538.73
2006-03-20,1528.78
2006-03-21,1514.32
2006-03-22,1528.5
2006-03-23,1521.71
2006-03-24,1520.95
2006-03-27,1520.23
2006-03-28,1528.2
2006-03-29,1541.56
2006-03-30,1542.15
2006-03-31,1542.46
2006-04-03,1536.8
2006-04-04,1536.72
2006-04-05,1542.03
2006-04-06,1542.95
2006-04-07,1528.1
2006-04-10,1513.81
2006-04-11,1507.15
2006-04-12,1499.56
2006-04-13,1491.99
2006-04-14,1492.82
2006-04-17,1494.35
2006-04-18,1516.55
2006-04-19,1530.79
2006-04-20,1533.36
2006-04-21,1534.48
2006-04-24,1525.2
2006-04-25,1521.48
2006-04-26,1520.91
2006-04-27,1535.05
2006-04-28,1536.89
2006-05-01,1531.97
2006-05-02,1532.52
2006-05-03,1536.85
2006-05-04,1552.13
2006-05-05,1570.76
2006-05-08,1589.7
2006-05-09,1593.67
2006-05-10,1586.88
2006-05-11,1569.01
2006-05-12,1550.47
2006-05-15,1538.14
2006-05-16,1528.85
2006-05-17,1508.88
2006-05-18,1492.8
2006-05-19,1483.72
2006-05-22,1459.51
2006-05-23,1465.7
2006-05-24,1458.43
2006-05-25,1473.48
2006-05-26,1495.59
2006-05-29,1494.32
2006-05-30,1490.29
2006-05-31,1482.65
2006-06-01,1494.44
2006-06-02,1517.13
2006-06-05,1521.63
2006-06-06,1494.09
2006-06-07,1491.83
2006-06-08,1467.8
2006-06-09,1484.04
2006-06-12,1473.93
2006-06-13,1443.09
2006-06-14,1441.35
2006-06-15,1470.0
2006-06-16,1475.15
2006-06-19,1465.65
2006-06-20,1456.72
2006-06-21,1465.26
2006-06-22,1463.28
2006-06-23,1460.14
2006-06-26,1471.09
2006-06-27,1470.25
2006-06-28,1470.83
2006-06-29,1495.94
2006-06-30,1531.84
2006-07-03,1543.16
2006-07-04,1552.09
2006-07-05,1539.94
2006-07-06,1547.34
2006-07-07,1545.76
2006-07-10,1551.12
2006-07-11,1549.37
2006-07-12,1547.06
2006-07-13,1532.3
2006-07-14,1511.47
2006-07-17,1501.61
2006-07-18,1505.27
2006-07-19,1529.6
2006-07-20,1538.54
2006-07-21,1527.17
2006-07-24,1541.7
2006-07-25,1549.98
2006-07-26,1553.33
2006-07-27,1569.41
2006-07-28,1586.97
2006-07-31,1586.74
2006-08-01,1580.94
2006-08-02,1588.35
2006-08-03,1594.07
2006-08-04,1611.96
2006-08-07,1600.13
2006-08-08,1594.92
2006-08-09,1596.07
2006-08-10,1591.18
2006-08-11,1591.67
2006-08-14,1602.83
2006-08-15,1615.55
2006-08-16,1627.21
2006-08-17,1626.46
2006-08-18,1623.53
2006-08-21,1624.99
2006-08-22,1634.19
2006-08-23,1625.87
2006-08-24,1619.63
2006-08-25,1615.3
2006-08-28,1625.43
2006-08-29,1631.33
2006-08-30,1642.98
2006-08-31,1648.57
2006-09-01,1649.87
2006-09-04,1662.19
2006-09-05,1666.02
2006-09-06,1655.83
2006-09-07,1642.94
2006-09-08,1647.31
2006-09-11,1643.96
2006-09-12,1658.72
2006-09-13,1665.37
2006-09-14,1664.54
2006-09-15,1674.02
2006-09-18,1672.66
2006-09-19,1680.24
2006-09-20,1673.67
2006-09-21,1671.1
2006-09-22,1671.99
2006-09-25,1664.68
2006-09-26,1665.49
2006-09-27,1683.7
2006-09-28,1686.33
2006-09-29,1689.16
2006-10-02,1702.42
2006-10-03,1706.18
2006-10-04,1713.75
2006-10-05,1732.02
2006-10-06,1725.76
2006-10-09,1727.56
2006-10-10,1729.61
2006-10-11,1722.52
2006-10-12,1728.5
2006-10-13,1739.53
2006-10-16,1750.89
2006-10-17,1744.78
2006-10-18,1751.95
2006-10-19,1755.24
2006-10-20,1763.88
2006-10-23,1771.76
2006-10-24,1766.19
2006-10-25,1769.33
2006-10-26,1784.46
2006-10-27,1779.81
2006-10-30,1780.25
2006-10-31,1791.4
2006-11-01,1787.65
2006-11-02,1775.11
2006-11-03,1766.16
2006-11-06,1773.29
2006-11-07,1783.38
2006-11-08,1774.72
2006-11-09,1768.99
2006-11-10,1777.49
2006-11-13,1773.73
2006-11-14,1791.13
2006-11-15,1793.01
2006-11-16,1802.93
2006-11-17,1799.52
2006-11-20,1818.18
2006-11-21,1843.41
2006-11-22,1861.74
2006-11-23,1863.11
2006-11-24,1873.26
2006-11-27,1851.19
2006-11-28,1846.53
2006-11-29,1868.37
2006-11-30,1884.99
2006-12-01,1884.45
2006-12-04,1902.55
2006-12-05,1901.09
2006-12-06,1901.74
2006-12-07,1895.27
2006-12-08,1892.61
2006-12-11,1892.1
2006-12-12,1892.54
2006-12-13,1894.15
2006-12-14,1901.84
2006-12-15,1902.2
2006-12-18,1894.52
2006-12-19,1880.26
2006-12-20,1895.64
2006-12-21,1889.97
2006-12-22,1888.64
2006-12-25,1888.17
2006-12-26,1896.12
2006-12-27,1916.09
2006-12-28,1931.67
2006-12-29,1940.44
2007-01-01,1940.44
2007-01-02,1950.01
2007-01-03,1942.01
2007-01-04,1934.4
2007-01-05,1916.6
2007-01-08,1908.85
2007-01-09,1922.48
2007-01-10,1919.81
2007-01-11,1929.46
2007-01-12,1943.13
2007-01-15,1956.25
2007-01-16,1965.21
2007-01-17,1972.73
2007-01-18,1971.78
2007-01-19,1989.44
2007-01-22,1998.61
2007-01-23,2003.55
2007-01-24,2014.42
2007-01-25,2020.78
2007-01-26,2009.23
2007-01-29,2020.2
2007-01-30,2029.77
2007-01-31,2030.55
2007-02-01,2053.88
2007-02-02,2070.34
2007-02-05,2072.77
2007-02-06,2093.29
2007-02-07,2120.88
2007-02-08,2113.9
2007-02-09,2100.92
2007-02-12,2079.04
2007-02-13,2100.07
2007-02-14,2110.97
2007-02-15,2128.36
2007-02-16,2120.04
2007-02-19,2127.24
2007-02-20,2133.5
2007-02-21,2134.54
2007-02-22,2142.98
2007-02-23,2139.56
2007-02-26,2125.26
2007-02-27,2065.74
2007-02-28,2043.0
2007-03-01,2025.67
2007-03-02,2005.42
2007-03-05,1935.06
2007-03-06,1978.99
2007-03-07,1986.65
2007-03-08,2007.06
2007-03-09,2031.52
2007-03-12,2049.08
2007-03-13,2023.41
2007-03-14,1982.96
2007-03-15,2008.26
2007-03-16,1996.45
2007-03-19,2023.23
2007-03-20,2041.91
2007-03-21,2060.23
2007-03-22,2078.29
2007-03-23,2075.88
2007-03-26,2061.3
2007-03-27,2046.21
2007-03-28,2033.85
2007-03-29,2039.1
2007-03-30,2060.29
2007-04-02,2068.78
2007-04-03,2082.16
2007-04-04,2086.58
2007-04-05,2082.89
2007-04-06,2080.02
2007-04-09,2080.73
2007-04-10,2097.18
2007-04-11,2082.28
2007-04-12,2068.63
2007-04-13,2074.9
2007-04-16,2093.11
2007-04-17,2104.19
2007-04-18,2102.46
2007-04-19,2086.43
2007-04-20,2099.02
2007-04-23,2111.41
2007-04-24,2100.32
2007-04-25,2101.25
2007-04-26,2101.79
2007-04-27,2098.84
2007-04-30,2082.8
2007-05-01,2067.2
2007-05-02,2087.13
2007-05-03,2096.98
2007-05-04,2102.81
2007-05-07,2119.63
2007-05-08,2100.36
2007-05-09,2112.88
2007-05-10,2105.96
2007-05-11,2108.81
2007-05-14,2106.45
2007-05-15,2092.31
2007-05-16,2075.99
2007-05-17,2057.43
2007-05-18,2043.54
2007-05-21,2050.08
2007-05-22,2060.9
2007-05-23,2060.76
2007-05-24,2035.31
2007-05-25,2029.07
2007-05-28,2029.46
2007-05-29,2059.79
2007-05-30,2074.68
2007-05-31,2108.22
2007-06-01,2115.38
2007-06-04,2125.16
2007-06-05,2105.15
2007-06-06,2084.83
2007-06-07,2040.12
2007-06-08,2023.79
2007-06-11,2012.75
2007-06-12,1996.05
2007-06-13,2005.47
2007-06-14,2003.04
2007-06-15,2018.39
2007-06-18,2009.84
2007-06-19,2017.86
2007-06-20,2005.35
2007-06-21,1991.05
2007-06-22,1980.2
2007-06-25,1953.23
2007-06-26,1951.65
2007-06-27,1953.78
2007-06-28,1963.43
2007-06-29,1962.32
2007-07-02,1985.37
2007-07-03,1992.43
2007-07-04,2001.71
2007-07-05,2009.07
2007-07-06,2012.36
2007-07-09,2008.81
2007-07-10,1986.05
2007-07-11,1977.34
2007-07-12,1989.78
2007-07-13,2011.88
2007-07-16,2006.71
2007-07-17,1996.29
2007-07-18,1987.45
2007-07-19,1997.67
2007-07-20,1989.49
2007-07-23,1974.15
2007-07-24,1957.88
2007-07-25,1940.51
2007-07-26,1898.82
2007-07-27,1847.86
2007-07-30,1854.64
2007-07-31,1876.79
2007-08-01,1855.64
2007-08-02,1874.16
2007-08-03,1858.82
2007-08-06,1860.49
2007-08-07,1877.58
2007-08-08,1939.92
2007-08-09,1940.3
2007-08-10,1884.67
2007-08-13,1877.43
2007-08-14,1841.62
2007-08-15,1802.86
2007-08-16,1779.46
2007-08-17,1786.17
2007-08-20,1827.71
2007-08-21,1849.53
2007-08-22,1878.75
2007-08-23,1895.54
2007-08-24,1897.82
2007-08-27,1902.84
2007-08-28,1870.3
2007-08-29,1874.85
2007-08-30,1890.28
2007-08-31,1919.87
2007-09-03,1925.03
2007-09-04,1943.04
2007-09-05,1917.2
2007-09-06,1914.46
2007-09-07,1884.65
2007-09-10,1856.65
2007-09-11,1888.11
2007-09-12,1905.61
2007-09-13,1926.34
2007-09-14,1930.89
2007-09-17,1906.01
2007-09-18,1921.75
2007-09-19,1993.08
2007-09-20,1983.96
2007-09-21,1982.8
2007-09-24,1998.44
2007-09-25,1996.39
2007-09-26,2009.96
2007-09-27,2041.79
2007-09-28,2039.83
2007-10-01,2054.11
2007-10-02,2083.13
2007-10-03,2079.45
2007-10-04,2069.26
2007-10-05,2100.13
2007-10-08,2081.55
2007-10-09,2100.9
2007-10-10,2108.0
2007-10-11,2110.84
2007-10-12,2091.87
2007-10-15,2073.09
2007-10-16,2035.66
2007-10-17,2031.77
2007-10-18,2031.76
2007-10-19,1993.4
2007-10-22,1972.34
2007-10-23,2009.27
2007-10-24,2007.61
2007-10-25,2029.33
2007-10-26,2058.01
2007-10-29,2068.19
2007-10-30,2075.89
2007-10-31,2102.6
2007-11-01,2073.23
2007-11-02,2026.68
2007-11-05,1991.39
2007-11-06,2012.06
2007-11-07,2002.79
2007-11-08,1973.37
2007-11-09,1961.07
2007-11-12,1925.01
2007-11-13,1964.49
2007-11-14,1978.26
2007-11-15,1949.69
2007-11-16,1914.41
2007-11-19,1883.45
2007-11-20,1879.42
2007-11-21,1845.69
2007-11-22,1848.01
2007-11-23,1872.98
2007-11-26,1851.75
2007-11-27,1856.7
2007-11-28,1889.61
2007-11-29,1918.77
2007-11-30,1941.64
2007-12-03,1944.36
2007-12-04,1916.18
2007-12-05,1939.2
2007-12-06,1972.92
2007-12-07,1977.9
2007-12-10,1989.36
2007-12-11,1961.76
2007-12-12,1937.48
2007-12-13,1894.16
2007-12-14,1846.43
2007-12-17,1763.49
2007-12-18,1775.64
2007-12-19,1789.84
2007-12-20,1792.66
2007-12-21,1820.45
2007-12-24,1855.09
2007-12-25,1864.16
2007-12-26,1861.43
2007-12-27,1842.4
2007-12-28,1833.43
2007-12-31,1850.17
2008-01-01,1850.72
2008-01-02,1846.64
2008-01-03,1812.57
2008-01-04,1778.78
2008-01-07,1759.65
2008-01-08,1736.0
2008-01-09,1742.8
2008-01-10,1735.71
2008-01-11,1719.89
2008-01-14,1729.2
2008-01-15,1687.36
2008-01-16,1672.1
2008-01-17,1678.62
2008-01-18,1672.77
2008-01-21,1622.26
2008-01-22,1612.64
2008-01-23,1693.25
2008-01-24,1718.24
2008-01-25,1753.84
2008-01-28,1748.53
2008-01-29,1759.65
2008-01-30,1730.58
2008-01-31,1757.1
2008-02-01,1789.6
2008-02-04,1807.28
2008-02-05,1750.08
2008-02-06,1706.47
2008-02-07,1708.31
2008-02-08,1689.7
2008-02-11,1667.56
2008-02-12,1707.1
2008-02-13,1713.02
2008-02-14,1723.31
2008-02-15,1722.99
2008-02-18,1726.93
2008-02-19,1732.6
2008-02-20,1707.32
2008-02-21,1702.45
2008-02-22,1702.42
2008-02-25,1732.2
2008-02-26,1755.63
2008-02-27,1777.2
2008-02-28,1767.23
2008-02-29,1732.81
2008-03-03,1709.56
2008-03-04,1689.71
2008-03-05,1699.19
2008-03-06,1683.04
2008-03-07,1649.31
2008-03-10,1621.06
2008-03-11,1667.07
2008-03-12,1680.29
2008-03-13,1659.61
2008-03-14,1642.89
2008-03-17,1600.61
2008-03-18,1655.35
2008-03-19,1657.78
2008-03-20,1651.14
2008-03-21,1658.74
2008-03-24,1674.34
2008-03-25,1720.5
2008-03-26,1719.26
2008-03-27,1716.92
2008-03-28,1715.32
2008-03-31,1722.81
2008-04-01,1766.11
2008-04-02,1800.9
2008-04-03,1821.66
2008-04-04,1809.78
2008-04-07,1818.13
2008-04-08,1800.12
2008-04-09,1764.7
2008-04-10,1760.22
2008-04-11,1755.3
2008-04-14,1727.38
2008-04-15,1742.23
2008-04-16,1786.47
2008-04-17,1796.06
2008-04-18,1792.34
2008-04-21,1803.07
2008-04-22,1797.89
2008-04-23,1815.59
2008-04-24,1819.23
2008-04-25,1827.89
2008-04-28,1848.56
2008-04-29,1842.68
2008-04-30,1830.95
2008-05-01,1835.49
2008-05-02,1867.8
2008-05-05,1873.46
2008-05-06,1872.24
2008-05-07,1837.16
2008-05-08,1833.79
2008-05-09,1806.53
2008-05-12,1825.25
2008-05-13,1826.28
2008-05-14,1835.66
2008-05-15,1845.9
2008-05-16,1845.07
2008-05-19,1839.49
2008-05-20,1817.75
2008-05-21,1795.72
2008-05-22,1782.67
2008-05-23,1774.58
2008-05-26,1763.75
2008-05-27,1774.16
2008-05-28,1774.29
2008-05-29,1785.82
2008-05-30,1783.86
2008-06-02,1771.85
2008-06-03,1764.87
2008-06-04,1768.44
2008-06-05,1778.99
2008-06-06,1749.97
2008-06-09,1721.15
2008-06-10,1685.84
2008-06-11,1666.6
2008-06-12,1655.43
2008-06-13,1665.62
2008-06-16,1693.92
2008-06-17,1678.71
2008-06-18,1667.78
2008-06-19,1662.33
2008-06-20,1647.78
2008-06-23,1609.35
2008-06-24,1611.17
2008-06-25,1617.89
2008-06-26,1592.49
2008-06-27,1569.83
2008-06-30,1568.4
2008-07-01,1553.42
2008-07-02,1534.92
2008-07-03,1529.12
2008-07-04,1532.89
2008-07-07,1532.46
2008-07-08,1546.36
2008-07-09,1524.05
2008-07-10,1532.86
2008-07-11,1525.21
2008-07-14,1497.06
2008-07-15,1469.6
2008-07-16,1494.18
2008-07-17,1531.52
2008-07-18,1536.59
2008-07-21,1568.58
2008-07-22,1585.05
2008-07-23,1629.5
2008-07-24,1594.98
2008-07-25,1581.66
2008-07-28,1561.12
2008-07-29,1577.22
2008-07-30,1593.18
2008-07-31,1585.04
2008-08-01,1578.56
2008-08-04,1558.43
2008-08-05,1586.5
2008-08-06,1586.54
2008-08-07,1560.42
2008-08-08,1571.21
2008-08-11,1602.47
2008-08-12,1586.84
2008-08-13,1550.3
2008-08-14,1550.36
2008-08-15,1544.31
2008-08-18,1533.98
2008-08-19,1493.86
2008-08-20,1505.23
2008-08-21,1496.12
2008-08-22,1516.13
2008-08-25,1506.39
2008-08-26,1506.11
2008-08-27,1508.45
2008-08-28,1531.91
2008-08-29,1546.21
2008-09-01,1535.85
2008-09-02,1540.99
2008-09-03,1540.76
2008-09-04,1501.77
2008-09-05,1477.52
2008-09-08,1544.73
2008-09-09,1511.0
2008-09-10,1512.78
2008-09-11,1497.96
2008-09-12,1525.82
2008-09-15,1451.33
2008-09-16,1451.88
2008-09-17,1405.78
2008-09-18,1450.85
2008-09-19,1524.19
2008-09-22,1481.76
2008-09-23,1461.57
2008-09-24,1447.54
2008-09-25,1456.68
2008-09-26,1460.56
2008-09-29,1378.88
2008-09-30,1392.35
2008-10-01,1385.74
2008-10-02,1336.53
2008-10-03,1292.75
2008-10-06,1215.55
2008-10-07,1175.08
2008-10-08,1124.22
2008-10-09,1068.5
2008-10-10,1068.91
2008-10-13,1124.03
2008-10-14,1138.34
2008-10-15,1059.11
2008-10-16,1043.13
2008-10-17,1045.59
2008-10-20,1068.19
2008-10-21,1063.83
2008-10-22,981.28
2008-10-23,967.79
2008-10-24,904.45
2008-10-27,858.19
2008-10-28,905.36
2008-10-29,915.42
2008-10-30,963.8
2008-10-31,1000.0
2008-11-03,1000.14
2008-11-04,1042.93
2008-11-05,1018.65
2008-11-06,959.14
2008-11-07,971.79
2008-11-10,942.08
2008-11-11,909.18
2008-11-12,874.53
2008-11-13,886.41
2008-11-14,849.38
2008-11-17,826.65
2008-11-18,805.76
2008-11-19,754.6
2008-11-20,702.18
2008-11-21,722.87
2008-11-24,778.51
2008-11-25,807.63
2008-11-26,833.2
2008-11-27,846.41
2008-11-28,860.0
2008-12-01,783.06
2008-12-02,801.94
2008-12-03,813.51
2008-12-04,796.54
2008-12-05,824.5
2008-12-08,881.45
2008-12-09,859.57
2008-12-10,908.48
2008-12-11,864.1
2008-12-12,871.22
2008-12-15,879.01
2008-12-16,920.33
2008-12-17,950.71
2008-12-18,933.74
2008-12-19,945.6
2008-12-22,924.75
2008-12-23,927.05
2008-12-24,925.26
2008-12-25,926.14
2008-12-26,931.06
2008-12-29,916.05
2008-12-30,929.67
2008-12-31,945.52
2009-01-01,945.52
2009-01-02,952.59
2009-01-05,955.1
2009-01-06,981.96
2009-01-07,974.98
2009-01-08,956.17
2009-01-09,935.95
2009-01-12,899.01
2009-01-13,878.9
2009-01-14,847.07
2009-01-15,841.06
2009-01-16,861.65
2009-01-19,861.28
2009-01-20,804.38
2009-01-21,828.46
2009-01-22,824.67
2009-01-23,818.48
2009-01-26,821.92
2009-01-27,835.33
2009-01-28,869.56
2009-01-29,845.28
2009-01-30,826.51
2009-02-02,820.29
2009-02-03,815.39
2009-02-04,808.13
2009-02-05,798.66
2009-02-06,829.72
2009-02-09,846.78
2009-02-10,809.42
2009-02-11,808.82
2009-02-12,791.17
2009-02-13,778.43
2009-02-16,770.77
2009-02-17,730.37
2009-02-18,724.78
2009-02-19,711.23
2009-02-20,714.52
2009-02-23,694.41
2009-02-24,707.82
2009-02-25,704.69
2009-02-26,698.07
2009-02-27,695.22
2009-03-02,655.74
2009-03-03,654.69
2009-03-04,665.15
2009-03-05,644.76
2009-03-06,628.96
2009-03-09,617.64
2009-03-10,664.64
2009-03-11,670.14
2009-03-12,694.47
2009-03-13,705.31
2009-03-16,700.82
2009-03-17,723.4
2009-03-18,742.87
2009-03-19,746.55
2009-03-20,715.44
2009-03-23,769.05
2009-03-24,758.56
2009-03-25,761.07
2009-03-26,774.66
2009-03-27,767.45
2009-03-30,725.16
2009-03-31,747.03
2009-04-01,753.88
2009-04-02,811.28
2009-04-03,838.32
2009-04-06,837.09
2009-04-07,805.45
2009-04-08,807.61
2009-04-09,862.47
2009-04-10,863.32
2009-04-13,870.8
2009-04-14,859.77
2009-04-15,877.26
2009-04-16,889.77
2009-04-17,900.96
2009-04-20,855.45
2009-04-21,869.1
2009-04-22,856.74
2009-04-23,875.74
2009-04-24,900.14
2009-04-27,870.21
2009-04-28,860.82
2009-04-29,890.3
2009-04-30,904.66
2009-05-01,890.26
2009-05-04,936.52
2009-05-05,931.16
2009-05-06,951.57
2009-05-07,943.98
2009-05-08,969.37
2009-05-11,955.4
2009-05-12,948.48
2009-05-13,915.74
2009-05-14,915.06
2009-05-15,909.86
2009-05-18,937.98
2009-05-19,950.05
2009-05-20,954.72
2009-05-21,944.04
2009-05-22,945.46
2009-05-25,957.64
2009-05-26,986.34
2009-05-27,991.22
2009-05-28,995.35
2009-05-29,1024.77
2009-06-01,1057.15
2009-06-02,1049.8
2009-06-03,1052.92
2009-06-04,1053.69
2009-06-05,1047.31
2009-06-08,1031.98
2009-06-09,1034.98
2009-06-10,1041.03
2009-06-11,1035.63
2009-06-12,1051.98
2009-06-15,1024.02
2009-06-16,1008.51
2009-06-17,994.39
2009-06-18,993.43
2009-06-19,1000.17
2009-06-22,980.33
2009-06-23,971.5
2009-06-24,990.52
2009-06-25,1009.58
2009-06-26,1028.97
2009-06-29,1029.41
2009-06-30,1025.31
2009-07-01,1034.19
2009-07-02,1007.82
2009-07-03,1008.88
2009-07-06,1014.73
2009-07-07,992.2
2009-07-08,973.29
2009-07-09,966.99
2009-07-10,967.28
2009-07-13,971.32
2009-07-14,994.07
2009-07-15,1021.75
2009-07-16,1029.91
2009-07-17,1032.46
2009-07-20,1058.05
2009-07-21,1063.23
2009-07-22,1060.43
2009-07-23,1085.79
2009-07-24,1091.43
2009-07-27,1102.56
2009-07-28,1109.88
2009-07-29,1093.94
2009-07-30,1114.62
2009-07-31,1131.99
2009-08-03,1153.89
2009-08-04,1171.74
2009-08-05,1184.85
2009-08-06,1190.97
2009-08-07,1196.57
2009-08-10,1194.63
2009-08-11,1181.67
2009-08-12,1185.52
2009-08-13,1196.63
2009-08-14,1199.92
2009-08-17,1149.47
2009-08-18,1160.65
2009-08-19,1153.93
2009-08-20,1180.6
2009-08-21,1195.66
2009-08-24,1211.68
2009-08-25,1214.87
2009-08-26,1219.15
2009-08-27,1218.88
2009-08-28,1230.27
2009-08-31,1215.28
2009-09-01,1184.67
2009-09-02,1166.22
2009-09-03,1180.53
2009-09-04,1200.58
2009-09-07,1222.19
2009-09-08,1246.55
2009-09-09,1262.6
2009-09-10,1272.97
2009-09-11,1278.62
2009-09-14,1281.77
2009-09-15,1290.4
2009-09-16,1319.98
2009-09-17,1324.86
2009-09-18,1319.5
2009-09-21,1301.05
2009-09-22,1323.83
2009-09-23,1300.71
2009-09-24,1274.32
2009-09-25,1269.78
2009-09-28,1284.18
2009-09-29,1282.28
2009-09-30,1284.0
2009-10-01,1255.27
2009-10-02,1235.48
2009-10-05,1245.01
2009-10-06,1269.14
2009-10-07,1281.41
2009-10-08,1300.67
2009-10-09,1303.6
2009-10-12,1302.47
2009-10-13,1295.48
2009-10-14,1325.55
2009-10-15,1326.0
2009-10-16,1310.44
2009-10-19,1332.53
2009-10-20,1334.86
2009-10-21,1328.45
2009-10-22,1327.2
2009-10-23,1319.42
2009-10-26,1311.31
2009-10-27,1279.37
2009-10-28,1239.13
2009-10-29,1259.01
2009-10-30,1266.26
2009-11-02,1258.21
2009-11-03,1252.0
2009-11-04,1258.98
2009-11-05,1262.83
2009-11-06,1264.03
2009-11-09,1298.56
2009-11-10,1294.4
2009-11-11,1313.41
2009-11-12,1299.0
2009-11-13,1310.58
2009-11-16,1332.7
2009-11-17,1316.85
2009-11-18,1322.92
2009-11-19,1296.9
2009-11-20,1286.22
2009-11-23,1303.31
2009-11-24,1290.31
2009-11-25,1295.77
2009-11-26,1279.68
2009-11-27,1258.31
2009-11-30,1291.33
2009-12-01,1317.47
2009-12-02,1329.72
2009-12-03,1330.26
2009-12-04,1334.82
2009-12-07,1325.67
2009-12-08,1312.38
2009-12-09,1308.18
2009-12-10,1301.01
2009-12-11,1309.64
2009-12-14,1322.65
2009-12-15,1314.09
2009-12-16,1318.06
2009-12-17,1302.59
2009-12-18,1294.92
2009-12-21,1297.91
2009-12-22,1304.04
2009-12-23,1319.3
2009-12-24,1328.72
2009-12-25,1329.17
2009-12-28,1334.42
2009-12-29,1333.73
2009-12-30,1332.79
2009-12-31,1335.57
2010-01-04,1340.69
2010-01-05,1350.92
2010-01-06,1345.69
2010-01-07,1347.82
2010-01-08,1345.84
2010-01-11,1358.4
2010-01-12,1347.8
2010-01-13,1345.84
2010-01-14,1342.93
2010-01-15,1339.73
2010-01-18,1338.36
2010-01-19,1347.68
2010-01-20,1329.32
2010-01-21,1303.03
2010-01-22,1285.84
2010-01-25,1284.83
2010-01-26,1270.55
2010-01-27,1264.53
2010-01-28,1265.87
2010-01-29,1256.46
2010-02-01,1263.13
2010-02-02,1282.71
2010-02-03,1276.82
2010-02-04,1249.52
2010-02-05,1236.84
2010-02-08,1222.31
2010-02-09,1224.76
2010-02-10,1230.75
2010-02-11,1241.66
2010-02-12,1248.64
2010-02-15,1247.68
2010-02-16,1264.5
2010-02-17,1277.21
2010-02-18,1281.71
2010-02-19,1268.01
2010-02-22,1280.23
2010-02-23,1282.4
2010-02-24,1286.21
2010-02-25,1283.44
2010-02-26,1294.45
2010-03-01,1304.76
2010-03-02,1314.11
2010-03-03,1317.35
2010-03-04,1315.79
2010-03-05,1335.07
2010-03-08,1348.9
2010-03-09,1352.29
2010-03-10,1354.26
2010-03-11,1356.15
2010-03-12,1363.51
2010-03-15,1358.24
2010-03-16,1375.56
2010-03-17,1391.59
2010-03-18,1384.3
2010-03-19,1374.72
2010-03-22,1374.09
2010-03-23,1369.93
2010-03-24,1367.3
2010-03-25,1370.75
2010-03-26,1375.73
2010-03-29,1387.02
2010-03-30,1392.62
2010-03-31,1382.42
2010-04-01,1391.62
2010-04-02,1392.39
2010-04-05,1407.11
2010-04-06,1420.46
2010-04-07,1410.55
2010-04-08,1405.15
2010-04-09,1420.32
2010-04-12,1417.0
2010-04-13,1426.81
2010-04-14,1436.41
2010-04-15,1426.19
2010-04-16,1402.66
2010-04-19,1384.4
2010-04-20,1398.22
2010-04-21,1411.5
2010-04-22,1411.94
2010-04-23,1418.3
2010-04-26,1431.01
2010-04-27,1402.66
2010-04-28,1390.39
2010-04-29,1421.61
2010-04-30,1414.67
2010-05-03,1428.08
2010-05-04,1399.51
2010-05-05,1375.17
2010-05-06,1336.61
2010-05-07,1308.05
2010-05-10,1369.54
2010-05-11,1361.8
2010-05-12,1376.08
2010-05-13,1376.25
2010-05-14,1342.95
2010-05-17,1327.38
2010-05-18,1315.14
2010-05-19,1292.19
2010-05-20,1253.33
2010-05-21,1267.34
2010-05-24,1261.35
2010-05-25,1236.89
2010-05-26,1247.17
2010-05-27,1294.81
2010-05-28,1296.93
2010-05-31,1295.77
2010-06-01,1279.66
2010-06-02,1290.73
2010-06-03,1303.47
2010-06-04,1262.52
2010-06-07,1238.7
2010-06-08,1247.15
2010-06-09,1260.36
2010-06-10,1293.4
2010-06-11,1304.83
2010-06-14,1324.76
2010-06-15,1342.75
2010-06-16,1342.25
2010-06-17,1344.17
2010-06-18,1341.77
2010-06-21,1357.99
2010-06-22,1339.85
2010-06-23,1333.6
2010-06-24,1316.82
2010-06-25,1325.06
2010-06-28,1323.36
2010-06-29,1287.21
2010-06-30,1274.66
2010-07-01,1270.63
2010-07-02,1264.94
2010-07-05,1261.86
2010-07-06,1267.79
2010-07-07,1294.46
2010-07-08,1310.88
2010-07-09,1323.71
2010-07-12,1326.98
2010-07-13,1348.28
2010-07-14,1351.96
2010-07-15,1347.66
2010-07-16,1325.26
2010-07-19,1331.08
2010-07-20,1344.36
2010-07-21,1339.16
2010-07-22,1367.82
2010-07-23,1383.66
2010-07-26,1404.15
2010-07-27,1407.2
2010-07-28,1406.58
2010-07-29,1403.2
2010-07-30,1402.4
2010-08-02,1439.48
2010-08-03,1437.06
2010-08-04,1435.77
2010-08-05,1429.92
2010-08-06,1431.05
2010-08-09,1440.73
2010-08-10,1422.55
2010-08-11,1394.94
2010-08-12,1380.24
2010-08-13,1380.96
2010-08-16,1382.04
2010-08-17,1403.86
2010-08-18,1407.14
2010-08-19,1396.75
2010-08-20,1383.68
2010-08-23,1382.47
2010-08-24,1375.12
2010-08-25,1379.86
2010-08-26,1380.68
2010-08-27,1393.93
2010-08-30,1391.37
2010-08-31,1393.47
2010-09-01,1427.59
2010-09-02,1441.56
2010-09-03,1455.85
2010-09-06,1467.21
2010-09-07,1454.64
2010-09-08,1453.06
2010-09-09,1454.65
2010-09-10,1456.9
2010-09-13,1479.68
2010-09-14,1482.09
2010-09-15,1487.56
2010-09-16,1478.75
2010-09-17,1483.16
2010-09-20,1508.59
2010-09-21,1501.81
2010-09-22,1502.54
2010-09-23,1484.91
2010-09-24,1509.79
2010-09-27,1510.1
2010-09-28,1515.81
2010-09-29,1514.09
2010-09-30,1518.24
2010-10-01,1531.87
2010-10-04,1536.7
2010-10-05,1556.57
2010-10-06,1569.96
2010-10-07,1574.95
2010-10-08,1575.38
2010-10-11,1578.86
2010-10-12,1578.86
2010-10-13,1598.11
2010-10-14,1608.69
2010-10-15,1602.5
2010-10-18,1602.92
2010-10-19,1586.29
2010-10-20,1599.36
2010-10-21,1597.84
2010-10-22,1593.53
2010-10-25,1600.83
2010-10-26,1593.5
2010-10-27,1577.45
2010-10-28,1580.96
2010-10-29,1579.66
2010-11-01,1593.04
2010-11-02,1600.73
2010-11-03,1604.61
2010-11-04,1638.7
2010-11-05,1648.2
2010-11-08,1641.95
2010-11-09,1612.31
2010-11-10,1599.13
2010-11-11,1588.98
2010-11-12,1573.55
2010-11-15,1563.76
2010-11-16,1531.95
2010-11-17,1532.25
2010-11-18,1544.91
2010-11-19,1543.06
2010-11-22,1538.64
2010-11-23,1516.75
2010-11-24,1530.74
2010-11-25,1537.12
2010-11-26,1521.4
2010-11-29,1519.22
2010-11-30,1511.72
2010-12-01,1530.69
2010-12-02,1555.14
2010-12-03,1562.04
2010-12-06,1560.8
2010-12-07,1568.77
2010-12-08,1548.88
2010-12-09,1545.22
2010-12-10,1549.0
2010-12-13,1558.36
2010-12-14,1558.74
2010-12-15,1543.69
2010-12-16,1535.91
2010-12-17,1535.57
2010-12-20,1543.97
2010-12-21,1561.74
2010-12-22,1572.52
2010-12-23,1571.63
2010-12-24,1573.92
2010-12-27,1579.75
2010-12-28,1583.42
2010-12-29,1594.97
2010-12-30,1598.84
2010-12-31,1603.06
2011-01-03,1619.33
2011-01-04,1610.58
2011-01-05,1611.5
2011-01-06,1602.89
2011-01-07,1600.06
2011-01-10,1590.36
2011-01-11,1590.13
2011-01-12,1606.67
2011-01-13,1616.11
2011-01-14,1615.4
2011-01-17,1612.63
2011-01-18,1624.81
2011-01-19,1618.75
2011-01-20,1599.12
2011-01-21,1600.12
2011-01-24,1608.13
2011-01-25,1616.22
2011-01-26,1618.32
2011-01-27,1622.85
2011-01-28,1602.5
2011-01-31,1605.69
2011-02-01,1618.56
2011-02-02,1623.12
2011-02-03,1624.16
2011-02-04,1616.58
2011-02-07,1621.47
2011-02-08,1626.0
2011-02-09,1613.83
2011-02-10,1603.38
2011-02-11,1608.07
2011-02-14,1618.84
2011-02-15,1612.1
2011-02-16,1619.63
2011-02-17,1626.62
2011-02-18,1635.08
2011-02-21,1631.12
2011-02-22,1609.53
2011-02-23,1600.86
2011-02-24,1593.29
2011-02-25,1619.44
2011-02-28,1643.81
2011-03-01,1628.47
2011-03-02,1613.85
2011-03-03,1628.2
2011-03-04,1631.78
2011-03-07,1622.8
2011-03-08,1630.75
2011-03-09,1633.27
2011-03-10,1607.93
2011-03-11,1609.27
2011-03-14,1589.87
2011-03-15,1547.44
2011-03-16,1546.57
2011-03-17,1557.01
2011-03-18,1576.07
2011-03-21,1596.61
2011-03-22,1600.21
2011-03-23,1592.97
2011-03-24,1604.04
2011-03-25,1610.93
2011-03-28,1604.97
2011-03-29,1605.51
2011-03-30,1626.47
2011-03-31,1635.71
2011-04-01,1642.02
2011-04-04,1647.9
2011-04-05,1648.52
2011-04-06,1654.0
2011-04-07,1642.16
2011-04-08,1648.35
2011-04-11,1644.84
2011-04-12,1631.37
2011-04-13,1638.22
2011-04-14,1649.38
2011-04-15,1656.46
2011-04-18,1637.8
2011-04-19,1642.87
2011-04-20,1667.72
2011-04-21,1684.91
2011-04-22,1683.96
2011-04-25,1687.56
2011-04-26,1696.88
2011-04-27,1699.67
2011-04-28,1715.8
2011-04-29,1716.31
2011-05-02,1723.18
2011-05-03,1709.92
2011-05-04,1695.22
2011-05-05,1685.74
2011-05-06,1683.13
2011-05-09,1681.81
2011-05-10,1699.34
2011-05-11,1691.28
2011-05-12,1679.7
2011-05-13,1675.33
2011-05-16,1668.55
2011-05-17,1664.74
2011-05-18,1681.47
2011-05-19,1688.34
2011-05-20,1680.54
2011-05-23,1654.72
2011-05-24,1660.53
2011-05-25,1661.95
2011-05-26,1678.31
2011-05-27,1696.11
2011-05-30,1698.73
2011-05-31,1721.69
2011-06-01,1700.8
2011-06-02,1686.13
2011-06-03,1688.58
2011-06-06,1674.79
2011-06-07,1683.26
2011-06-08,1672.81
2011-06-09,1665.63
2011-06-10,1639.76
2011-06-13,1639.38
2011-06-14,1658.85
2011-06-15,1642.09
2011-06-16,1629.43
2011-06-17,1636.13
2011-06-20,1637.11
2011-06-21,1652.92
2011-06-22,1650.81
2011-06-23,1626.27
2011-06-24,1633.89
2011-06-27,1634.58
2011-06-28,1646.88
2011-06-29,1663.74
2011-06-30,1676.67
2011-07-01,1692.86
2011-07-04,1705.08
2011-07-05,1708.45
2011-07-06,1710.56
2011-07-07,1719.79
2011-07-08,1719.83
2011-07-11,1686.86
2011-07-12,1678.02
2011-07-13,1685.59
2011-07-14,1673.35
2011-07-15,1676.59
2011-07-18,1662.32
2011-07-19,1680.24
2011-07-20,1694.55
2011-07-21,1708.16
2011-07-22,1721.6
2011-07-25,1709.3
2011-07-26,1716.23
2011-07-27,1691.03
2011-07-28,1688.34
2011-07-29,1689.34
2011-08-01,1682.7
2011-08-02,1648.57
2011-08-03,1626.53
2011-08-04,1568.07
2011-08-05,1518.31
2011-08-08,1425.48
2011-08-09,1480.19
2011-08-10,1469.92
2011-08-11,1507.38
2011-08-12,1511.59
2011-08-15,1556.08
2011-08-16,1552.35
2011-08-17,1560.24
2011-08-18,1505.17
2011-08-19,1480.4
2011-08-22,1479.21
2011-08-23,1504.83
2011-08-24,1511.64
2011-08-25,1500.92
2011-08-26,1508.42
2011-08-29,1548.63
2011-08-30,1562.21
2011-08-31,1585.0
2011-09-01,1578.88
2011-09-02,1548.5
2011-09-05,1524.56
2011-09-06,1512.66
2011-09-07,1551.85
2011-09-08,1549.72
2011-09-09,1508.61
2011-09-12,1483.57
2011-09-13,1483.66
2011-09-14,1477.09
2011-09-15,1499.29
2011-09-16,1515.97
2011-09-19,1478.59
2011-09-20,1478.26
2011-09-21,1439.46
2011-09-22,1380.47
2011-09-23,1384.45
2011-09-26,1381.39
2011-09-27,1417.14
2011-09-28,1401.29
2011-09-29,1411.42
2011-09-30,1379.52
2011-10-03,1328.01
2011-10-04,1334.28
2011-10-05,1336.87
2011-10-06,1381.37
2011-10-07,1382.29
2011-10-10,1419.71
2011-10-11,1411.9
2011-10-12,1438.49
2011-10-13,1444.77
2011-10-14,1465.3
2011-10-17,1454.94
2011-10-18,1455.01
2011-10-19,1456.42
2011-10-20,1441.41
2011-10-21,1476.52
2011-10-24,1508.7
2011-10-25,1492.11
2011-10-26,1493.27
2011-10-27,1561.26
2011-10-28,1579.19
2011-10-31,1553.7
2011-11-01,1497.78
2011-11-02,1516.62
2011-11-03,1521.77
2011-11-04,1529.65
2011-11-07,1526.04
2011-11-08,1535.39
2011-11-09,1498.83
2011-11-10,1476.49
2011-11-11,1509.77
2011-11-14,1493.98
2011-11-15,1489.68
2011-11-16,1472.84
2011-11-17,1449.67
2011-11-18,1446.5
2011-11-21,1409.54
2011-11-22,1407.43
2011-11-23,1372.11
2011-11-24,1373.88
2011-11-25,1372.63
2011-11-28,1407.01
2011-11-29,1416.48
2011-11-30,1462.95
2011-12-01,1467.88
2011-12-02,1472.68
2011-12-05,1483.01
2011-12-06,1472.69
2011-12-07,1486.39
2011-12-08,1458.64
2011-12-09,1460.58
2011-12-12,1439.8
2011-12-13,1427.92
2011-12-14,1417.19
2011-12-15,1427.65
2011-12-16,1439.38
2011-12-19,1422.51
2011-12-20,1452.65
2011-12-21,1456.08
2011-12-22,1468.41
2011-12-23,1478.0
2011-12-26,1478.1
2011-12-27,1482.23
2011-12-28,1463.41
2011-12-29,1468.68
2011-12-30,1472.54
2012-01-02,1475.15
2012-01-03,1494.78
2012-01-04,1483.35
2012-01-05,1481.89
2012-01-06,1473.73
2012-01-09,1473.0
2012-01-10,1494.58
2012-01-11,1499.05
2012-01-12,1500.37
2012-01-13,1503.17
2012-01-16,1500.77
2012-01-17,1520.27
2012-01-18,1527.33
2012-01-19,1547.88
2012-01-20,1566.16
2012-01-23,1574.18
2012-01-24,1572.76
2012-01-25,1582.72
2012-01-26,1604.94
2012-01-27,1605.74
2012-01-30,1588.46
2012-01-31,1594.92
2012-02-01,1615.18
2012-02-02,1623.75
2012-02-03,1636.15
2012-02-06,1635.92
2012-02-07,1635.17
2012-02-08,1644.74
2012-02-09,1645.02
2012-02-10,1626.05
2012-02-13,1639.26
2012-02-14,1629.86
2012-02-15,1644.79
2012-02-16,1646.69
2012-02-17,1659.75
2012-02-20,1670.29
2012-02-21,1651.64
2012-02-22,1639.75
2012-02-23,1650.87
2012-02-24,1659.78
2012-02-27,1653.68
2012-02-28,1659.21
2012-02-29,1658.47
2012-03-01,1655.47
2012-03-02,1660.7
2012-03-05,1661.46
2012-03-06,1629.99
2012-03-07,1634.23
2012-03-08,1650.64
2012-03-09,1653.41
2012-03-12,1653.73
2012-03-13,1682.35
2012-03-14,1679.63
2012-03-15,1680.66
2012-03-16,1685.78
2012-03-19,1688.64
2012-03-20,1679.52
2012-03-21,1670.13
2012-03-22,1653.25
2012-03-23,1653.68
2012-03-26,1668.06
2012-03-27,1680.37
2012-03-28,1672.45
2012-03-29,1665.74
2012-03-30,1670.76
2012-04-02,1680.38
2012-04-03,1678.19
2012-04-04,1656.02
2012-04-05,1655.55
2012-04-06,1655.23
2012-04-09,1644.08
2012-04-10,1623.38
2012-04-11,1630.32
2012-04-12,1649.17
2012-04-13,1648.49
2012-04-16,1654.92
2012-04-17,1665.94
2012-04-18,1667.62
2012-04-19,1664.48
2012-04-20,1678.06
2012-04-23,1657.97
2012-04-24,1677.58
2012-04-25,1691.44
2012-04-26,1698.26
2012-04-27,1705.52
2012-04-30,1707.14
2012-05-01,1710.51
2012-05-02,1712.54
2012-05-03,1709.52
2012-05-04,1694.58
2012-05-07,1688.35
2012-05-08,1684.01
2012-05-09,1669.2
2012-05-10,1670.49
2012-05-11,1669.75
2012-05-14,1649.1
2012-05-15,1639.11
2012-05-16,1616.55
2012-05-17,1595.38
2012-05-18,1570.5
2012-05-21,1592.48
2012-05-22,1603.1
2012-05-23,1587.3
2012-05-24,1595.33
2012-05-25,1595.51
2012-05-28,1604.35
2012-05-29,1622.14
2012-05-30,1591.94
2012-05-31,1592.67
2012-06-01,1569.16
2012-06-04,1551.62
2012-06-05,1568.67
2012-06-06,1610.67
2012-06-07,1611.53
2012-06-08,1613.49
2012-06-11,1603.5
2012-06-12,1611.01
2012-06-13,1611.31
2012-06-14,1620.01
2012-06-15,1633.86
2012-06-18,1646.31
2012-06-19,1658.09
2012-06-20,1664.02
2012-06-21,1640.79
2012-06-22,1632.89
2012-06-25,1624.9
2012-06-26,1629.46
2012-06-27,1645.19
2012-06-28,1650.78
2012-06-29,1695.68
2012-07-02,1709.89
2012-07-03,1722.61
2012-07-04,1724.87
2012-07-05,1718.42
2012-07-06,1721.03
2012-07-09,1710.42
2012-07-10,1702.86
2012-07-11,1708.7
2012-07-12,1699.11
2012-07-13,1719.85
2012-07-16,1724.18
2012-07-17,1739.18
2012-07-18,1737.73
2012-07-19,1737.1
2012-07-20,1726.54
2012-07-23,1704.26
2012-07-24,1698.85
2012-07-25,1698.79
2012-07-26,1720.55
2012-07-27,1741.57
2012-07-30,1749.54
2012-07-31,1754.37
2012-08-01,1753.86
2012-08-02,1747.83
2012-08-03,1764.63
2012-08-06,1773.51
2012-08-07,1763.85
2012-08-08,1757.11
2012-08-09,1754.67
2012-08-10,1753.95
2012-08-13,1754.18
2012-08-14,1750.31
2012-08-15,1752.15
2012-08-16,1759.62
2012-08-17,1763.83
2012-08-20,1758.74
2012-08-21,1764.9
2012-08-22,1762.14
2012-08-23,1765.72
2012-08-24,1762.67
2012-08-27,1763.2
2012-08-28,1764.38
2012-08-29,1764.77
2012-08-30,1753.53
2012-08-31,1759.15
2012-09-03,1764.88
2012-09-04,1764.12
2012-09-05,1761.0
2012-09-06,1777.22
2012-09-07,1796.47
2012-09-10,1784.75
2012-09-11,1791.27
2012-09-12,1802.04
2012-09-13,1813.81
2012-09-14,1840.34
2012-09-17,1834.03
2012-09-18,1824.7
2012-09-19,1823.15
2012-09-20,1802.56
2012-09-21,1806.26
2012-09-24,1804.24
2012-09-25,1798.01
2012-09-26,1792.3
2012-09-27,1801.49
2012-09-28,1798.49
2012-10-01,1791.61
2012-10-02,1797.42
2012-10-03,1799.51
2012-10-04,1805.55
2012-10-05,1813.02
2012-10-08,1802.52
2012-10-09,1798.85
2012-10-10,1801.51
2012-10-11,1800.17
2012-10-12,1800.96
2012-10-15,1808.54
2012-10-16,1822.64
2012-10-17,1830.87
2012-10-18,1839.29
2012-10-19,1828.2
2012-10-22,1825.19
2012-10-23,1810.88
2012-10-24,1813.5
2012-10-25,1815.95
2012-10-26,1804.91
2012-10-29,1801.53
2012-10-30,1802.22
2012-10-31,1812.96
2012-11-01,1821.64
2012-11-02,1833.84
2012-11-05,1826.1
2012-11-06,1831.43
2012-11-07,1830.24
2012-11-08,1808.68
2012-11-09,1799.41
2012-11-12,1796.58
2012-11-13,1792.12
2012-11-14,1779.95
2012-11-15,1772.36
2012-11-16,1773.79
2012-11-19,1795.87
2012-11-20,1797.12
2012-11-21,1795.5
2012-11-22,1805.37
2012-11-23,1822.56
2012-11-26,1822.18
2012-11-27,1820.99
2012-11-28,1816.89
2012-11-29,1832.68
2012-11-30,1840.47
2012-12-03,1847.79
2012-12-04,1848.48
2012-12-05,1848.41
2012-12-06,1858.6
2012-12-07,1868.32
2012-12-10,1871.47
2012-12-11,1870.95
2012-12-12,1873.33
2012-12-13,1868.13
2012-12-14,1871.87
2012-12-17,1878.62
2012-12-18,1887.63
2012-12-19,1892.25
2012-12-20,1908.91
2012-12-21,1900.71
2012-12-24,1902.28
2012-12-25,1905.44
2012-12-26,1902.79
2012-12-27,1910.7
2012-12-28,1905.47
2012-12-31,1912.05
2013-01-02,1938.71
2013-01-03,1936.33
2013-01-04,1942.95
2013-01-07,1950.07
2013-01-08,1937.93
2013-01-09,1950.29
2013-01-10,1954.56
2013-01-11,1950.97
2013-01-14,1955.92
2013-01-15,1964.93
2013-01-16,1960.32
2013-01-17,1957.79
2013-01-18,1964.01
2013-01-21,1965.16
2013-01-22,1973.12
2013-01-23,1969.08
2013-01-24,1972.52
2013-01-25,1980.08
2013-01-28,1980.05
2013-01-29,1983.81
2013-01-30,1985.43
2013-01-31,1978.72
2013-02-01,1983.44
2013-02-04,1975.81
2013-02-05,1960.67
2013-02-06,1965.62
2013-02-07,1958.44
2013-02-08,1968.66
2013-02-11,1965.68
2013-02-12,1979.56
2013-02-13,1981.16
2013-02-14,1978.73
2013-02-15,1974.47
2013-02-18,1977.3
2013-02-19,1986.79
2013-02-20,1982.91
2013-02-21,1963.95
2013-02-22,1973.0
2013-02-25,1961.21
2013-02-26,1960.71
2013-02-27,1975.89
2013-02-28,1993.3
2013-03-01,1993.16
2013-03-04,1992.74
2013-03-05,2002.22
2013-03-06,2008.32
2013-03-07,2004.82
2013-03-08,2002.6
2013-03-11,2008.016
2013-03-12,2002.525
2013-03-13,1995.777
2013-03-14,2010.863
2013-03-15,2013.332
2013-03-18,1993.419
2013-03-19,1984.122
2013-03-20,1990.83
2013-03-21,1987.324
2013-03-22,1993.508
2013-03-25,2003.253
2013-03-26,2014.852
2013-03-27,2024.944
2013-03-28,2026.284
2013-03-29,2023.911
2013-04-01,2014.511
2013-04-02,2035.153
2013-04-03,2034.227
2013-04-04,2049.853
2013-04-05,2068.792
2013-04-08,2084.845
2013-04-09,2079.557
2013-04-10,2094.422
2013-04-11,2110.263
2013-04-12,2127.786
2013-04-15,2093.639
2013-04-16,2103.78
2013-04-17,2096.78
2013-04-18,2094.214
2013-04-19,2122.167
2013-04-22,2119.159
2013-04-23,2118.016
2013-04-24,2131.751
2013-04-25,2134.359
2013-04-26,2129.039
2013-04-29,2143.17
2013-04-30,2164.29
2013-05-01,2157.608
2013-05-02,2160.141
2013-05-03,2166.254
2013-05-06,2172.037
2013-05-07,2184.082
2013-05-08,2187.167
2013-05-09,2169.544
2013-05-10,2165.872
2013-05-13,2167.761
2013-05-14,2159.237
2013-05-15,2164.232
2013-05-16,2164.388
2013-05-17,2174.121
2013-05-20,2185.895
2013-05-21,2184.071
2013-05-22,2149.447
2013-05-23,2094.736
2013-05-24,2092.178
2013-05-27,2095.093
2013-05-28,2084.339
2013-05-29,2054.189
2013-05-30,2024.572
2013-05-31,2007.435
2013-06-03,2000.371
2013-06-04,2000.876
2013-06-05,1974.099
2013-06-06,1976.921
2013-06-07,1986.263
2013-06-10,1970.875
2013-06-11,1937.269
2013-06-12,1924.936
2013-06-13,1936.82
2013-06-14,1964.844
2013-06-17,1969.732
2013-06-18,1974.223
2013-06-19,1948.331
2013-06-20,1860.735
2013-06-21,1859.133
2013-06-24,1837.226
2013-06-25,1855.91
2013-06-26,1884.511
2013-06-27,1922.259
2013-06-28,1936.36
2013-07-01,1930.919
2013-07-02,1954.693
2013-07-03,1936.029
2013-07-04,1945.472
2013-07-05,1944.082
2013-07-08,1931.146
2013-07-09,1952.71
2013-07-10,1953.374
2013-07-11,2003.429
2013-07-12,1995.203
2013-07-15,2000.787
2013-07-16,2004.429
2013-07-17,2002.844
2013-07-18,2012.228
2013-07-19,2009.391
2013-07-22,2022.052
2013-07-23,2027.243
2013-07-24,2004.468
2013-07-25,2003.212
2013-07-26,2000.943
2013-07-29,1984.038
2013-07-30,1978.313
2013-07-31,1954.825
2013-08-01,1962.89
2013-08-02,1968.406
2013-08-05,1968.306
2013-08-06,1972.586
2013-08-07,1957.609
2013-08-08,1964.994
2013-08-09,1975.352
2013-08-12,1961.165
2013-08-13,1954.295
2013-08-14,1957.303
2013-08-15,1930.095
2013-08-16,1909.505
2013-08-19,1891.801
2013-08-20,1900.02
2013-08-21,1890.423
2013-08-22,1882.05
2013-08-23,1901.989
2013-08-26,1901.931
2013-08-27,1886.979
2013-08-28,1870.868
2013-08-29,1872.304
2013-08-30,1870.288
2013-09-02,1883.219
2013-09-03,1876.159
2013-09-04,1884.134
2013-09-05,1873.232
2013-09-06,1888.229
2013-09-09,1922.353
2013-09-10,1936.205
2013-09-11,1946.705
2013-09-12,1941.845
2013-09-13,1941.899
2013-09-16,1966.989
2013-09-17,1963.52
2013-09-18,1996.156
2013-09-19,2031.613
2013-09-20,2006.643
2013-09-23,2001.257
2013-09-24,1987.152
2013-09-25,1988.615
2013-09-26,1991.1
2013-09-27,1993.636
2013-09-30,1976.438
2013-10-01,1992.917
2013-10-02,1990.256
2013-10-03,1974.051
2013-10-04,1970.046
2013-10-07,1962.616
2013-10-08,1959.819
2013-10-09,1967.056
2013-10-10,1994.8
2013-10-11,2012.58
2013-10-14,2014.413
2013-10-15,2009.695
2013-10-16,2025.755
2013-10-17,2052.799
2013-10-18,2061.415
2013-10-21,2057.349
2013-10-22,2068.493
2013-10-23,2064.71
2013-10-24,2061.755
2013-10-25,2066.928
2013-10-28,2063.294
2013-10-29,2054.853
2013-10-30,2048.59
2013-10-31,2035.057
2013-11-01,2031.65
2013-11-04,2034.335
2013-11-05,2015.447
2013-11-06,2011.947
2013-11-07,1992.917
2013-11-08,1974.253
2013-11-11,1974.827
2013-11-12,1973.188
2013-11-13,1972.965
2013-11-14,1990.443
2013-11-15,2006.723
2013-11-18,2007.256
2013-11-19,1990.949
2013-11-20,1976.867
2013-11-21,1969.36
2013-11-22,1968.574
2013-11-25,1961.004
2013-11-26,1956.389
2013-11-27,1964.928
2013-11-28,1966.745
2013-11-29,1960.577
2013-12-02,1946.518
2013-12-03,1939.873
2013-12-04,1934.1
2013-12-05,1933.616
2013-12-06,1941.328
2013-12-09,1945.436
2013-12-10,1944.881
2013-12-11,1914.888
2013-12-12,1902.055
2013-12-13,1905.083
2013-12-16,1904.937
2013-12-17,1905.306
2013-12-18,1928.275
2013-12-19,1920.561
2013-12-20,1929.947
2013-12-23,1935.743
2013-12-24,1936.951
2013-12-25,1936.587
2013-12-26,1940.342
2013-12-27,1942.643
2013-12-30,1954.583
2013-12-31,1954.789
2014-01-02,1946.8
2014-01-03,1953.008
2014-01-06,1949.414
2014-01-07,1947.136
2014-01-08,1950.333
2014-01-09,1947.905
2014-01-10,1965.686
2014-01-13,1964.581
2014-01-14,1961.734
2014-01-15,1968.661
2014-01-16,1969.344
2014-01-17,1971.197
2014-01-20,1966.006
2014-01-21,1974.931
2014-01-22,1984.153
2014-01-23,1972.964
2014-01-24,1950.93
2014-01-27,1930.995
2014-01-28,1939.918
2014-01-29,1937.47
2014-01-30,1938.34
2014-01-31,1941.412
2014-02-03,1922.313
2014-02-04,1921.946
2014-02-05,1924.257
2014-02-06,1940.502
2014-02-07,1959.6
2014-02-10,1970.515
2014-02-11,1984.062
2014-02-12,1991.801
2014-02-13,1990.316
2014-02-14,1995.118
2014-02-17,2002.32
2014-02-18,2012.003
2014-02-19,2015.998
2014-02-20,2008.051
2014-02-21,2014.034
2014-02-24,2006.943
2014-02-25,2014.945
2014-02-26,2013.35
2014-02-27,2009.935
2014-02-28,2022.133
2014-03-03,2011.639
2014-03-04,2033.522
2014-03-05,2034.904
2014-03-06,2038.098
2014-03-07,2027.231
2014-03-10,2009.192
2014-03-11,2016.628
2014-03-12,2004.217
2014-03-13,2001.719
2014-03-14,1994.429
2014-03-17,1998.99
2014-03-18,2009.081
2014-03-19,1989.929
2014-03-20,1969.302
2014-03-21,1985.405
2014-03-24,1984.506
2014-03-25,1995.489
2014-03-26,1987.331
2014-03-27,2001.462
2014-03-28,2014.549
2014-03-31,2032.707
2014-04-01,2039.152
2014-04-02,2051.171
2014-04-03,2048.136
2014-04-04,2057.714
2014-04-07,2061.937
2014-04-08,2070.262
2014-04-09,2065.147
2014-04-10,2063.123
2014-04-11,2047.349
2014-04-14,2050.27
2014-04-15,2057.806
2014-04-16,2072.029
2014-04-17,2073.579
2014-04-18,2075.912
2014-04-21,2076.291
2014-04-22,2080.854
2014-04-23,2075.085
2014-04-24,2082.398
2014-04-25,2072.232
2014-04-28,2078.192
2014-04-29,2084.348
2014-04-30,2089.486
2014-05-01,2096.737
2014-05-02,2100.137
2014-05-05,2100.837
2014-05-06,2103.272
2014-05-07,2109.458
2014-05-08,2117.09
2014-05-09,2115.525
2014-05-12,2122.374
2014-05-13,2124.658
2014-05-14,2137.716
2014-05-15,2135.757
2014-05-16,2141.135
2014-05-19,2133.274
2014-05-20,2125.355
2014-05-21,2116.5
2014-05-22,2121.008
2014-05-23,2137.825
2014-05-26,2140.684
2014-05-27,2149.116
2014-05-28,2141.507
2014-05-29,2147.566
2014-05-30,2154.285
2014-06-02,2162.227
2014-06-03,2162.807
2014-06-04,2158.148
2014-06-05,2178.953
2014-06-06,2184.212
2014-06-09,2173.4
2014-06-10,2163.457
2014-06-11,2159.38
2014-06-12,2158.55
2014-06-13,2155.591
2014-06-16,2145.043
2014-06-17,2144.289
2014-06-18,2151.341
2014-06-19,2170.245
2014-06-20,2174.499
2014-06-23,2166.798
2014-06-24,2163.554
2014-06-25,2164.987
2014-06-26,2172.127
2014-06-27,2179.847
2014-06-30,2178.117
2014-07-01,2185.82
2014-07-02,2188.421
2014-07-03,2183.409
2014-07-04,2183.677
2014-07-07,2186.509
2014-07-08,2185.073
2014-07-09,2185.61
2014-07-10,2194.337
2014-07-11,2192.467
2014-07-14,2200.445
2014-07-15,2203.262
2014-07-16,2215.095
2014-07-17,2207.102
2014-07-18,2218.413
2014-07-21,2213.436
2014-07-22,2223.849
2014-07-23,2232.993
2014-07-24,2233.66
2014-07-25,2219.287
2014-07-28,2225.809
2014-07-29,2225.375
2014-07-30,2219.122
2014-07-31,2203.817
2014-08-01,2193.572
2014-08-04,2196.513
2014-08-05,2180.181
2014-08-06,2170.622
2014-08-07,2170.581
2014-08-08,2167.894
2014-08-11,2189.841
2014-08-12,2188.713
2014-08-13,2211.025
2014-08-14,2212.404
2014-08-15,2215.312
2014-08-18,2227.065
2014-08-19,2238.168
2014-08-20,2240.401
2014-08-21,2242.84
2014-08-22,2233.619
2014-08-25,2233.653
2014-08-26,2235.049
2014-08-27,2239.226
2014-08-28,2230.344
2014-08-29,2234.459
2014-09-01,2237.277
2014-09-02,2236.794
2014-09-03,2249.957
2014-09-04,2242.326
2014-09-05,2249.251
2014-09-08,2241.306
2014-09-09,2224.406
2014-09-10,2198.808
2014-09-11,2198.903
2014-09-12,2162.59
2014-09-15,2150.16
2014-09-16,2149.891
2014-09-17,2153.201
2014-09-18,2142.375
2014-09-19,2140.526
2014-09-22,2126.984
2014-09-23,2114.954
2014-09-24,2109.3
2014-09-25,2102.983
2014-09-26,2113.2
2014-09-29,2103.01
2014-09-30,2095.175
2014-10-01,2092.736
2014-10-02,2078.936
2014-10-03,2077.739
2014-10-06,2090.057
2014-10-07,2085.612
2014-10-08,2099.088
2014-10-09,2109.401
2014-10-10,2097.632
2014-10-13,2097.916
2014-10-14,2107.0
2014-10-15,2100.5
2014-10-16,2097.992
2014-10-17,2104.504
2014-10-20,2129.256
2014-10-21,2146.755
2014-10-22,2152.869
2014-10-23,2161.504
2014-10-24,2162.257
2014-10-27,2171.554
2014-10-28,2184.25
2014-10-29,2186.156
2014-10-30,2191.961
2014-10-31,2225.39
2014-11-03,2227.059
2014-11-04,2236.946
2014-11-05,2221.649
2014-11-06,2197.394
2014-11-07,2191.837
2014-11-10,2210.952
2014-11-11,2209.142
2014-11-12,2209.099
2014-11-13,2216.426
2014-11-14,2213.339
2014-11-17,2210.285
2014-11-18,2218.587
2014-11-19,2206.814
2014-11-20,2205.209
2014-11-21,2219.822
2014-11-24,2230.573
2014-11-25,2233.22
2014-11-26,2246.909
2014-11-27,2245.561
2014-11-28,2249.302
2014-12-01,2244.074
2014-12-02,2253.315
2014-12-03,2250.304
2014-12-04,2245.257
2014-12-05,2233.371
2014-12-08,2233.563
2014-12-09,2237.725
2014-12-10,2232.219
2014-12-11,2223.992
2014-12-12,2214.596
2014-12-15,2184.451
2014-12-16,2177.945
2014-12-17,2200.485
2014-12-18,2214.975
2014-12-19,2229.178
2014-12-22,2258.286
2014-12-23,2248.422
2014-12-24,2248.206
2014-12-25,2247.413
2014-12-26,2254.127
2014-12-29,2264.429
2014-12-30,2263.932
2014-12-31,2242.774
2015-01-02,2261.672
2015-01-05,2263.993
2015-01-06,2269.119
2015-01-07,2289.101
2015-01-08,2302.135
2015-01-09,2310.827
2015-01-12,2319.548
2015-01-13,2324.262
2015-01-14,2333.712
2015-01-15,2344.174
2015-01-16,2353.5
2015-01-19,2351.602
2015-01-20,2343.868
2015-01-21,2351.969
2015-01-22,2371.942
2015-01-23,2381.558
2015-01-26,2387.229
2015-01-27,2389.29
2015-01-28,2382.356
2015-01-29,2375.421
2015-01-30,2342.269
2015-02-02,2351.226
2015-02-03,2362.734
2015-02-04,2362.844
2015-02-05,2388.233
2015-02-06,2348.205
2015-02-09,2328.699
2015-02-10,2331.233
2015-02-11,2321.823
2015-02-12,2347.877
2015-02-13,2352.989
2015-02-16,2352.097
2015-02-17,2347.655
2015-02-18,2361.891
2015-02-19,2338.232
2015-02-20,2348.251
2015-02-23,2362.513
2015-02-24,2339.746
2015-02-25,2347.84
2015-02-26,2332.956
2015-02-27,2338.809
2015-03-02,2345.386
2015-03-03,2342.168
2015-03-04,2316.928
2015-03-05,2314.842
2015-03-06,2263.551
2015-03-09,2252.312
2015-03-10,2236.916
2015-03-11,2237.073
2015-03-12,2263.066
2015-03-13,2263.997
2015-03-16,2279.84
2015-03-17,2274.976
2015-03-18,2303.108
2015-03-19,2316.537
2015-03-20,2359.785
2015-03-23,2367.33
2015-03-24,2365.73
2015-03-25,2349.096
2015-03-26,2328.52
2015-03-27,2335.983
2015-03-30,2349.608
2015-03-31,2333.491
2015-04-01,2336.85
2015-04-02,2356.711
2015-04-03,2357.92
2015-04-06,2378.726
2015-04-07,2357.554
2015-04-08,2369.734
2015-04-09,2353.058
2015-04-10,2357.571
2015-04-13,2344.358
2015-04-14,2356.363
2015-04-15,2344.187
2015-04-16,2358.78
2015-04-17,2349.195
2015-04-20,2341.36
2015-04-21,2347.192
2015-04-22,2356.311
2015-04-23,2358.758
2015-04-24,2368.098
2015-04-27,2378.212
2015-04-28,2377.029
2015-04-29,2352.645
2015-04-30,2334.302
2015-05-01,2335.259
2015-05-04,2346.412
2015-05-05,2315.425
2015-05-06,2303.743
2015-05-07,2298.509
2015-05-08,2336.73
2015-05-11,2321.087
2015-05-12,2316.015
2015-05-13,2317.037
2015-05-14,2342.772
2015-05-15,2366.239
2015-05-18,2356.325
2015-05-19,2349.87
2015-05-20,2346.544
2015-05-21,2336.115
2015-05-22,2334.398
2015-05-25,2335.115
2015-05-26,2319.228
2015-05-27,2325.009
2015-05-28,2311.587
2015-05-29,2290.777
2015-06-01,2306.575
2015-06-02,2294.924
2015-06-03,2274.591
2015-06-04,2264.926
2015-06-05,2234.79
2015-06-08,2228.849
2015-06-09,2220.684
2015-06-10,2238.441
2015-06-11,2246.579
2015-06-12,2248.982
2015-06-15,2236.41
2015-06-16,2240.71
2015-06-17,2244.257
2015-06-18,2268.867
2015-06-19,2257.669
2015-06-22,2259.809
2015-06-23,2254.421
2015-06-24,2246.128
2015-06-25,2231.785
2015-06-26,2230.846
2015-06-29,2193.519
2015-06-30,2200.032
2015-07-01,2221.303
2015-07-02,2218.867
2015-07-03,2212.769
2015-07-06,2201.247
2015-07-07,2208.637
2015-07-08,2186.719
2015-07-09,2201.067
2015-07-10,2221.737
2015-07-13,2237.114
2015-07-14,2245.592
2015-07-15,2246.349
2015-07-16,2268.12
2015-07-17,2265.312
2015-07-20,2264.237
2015-07-21,2263.078
2015-07-22,2258.321
2015-07-23,2239.795
2015-07-24,2239.217
2015-07-27,2231.897
2015-07-28,2232.356
2015-07-29,2243.161
2015-07-30,2233.926
2015-07-31,2253.179
2015-08-03,2253.464
2015-08-04,2254.133
2015-08-05,2246.378
2015-08-06,2245.038
2015-08-07,2251.009
2015-08-10,2250.873
2015-08-11,2251.105
2015-08-12,2245.619
2015-08-13,2249.173
2015-08-14,2260.791
2015-08-17,2266.976
2015-08-18,2265.077
2015-08-19,2251.795
2015-08-20,2238.203
2015-08-21,2199.15
2015-08-24,2099.814
2015-08-25,2077.251
2015-08-26,2097.724
2015-08-27,2139.876
2015-08-28,2139.72
2015-08-31,2110.617
2015-09-01,2070.974
2015-09-02,2079.424
2015-09-03,2085.084
2015-09-04,2048.905
2015-09-07,2044.433
2015-09-08,2073.445
2015-09-09,2078.873
2015-09-10,2073.156
2015-09-11,2094.39
2015-09-14,2097.408
2015-09-15,2099.61
2015-09-16,2120.591
2015-09-17,2136.083
2015-09-18,2143.227
2015-09-21,2144.179
2015-09-22,2122.27
2015-09-23,2119.873
2015-09-24,2111.189
2015-09-25,2131.35
2015-09-28,2111.019
2015-09-29,2106.026
2015-09-30,2129.99
2015-10-01,2142.934
2015-10-02,2159.081
2015-10-05,2194.039
2015-10-06,2194.134
2015-10-07,2215.242
2015-10-08,2223.372
2015-10-09,2233.788
2015-10-12,2243.994
2015-10-13,2225.034
2015-10-14,2215.137
2015-10-15,2242.328
2015-10-16,2256.719
2015-10-19,2270.784
2015-10-20,2267.289
2015-10-21,2262.943
2015-10-22,2276.399
2015-10-23,2275.833
2015-10-26,2278.774
2015-10-27,2277.239
2015-10-28,2279.283
2015-10-29,2265.226
2015-10-30,2257.929
2015-11-02,2272.098
2015-11-03,2257.383
2015-11-04,2251.148
2015-11-05,2254.361
2015-11-06,2206.577
2015-11-09,2171.0
2015-11-10,2173.594
2015-11-11,2184.151
2015-11-12,2179.866
2015-11-13,2158.476
2015-11-16,2165.149
2015-11-17,2180.578
2015-11-18,2191.608
2015-11-19,2212.588
2015-11-20,2232.19
2015-11-23,2225.731
2015-11-24,2215.581
2015-11-25,2220.92
2015-11-26,2223.601
2015-11-27,2225.762
2015-11-30,2210.518
2015-12-01,2246.658
2015-12-02,2217.121
2015-12-03,2197.651
2015-12-04,2214.167
2015-12-07,2211.862
2015-12-08,2203.047
2015-12-09,2197.366
2015-12-10,2179.158
2015-12-11,2165.848
2015-12-14,2164.322
2015-12-15,2175.724
2015-12-16,2214.064
2015-12-17,2213.717
2015-12-18,2202.391
2015-12-21,2203.155
2015-12-22,2210.365
2015-12-23,2227.852
2015-12-24,2234.127
2015-12-25,2232.88
2015-12-28,2236.824
2015-12-29,2255.168
2015-12-30,2248.381
2015-12-31,2233.63
2016-01-04,2199.49
2016-01-05,2218.834
2016-01-06,2206.34
2016-01-07,2165.484
2016-01-08,2143.401
2016-01-11,2136.653
2016-01-12,2122.114
2016-01-13,2118.1
2016-01-14,2101.279
2016-01-15,2082.253
2016-01-18,2067.763
2016-01-19,2086.856
2016-01-20,2028.122
2016-01-21,2024.744
2016-01-22,2081.071
2016-01-25,2077.824
2016-01-26,2095.897
2016-01-27,2080.712
2016-01-28,2074.958
2016-01-29,2122.637
2016-02-01,2137.654
2016-02-02,2114.384
2016-02-03,2126.642
2016-02-04,2136.797
2016-02-05,2106.717
2016-02-08,2067.971
2016-02-09,2036.876
2016-02-10,2042.614
2016-02-11,2024.682
2016-02-12,2022.654
2016-02-15,2049.841
2016-02-16,2077.159
2016-02-17,2089.322
2016-02-18,2108.68
2016-02-19,2121.772
2016-02-22,2139.037
2016-02-23,2127.884
2016-02-24,2119.188
2016-02-25,2145.231
2016-02-26,2139.869
2016-02-29,2136.617
2016-03-01,2179.458
2016-03-02,2206.649
2016-03-03,2220.551
2016-03-04,2227.717
2016-03-07,2229.724
2016-03-08,2217.037
2016-03-09,2220.0
2016-03-10,2216.305
2016-03-11,2260.66
2016-03-14,2270.564
2016-03-15,2264.728
2016-03-16,2274.817
2016-03-17,2325.212
2016-03-18,2319.059
2016-03-21,2305.752
2016-03-22,2306.828
2016-03-23,2290.926
2016-03-24,2276.744
2016-03-25,2277.224
2016-03-28,2289.649
2016-03-29,2321.053
2016-03-30,2340.027
2016-03-31,2347.197
2016-04-01,2325.651
2016-04-04,2332.971
2016-04-05,2317.17
2016-04-06,2322.583
2016-04-07,2319.156
2016-04-08,2336.306
2016-04-11,2341.731
2016-04-12,2348.142
2016-04-13,2353.464
2016-04-14,2349.857
2016-04-15,2357.484
2016-04-18,2358.821
2016-04-19,2373.277
2016-04-20,2353.759
2016-04-21,2330.999
2016-04-22,2335.584
2016-04-25,2355.324
2016-04-26,2365.606
2016-04-27,2357.365
2016-04-28,2359.537
2016-04-29,2350.702
2016-05-02,2368.124
2016-05-03,2359.383
2016-05-04,2368.148
2016-05-05,2367.988
2016-05-06,2373.771
2016-05-09,2390.394
2016-05-10,2396.256
2016-05-11,2362.989
2016-05-12,2362.439
2016-05-13,2340.959
2016-05-16,2354.873
2016-05-17,2341.836
2016-05-18,2317.368
2016-05-19,2287.253
2016-05-20,2306.368
2016-05-23,2304.607
2016-05-24,2320.669
2016-05-25,2326.377
2016-05-26,2333.177
2016-05-27,2340.09
2016-05-30,2340.593
2016-05-31,2340.553
2016-06-01,2341.275
2016-06-02,2343.158
2016-06-03,2369.339
2016-06-06,2366.461
2016-06-07,2382.024
2016-06-08,2395.126
2016-06-09,2394.716
2016-06-10,2372.814
2016-06-13,2358.059
2016-06-14,2337.316
2016-06-15,2353.462
2016-06-16,2344.17
2016-06-17,2353.446
2016-06-20,2384.266
2016-06-21,2396.226
2016-06-22,2393.44
2016-06-23,2407.663
2016-06-24,2337.588
2016-06-27,2318.984
2016-06-28,2363.565
2016-06-29,2406.109
2016-06-30,2430.911
2016-07-01,2437.776
2016-07-04,2444.81
2016-07-05,2443.107
2016-07-06,2425.524
2016-07-07,2417.837
2016-07-08,2440.304
2016-07-11,2468.543
2016-07-12,2477.893
2016-07-13,2490.343
2016-07-14,2484.676
2016-07-15,2479.154
2016-07-18,2486.227
2016-07-19,2491.307
2016-07-20,2502.96
2016-07-21,2510.95
2016-07-22,2515.915
2016-07-25,2519.249
2016-07-26,2518.905
2016-07-27,2505.23
2016-07-28,2527.87
2016-07-29,2553.105
2016-08-01,2559.099
2016-08-02,2535.282
2016-08-03,2506.605
2016-08-04,2514.288
2016-08-05,2517.815
2016-08-08,2530.261
2016-08-09,2542.998
2016-08-10,2546.45
2016-08-11,2529.373
2016-08-12,2539.209
2016-08-15,2541.524
2016-08-16,2519.517
2016-08-17,2520.299
2016-08-18,2527.947
2016-08-19,2514.187
2016-08-22,2521.289
2016-08-23,2529.785
2016-08-24,2513.503
2016-08-25,2519.478
2016-08-26,2504.821
2016-08-29,2506.654
2016-08-30,2501.258
2016-08-31,2498.672
2016-09-01,2500.597
2016-09-02,2512.563
2016-09-05,2523.249
2016-09-06,2546.558
2016-09-07,2553.186
2016-09-08,2538.808
2016-09-09,2468.226
2016-09-12,2464.125
2016-09-13,2423.863
2016-09-14,2425.204
2016-09-15,2428.734
2016-09-16,2424.744
2016-09-19,2448.644
2016-09-20,2450.205
2016-09-21,2470.136
2016-09-22,2511.023
2016-09-23,2510.156
2016-09-26,2509.132
2016-09-27,2500.785
2016-09-28,2509.778
2016-09-29,2489.12
2016-09-30,2479.876
2016-10-03,2456.098
2016-10-04,2428.519
2016-10-05,2385.802
2016-10-06,2375.523
2016-10-07,2367.448
2016-10-10,2373.661
2016-10-11,2344.7
2016-10-12,2349.4
2016-10-13,2363.987
2016-10-14,2361.357
2016-10-17,2357.017
2016-10-18,2380.812
2016-10-19,2389.18
2016-10-20,2387.692
2016-10-21,2378.458
2016-10-24,2388.113
2016-10-25,2385.14
2016-10-26,2363.772
2016-10-27,2322.859
2016-10-28,2318.998
2016-10-31,2346.525
2016-11-01,2320.781
2016-11-02,2303.515
2016-11-03,2295.187
2016-11-04,2296.952
2016-11-07,2309.62
2016-11-08,2321.265
2016-11-09,2280.529
2016-11-10,2250.765
2016-11-11,2246.792
2016-11-14,2255.412
2016-11-15,2249.779
2016-11-16,2239.517
2016-11-17,2238.697
2016-11-18,2231.572
2016-11-21,2231.354
2016-11-22,2254.593
2016-11-23,2247.744
2016-11-24,2250.347
2016-11-25,2259.031
2016-11-28,2272.156
2016-11-29,2284.898
2016-11-30,2275.514
2016-12-01,2248.604
2016-12-02,2263.028
2016-12-05,2269.061
2016-12-06,2285.964
2016-12-07,2319.807
2016-12-08,2328.685
2016-12-09,2329.136
2016-12-12,2330.998
2016-12-13,2337.451
2016-12-14,2306.929
2016-12-15,2264.498
2016-12-16,2287.277
2016-12-19,2303.171
2016-12-20,2304.398
2016-12-21,2290.908
2016-12-22,2286.534
2016-12-23,2290.182
2016-12-26,2291.573
2016-12-27,2294.167
2016-12-28,2284.92
2016-12-29,2310.538
2016-12-30,2336.726
2017-01-02,2338.667
2017-01-03,2334.958
2017-01-04,2364.557
2017-01-05,2383.396
2017-01-06,2385.319
2017-01-09,2369.745
2017-01-10,2363.967
2017-01-11,2346.501
2017-01-12,2362.786
2017-01-13,2358.524
2017-01-16,2352.616
2017-01-17,2366.84
2017-01-18,2372.798
2017-01-19,2344.425
2017-01-20,2353.439
2017-01-23,2373.243
2017-01-24,2374.17
2017-01-25,2364.956
2017-01-26,2363.894
2017-01-27,2353.183
2017-01-30,2344.479
2017-01-31,2361.946
2017-02-01,2346.183
2017-02-02,2360.392
2017-02-03,2372.583
2017-02-06,2366.845
2017-02-07,2368.269
2017-02-08,2392.687
2017-02-09,2396.06
2017-02-10,2407.022
2017-02-13,2404.297
2017-02-14,2396.293
2017-02-15,2398.484
2017-02-16,2411.729
2017-02-17,2410.891
2017-02-20,2412.984
2017-02-21,2426.505
2017-02-22,2428.553
2017-02-23,2445.233
2017-02-24,2447.5
2017-02-27,2450.172
2017-02-28,2440.052
2017-03-01,2430.084
2017-03-02,2418.464
2017-03-03,2407.502
2017-03-06,2405.017
2017-03-07,2398.207
2017-03-08,2373.553
2017-03-09,2348.941
2017-03-10,2348.236
2017-03-13,2358.939
2017-03-14,2353.322
2017-03-15,2382.255
2017-03-16,2405.349
2017-03-17,2410.552
2017-03-20,2407.813
2017-03-21,2408.057
2017-03-22,2400.336
2017-03-23,2415.451
2017-03-24,2416.475
2017-03-27,2399.327
2017-03-28,2409.03
2017-03-29,2412.938
2017-03-30,2411.692
2017-03-31,2416.153
2017-04-03,2420.016
2017-04-04,2423.009
2017-04-05,2429.442
2017-04-06,2440.656
2017-04-07,2444.525
2017-04-10,2451.576
2017-04-11,2467.674
2017-04-12,2474.383
2017-04-13,2477.45
2017-04-14,2477.152
2017-04-17,2500.929
2017-04-18,2500.105
2017-04-19,2489.967
2017-04-20,2491.644
2017-04-21,2480.833
2017-04-24,2471.334
2017-04-25,2485.45
2017-04-26,2472.308
2017-04-27,2466.635
2017-04-28,2447.024
2017-05-01,2457.711
2017-05-02,2464.679
2017-05-03,2445.623
2017-05-04,2432.861
2017-05-05,2442.567
2017-05-08,2442.502
2017-05-09,2436.003
2017-05-10,2446.227
2017-05-11,2441.046
2017-05-12,2435.576
2017-05-15,2445.112
2017-05-16,2439.428
2017-05-17,2446.206
2017-05-18,2443.032
2017-05-19,2455.448
2017-05-22,2467.178
2017-05-23,2465.862
2017-05-24,2479.147
2017-05-25,2485.939
2017-05-26,2478.2
2017-05-29,2482.466
2017-05-30,2475.769
2017-05-31,2481.33
2017-06-01,2495.933
2017-06-02,2519.306
2017-06-05,2515.87
2017-06-06,2515.364
2017-06-07,2527.979
2017-06-08,2516.57
2017-06-09,2519.922
2017-06-12,2528.524
2017-06-13,2542.798
2017-06-14,2553.759
2017-06-15,2545.103
2017-06-16,2545.984
2017-06-19,2546.09
2017-06-20,2529.377
2017-06-21,2518.803
2017-06-22,2516.569
2017-06-23,2526.621
2017-06-26,2536.597
2017-06-27,2521.207
2017-06-28,2521.006
2017-06-29,2513.135
2017-06-30,2505.695
2017-07-03,2520.531
2017-07-04,2518.706
2017-07-05,2495.274
2017-07-06,2472.763
2017-07-07,2472.515
2017-07-10,2462.858
2017-07-11,2457.514
2017-07-12,2478.424
2017-07-13,2490.296
2017-07-14,2518.824
2017-07-17,2530.804
2017-07-18,2535.385
2017-07-19,2550.964
2017-07-20,2552.012
2017-07-21,2551.328
2017-07-24,2548.667
2017-07-25,2549.384
2017-07-26,2559.351
2017-07-27,2576.321
2017-07-28,2572.459
2017-07-31,2573.176
2017-08-01,2584.897
2017-08-02,2572.956
2017-08-03,2571.494
2017-08-04,2573.126
2017-08-07,2570.959
2017-08-08,2563.086
2017-08-09,2561.822
2017-08-10,2546.926
2017-08-11,2526.759
2017-08-14,2555.016
2017-08-15,2544.308
2017-08-16,2553.352
2017-08-17,2548.532
2017-08-18,2530.768
2017-08-21,2551.421
2017-08-22,2550.319
2017-08-23,2560.993
2017-08-24,2556.696
2017-08-25,2561.481
2017-08-28,2556.921
2017-08-29,2556.602
2017-08-30,2566.031
2017-08-31,2581.846
2017-09-01,2586.281
2017-09-04,2584.072
2017-09-05,2584.788
2017-09-06,2590.463
2017-09-07,2612.047
2017-09-08,2619.552
2017-09-11,2634.294
2017-09-12,2616.71
2017-09-13,2611.007
2017-09-14,2623.291
2017-09-15,2636.823
2017-09-18,2635.28
2017-09-19,2624.64
2017-09-20,2624.46
2017-09-21,2611.742
2017-09-22,2602.586
2017-09-25,2589.073
2017-09-26,2585.699
2017-09-27,2573.117
2017-09-28,2578.391
2017-09-29,2589.922
2017-10-02,2585.021
2017-10-03,2594.934
2017-10-04,2606.847
2017-10-05,2608.236
2017-10-06,2602.307
2017-10-09,2602.158
2017-10-10,2615.983
2017-10-11,2615.158
2017-10-12,2630.107
2017-10-13,2636.631
2017-10-16,2633.683
2017-10-17,2630.186
2017-10-18,2635.623
2017-10-19,2625.701
2017-10-20,2614.398
2017-10-23,2601.585
2017-10-24,2591.798
2017-10-25,2584.526
2017-10-26,2572.418
2017-10-27,2572.75
2017-10-30,2573.345
2017-10-31,2579.022
2017-11-01,2585.181
2017-11-02,2599.044
2017-11-03,2596.297
2017-11-06,2597.107
2017-11-07,2618.814
2017-11-08,2628.969
2017-11-09,2633.223
2017-11-10,2635.821
2017-11-13,2632.634
2017-11-14,2629.851
2017-11-15,2611.643
2017-11-16,2629.562
2017-11-17,2626.469
2017-11-20,2620.5
2017-11-21,2637.891
2017-11-22,2640.584
2017-11-23,2643.708
2017-11-24,2650.151
2017-11-27,2639.794
2017-11-28,2630.864
2017-11-29,2632.821
2017-11-30,2639.434
2017-12-01,2638.25
2017-12-04,2635.485
2017-12-05,2626.458
2017-12-06,2615.596
2017-12-07,2615.533
2017-12-08,2631.187
2017-12-11,2633.223
2017-12-12,2640.869
2017-12-13,2651.112
2017-12-14,2658.316
2017-12-15,2660.309
2017-12-18,2683.586
2017-12-19,2651.726
2017-12-20,2631.839
2017-12-21,2625.263
2017-12-22,2636.834
2017-12-25,2637.625
2017-12-26,2646.075
2017-12-27,2664.165
2017-12-28,2682.945
2017-12-29,2687.537
2018-01-02,2695.606
2018-01-03,2697.953
2018-01-04,2680.202
2018-01-05,2695.239
2018-01-08,2709.177
2018-01-09,2697.84
2018-01-10,2681.878
2018-01-11,2672.548
2018-01-12,2666.841
2018-01-15,2671.107
2018-01-16,2679.121
2018-01-17,2690.291
2018-01-18,2670.994
2018-01-19,2687.725
2018-01-22,2707.746
2018-01-23,2738.901
2018-01-24,2741.364
2018-01-25,2741.137
2018-01-26,2744.932
2018-01-29,2713.905
2018-01-30,2695.505
2018-01-31,2722.966
2018-02-01,2688.226
2018-02-02,2660.391
2018-02-05,2596.286
2018-02-06,2549.305
2018-02-07,2545.14
2018-02-08,2504.608
2018-02-09,2511.695
2018-02-12,2516.471
2018-02-13,2533.179
2018-02-14,2536.212
2018-02-15,2566.225
2018-02-16,2584.291
2018-02-19,2586.294
2018-02-20,2566.451
2018-02-21,2547.243
2018-02-22,2549.359
2018-02-23,2583.341
2018-02-26,2593.363
2018-02-27,2549.675
2018-02-28,2538.012
2018-03-01,2539.182
2018-03-02,2537.383
2018-03-05,2544.002
2018-03-06,2558.26
2018-03-07,2567.006
2018-03-08,2578.986
2018-03-09,2587.285
2018-03-12,2600.71
2018-03-13,2600.283
2018-03-14,2601.087
2018-03-15,2604.243
2018-03-16,2609.887
2018-03-19,2601.838
2018-03-20,2592.779
2018-03-21,2585.837
2018-03-22,2579.024
2018-03-23,2540.719
2018-03-26,2552.967
2018-03-27,2569.624
2018-03-28,2591.298
2018-03-29,2595.891
2018-03-30,2597.598
2018-04-02,2581.227
2018-04-03,2587.426
2018-04-04,2598.412
2018-04-05,2600.647
2018-04-06,2598.313
2018-04-09,2603.291
2018-04-10,2619.535
2018-04-11,2619.264
2018-04-12,2602.683
2018-04-13,2611.963
2018-04-16,2610.166
2018-04-17,2620.556
2018-04-18,2627.878
2018-04-19,2611.254
2018-04-20,2588.792
2018-04-23,2575.058
2018-04-24,2588.09
2018-04-25,2579.433
2018-04-26,2598.633
2018-04-27,2634.505
2018-04-30,2642.812
2018-05-01,2649.428
2018-05-02,2637.87
2018-05-03,2633.436
2018-05-04,2641.111
2018-05-07,2655.531
2018-05-08,2651.855
2018-05-09,2663.762
2018-05-10,2676.257
2018-05-11,2683.684
2018-05-14,2684.313
2018-05-15,2644.885
2018-05-16,2633.674
2018-05-17,2622.592
2018-05-18,2626.072
2018-05-21,2639.588
2018-05-22,2647.72
2018-05-23,2651.322
2018-05-24,2654.926
2018-05-25,2658.313
2018-05-28,2658.515
2018-05-29,2651.892
2018-05-30,2666.999
2018-05-31,2671.116
2018-06-01,2673.21
2018-06-04,2707.353
2018-06-05,2702.59
2018-06-06,2714.45
2018-06-07,2712.382
2018-06-08,2708.83
2018-06-11,2705.949
2018-06-12,2712.551
2018-06-13,2688.24
2018-06-14,2690.339
2018-06-15,2687.298
2018-06-18,2681.728
2018-06-19,2660.029
2018-06-20,2683.781
2018-06-21,2686.443
2018-06-22,2703.2
2018-06-25,2686.836
2018-06-26,2686.327
2018-06-27,2663.212
2018-06-28,2667.089
2018-06-29,2687.239
2018-07-02,2669.321
2018-07-03,2685.332
2018-07-04,2682.895
2018-07-05,2698.988
2018-07-06,2711.954
2018-07-09,2712.884
2018-07-10,2711.999
2018-07-11,2696.605
2018-07-12,2700.956
2018-07-13,2701.065
2018-07-16,2691.455
2018-07-17,2676.089
2018-07-18,2672.81
2018-07-19,2678.73
2018-07-20,2678.881
2018-07-23,2676.469
2018-07-24,2680.397
2018-07-25,2696.332
2018-07-26,2699.706
2018-07-27,2689.17
2018-07-30,2690.351
2018-07-31,2710.097
2018-08-01,2705.454
2018-08-02,2690.336
2018-08-03,2706.732
2018-08-06,2701.533
2018-08-07,2714.374
2018-08-08,2707.517
2018-08-09,2707.865
2018-08-10,2684.582
2018-08-13,2669.132
2018-08-14,2674.146
2018-08-15,2672.596
2018-08-16,2692.347
2018-08-17,2709.559
2018-08-20,2720.433
2018-08-21,2719.38
2018-08-22,2717.33
2018-08-23,2709.008
2018-08-24,2717.094
2018-08-27,2729.136
2018-08-28,2749.874
2018-08-29,2749.42
2018-08-30,2733.5
2018-08-31,2730.414
2018-09-03,2715.949
2018-09-04,2698.489
2018-09-05,2694.524
2018-09-06,2694.842
2018-09-07,2677.987
2018-09-10,2676.355
2018-09-11,2675.715
2018-09-12,2681.949
2018-09-13,2698.597
2018-09-14,2693.181
2018-09-17,2699.098
2018-09-18,2699.339
2018-09-19,2684.983
2018-09-20,2700.152
2018-09-21,2707.801
2018-09-24,2672.529
2018-09-25,2671.33
2018-09-26,2660.042
2018-09-27,2657.866
2018-09-28,2666.229
2018-10-01,2650.401
2018-10-02,2630.683
2018-10-03,2617.548
2018-10-04,2583.918
2018-10-05,2578.917
2018-10-08,2592.492
2018-10-09,2605.46
2018-10-10,2581.412
2018-10-11,2523.012
2018-10-12,2519.034
2018-10-15,2517.635
2018-10-16,2556.723
2018-10-17,2565.705
2018-10-18,2563.104
2018-10-19,2572.557
2018-10-22,2559.016
2018-10-23,2543.944
2018-10-24,2554.321
2018-10-25,2571.185
2018-10-26,2550.646
2018-10-29,2566.852
2018-10-30,2576.244
2018-10-31,2559.835
2018-11-01,2584.912
2018-11-02,2576.915
2018-11-05,2587.95
2018-11-06,2605.356
2018-11-07,2636.257
2018-11-08,2641.632
2018-11-09,2632.074
2018-11-12,2628.078
2018-11-13,2631.286
2018-11-14,2629.681
2018-11-15,2619.313
2018-11-16,2638.784
2018-11-19,2648.854
2018-11-20,2625.226
2018-11-21,2631.871
2018-11-22,2632.761
2018-11-23,2629.381
2018-11-26,2638.613
2018-11-27,2641.135
2018-11-28,2661.417
2018-11-29,2665.148
2018-11-30,2669.61
2018-12-03,2689.009
2018-12-04,2665.56
2018-12-05,2662.067
2018-12-06,2690.198
2018-12-07,2685.761
2018-12-10,2650.158
2018-12-11,2649.424
2018-12-12,2646.396
2018-12-13,2658.12
2018-12-14,2651.369
2018-12-17,2600.887
2018-12-18,2601.82
2018-12-19,2594.306
2018-12-20,2569.399
2018-12-21,2539.542
2018-12-24,2486.755
2018-12-25,2480.719
2018-12-26,2522.096
2018-12-27,2515.882
2018-12-28,2528.389
2018-12-31,2538.445
2019-01-02,2493.788
2019-01-03,2512.16
2019-01-04,2543.36
2019-01-07,2571.379
2019-01-08,2606.314
2019-01-09,2616.874
2019-01-10,2637.007
2019-01-11,2653.383
2019-01-14,2644.455
2019-01-15,2662.157
2019-01-16,2675.578
2019-01-17,2674.315
2019-01-18,2691.134
2019-01-21,2689.845
2019-01-22,2682.976
2019-01-23,2689.499
2019-01-24,2695.625
2019-01-25,2731.654
2019-01-28,2750.055
2019-01-29,2772.323
2019-01-30,2791.766
2019-01-31,2814.305
2019-02-01,2797.602
2019-02-04,2811.256
2019-02-05,2818.566
2019-02-06,2811.826
2019-02-07,2820.821
2019-02-08,2816.883
2019-02-11,2818.323
2019-02-12,2801.171
2019-02-13,2808.169
2019-02-14,2806.219
2019-02-15,2809.874
2019-02-18,2817.519
2019-02-19,2822.702
2019-02-20,2816.19
2019-02-21,2820.349
2019-02-22,2833.58
2019-02-25,2824.226
2019-02-26,2819.774
2019-02-27,2811.434
2019-02-28,2804.297
2019-03-01,2798.315
2019-03-04,2808.233
2019-03-05,2814.938
2019-03-06,2809.107
2019-03-07,2805.636
2019-03-08,2798.557
2019-03-11,2822.457
2019-03-12,2844.442
2019-03-13,2854.383
2019-03-14,2859.443
2019-03-15,2859.678
2019-03-18,2865.745
2019-03-19,2866.053
2019-03-20,2869.521
2019-03-21,2894.417
2019-03-22,2889.239
2019-03-25,2882.868
2019-03-26,2906.274
2019-03-27,2909.057
2019-03-28,2918.842
2019-03-29,2918.648
2019-04-01,2932.127
